http://example.org/Proverbs	http://example.org/label	Proverbs
http://dbpedia.org/resource/Elizabeth_Bennet	http://example.org/contains_relation	http://example.org/is
http://example.org/eschew	http://example.org/nsubj	http://example.org/systems
http://example.org/Voyage	http://example.org/ROOT	http://example.org/Voyage
http://example.org/win	http://example.org/dobj	http://example.org/share
http://example.org/of	http://example.org/pobj	http://example.org/Hobbit
http://dbpedia.org/resource/To_Kill_a_Mockingbird	http://example.org/contains_relation	http://example.org/Atticus
http://example.org/to	http://example.org/pobj	http://example.org/sense
http://dbpedia.org/resource/J._R._R._Tolkien	http://example.org/contains_relation	http://example.org/Author
http://example.org/they	http://example.org/known_as	http://example.org/Chronicles
http://dbpedia.org/resource/George_Orwell	http://dbpedia.org/property/direction	http://example.org/vertical
http://example.org/began	http://example.org/nsubj	http://example.org/Stalinization
http://example.org/in	http://example.org/pobj	http://example.org/novels
http://dbpedia.org/resource/Wizardry	http://dbpedia.org/property/spinoffs	http://example.org/Wizardry_Online
http://dbpedia.org/resource/The_Hobbit	http://xmlns.com/foaf/0.1/name	http://example.org/There_and_Back_Again
http://example.org/Journalist	http://example.org/label	Journalist
http://example.org/remains	http://example.org/nsubj	http://example.org/book
http://dbpedia.org/resource/Hermione_Granger	http://example.org/contains_relation	http://example.org/recall
http://dbpedia.org/resource/The_Two_Towers	http://example.org/contains_relation	http://example.org/11987
http://dbpedia.org/resource/Stalinism	http://example.org/contains_relation	http://example.org/expertise
http://dbpedia.org/resource/Nazi_Germany	http://example.org/contains_relation	http://example.org/800%E2%80%931806
http://example.org/on	http://example.org/pobj	http://example.org/Michel
http://dbpedia.org/resource/Pauline_Baynes	http://example.org/contains_relation	http://example.org/Dockenfield%2C_Surrey%2C_England
http://example.org/as	http://example.org/pobj	http://example.org/student
http://dbpedia.org/resource/Samwise_Gamgee	http://example.org/contains_relation	http://example.org/one_year
http://dbpedia.org/resource/Pauline_Baynes	http://dbpedia.org/property/field	http://example.org/Illustration%2C_mainly_children%27s_books
http://example.org/The_Hunger_Games_%28The_Hunger_Games%2C_%231%29	http://example.org/contains_relation	http://example.org/she
http://dbpedia.org/resource/Hermione_Granger	http://example.org/contains_relation	http://example.org/as
http://example.org/in	http://example.org/pobj	http://example.org/Proverbs
http://dbpedia.org/resource/Animal_Farm	http://example.org/contains_relation	http://example.org/English
http://example.org/The_Chronicles_of_Narnia_%28The_Chronicles_of_Narnia%2C_%231-7%29	http://example.org/contains_relation	http://example.org/they
http://dbpedia.org/resource/The_Hobbit	http://dbpedia.org/property/country	http://example.org/United_Kingdom
http://example.org/beasts	http://example.org/conj	http://example.org/animals
http://example.org/at	http://example.org/pobj	http://example.org/costs
http://example.org/works	http://example.org/dobj	http://example.org/Hobbit
http://example.org/as	http://example.org/pobj	http://example.org/protagonist
http://example.org/the_Mad_Overlord	http://example.org/label	the Mad Overlord
http://dbpedia.org/resource/The_Hunger_Games	http://example.org/contains_relation	http://example.org/13
http://dbpedia.org/resource/The_Chronicles_of_Narnia	http://dbpedia.org/property/books	http://example.org/The_Magician%27s_Nephew
http://dbpedia.org/resource/The_Hunger_Games	http://example.org/contains_relation	http://example.org/featuring
http://dbpedia.org/resource/Elizabeth_Bennet	http://dbpedia.org/property/relatives	http://example.org/Charles_Bingley
http://dbpedia.org/resource/Gandalf	http://dbpedia.org/property/weapon	http://example.org/Glamdring
http://example.org/subjected	http://example.org/nsubjpass	http://example.org/district
http://dbpedia.org/resource/Harry_Potter	http://example.org/contains_relation	http://example.org/Harry_Potter
http://example.org/from	http://example.org/pobj	http://example.org/years
http://dbpedia.org/resource/Stalinism	http://example.org/contains_relation	http://example.org/took
http://example.org/on	http://example.org/pobj	http://example.org/merits
http://dbpedia.org/resource/Pauline_Baynes	http://dbpedia.org/property/deathDate	http://example.org/2008-08-01
http://example.org/It	http://example.org/is	http://example.org/Handbook
http://example.org/Germanic	http://example.org/label	Germanic
http://dbpedia.org/resource/Jane_Austen	http://example.org/contains_relation	http://example.org/in
http://dbpedia.org/resource/Regency_era	http://example.org/contains_relation	http://example.org/refinement
http://dbpedia.org/resource/Suzanne_Collins	http://example.org/contains_relation	http://example.org/American
http://dbpedia.org/resource/Animal_Farm	http://example.org/contains_relation	http://example.org/March_2010
http://example.org/by	http://example.org/pobj	http://example.org/Act
http://example.org/put	http://example.org/dobj	http://example.org/grain
http://example.org/span	http://example.org/dobj	http://example.org/history
http://example.org/of	http://example.org/pobj	http://example.org/railways
http://dbpedia.org/resource/Wizardry	http://example.org/contains_relation	http://example.org/Proving
http://example.org/of	http://example.org/pobj	http://example.org/States
http://dbpedia.org/resource/Elizabeth_Bennet	http://example.org/contains_relation	http://example.org/of
http://dbpedia.org/resource/Harper_Lee	http://example.org/contains_relation	http://example.org/first
http://dbpedia.org/resource/Smaug	http://example.org/contains_relation	http://example.org/guessed
http://dbpedia.org/resource/Stalinism	http://example.org/contains_relation	http://example.org/emphasized
http://example.org/by	http://example.org/pobj	http://example.org/series
http://example.org/in	http://example.org/pobj	http://example.org/restroom
http://dbpedia.org/resource/Pride	http://example.org/contains_relation	http://example.org/sin
http://dbpedia.org/resource/Samwise_Gamgee	http://www.w3.org/2000/01/rdf-schema#label	http://example.org/Samwise_Gamgee
http://example.org/find	http://example.org/dobj	http://example.org/area
http://dbpedia.org/resource/Elizabeth_Bennet	http://example.org/contains_relation	http://example.org/Catherine_%22Kitty%22_Bennet
http://example.org/Harry_Potter_and_the_Order_of_the_Phoenix_%28Harry_Potter%2C_%235%29	http://www.w3.org/1999/02/22-rdf-syntax-ns#type	http://example.org/Book
http://example.org/as	http://example.org/pobj	http://example.org/Aristotle
http://example.org/through	http://example.org/pobj	http://example.org/journeying
http://example.org/-group/wizardry-games	http://example.org/label	-group/wizardry-games
http://example.org/the_Thousand-Year_Reich	http://example.org/label	the Thousand-Year Reich
http://example.org/of	http://example.org/pobj	http://example.org/cup
http://dbpedia.org/resource/Stalinism	http://example.org/contains_relation	http://example.org/Joseph_Stalin
http://example.org/one	http://example.org/label	one
http://dbpedia.org/resource/Elizabeth_Bennet	http://dbpedia.org/property/relatives	http://example.org/Charlotte_Lucas_Collins
http://example.org/The_Book_Thief	http://example.org/contains_relation	http://example.org/It
http://dbpedia.org/resource/Stalinism	http://example.org/contains_relation	http://example.org/100
http://example.org/of	http://example.org/pobj	http://example.org/King
http://dbpedia.org/resource/The_Two_Towers	http://example.org/contains_relation	http://example.org/J._R._R._Tolkien%27s
http://dbpedia.org/resource/Hermione_Granger	http://example.org/contains_relation	http://example.org/novel
http://dbpedia.org/resource/The_Two_Towers	http://example.org/contains_relation	http://example.org/second
http://example.org/of	http://example.org/pobj	http://example.org/Songbirds
http://example.org/Thain%2C_Mayor	http://example.org/label	Thain, Mayor
http://dbpedia.org/resource/Regency_era	http://example.org/contains_relation	http://example.org/war
http://dbpedia.org/resource/The_Hobbit	http://example.org/contains_relation	http://example.org/are
http://example.org/1122710668	http://example.org/label	1122710668
http://dbpedia.org/resource/Elizabeth_Bennet	http://example.org/contains_relation	http://example.org/Eliza
http://dbpedia.org/resource/Samwise_Gamgee	http://dbpedia.org/ontology/wikiPageLength	http://example.org/21084
http://dbpedia.org/resource/The_Shire	http://example.org/contains_relation	http://example.org/became
http://dbpedia.org/resource/Frodo_Baggins	http://example.org/contains_relation	http://example.org/On
http://example.org/reviving	http://example.org/dobj	http://example.org/players
http://dbpedia.org/resource/Jane_Austen	http://www.w3.org/2000/01/rdf-schema#label	http://example.org/Jane_Austen
http://example.org/dimmer	http://example.org/appos	http://example.org/twilight
http://example.org/of	http://example.org/pobj	http://example.org/novel
http://dbpedia.org/resource/The_Chronicles_of_Narnia	http://example.org/contains_relation	http://example.org/Narnia
http://dbpedia.org/resource/Gandalf	http://example.org/contains_relation	http://example.org/Ud%C3%BBn
http://example.org/Juvenile_fantasy	http://example.org/label	Juvenile fantasy
http://example.org/Francis	http://example.org/ROOT	http://example.org/Francis
http://example.org/halted	http://example.org/nsubj	http://example.org/enemy
http://example.org/dissidents	http://example.org/conj	http://example.org/nationalists
http://dbpedia.org/resource/Harper_Lee	http://dbpedia.org/property/type	http://example.org/author
http://example.org/Matamata	http://example.org/label	Matamata
http://example.org/became	http://example.org/nsubj	http://example.org/which
http://example.org/1962-08-10	http://example.org/label	1962-08-10
http://dbpedia.org/resource/Animal_Farm	http://example.org/contains_relation	http://example.org/against
http://dbpedia.org/resource/Hogwarts	http://example.org/contains_relation	http://example.org/57074
http://dbpedia.org/resource/Harper_Lee	http://dbpedia.org/property/genre	http://example.org/Literature
http://dbpedia.org/resource/Bilbo_Baggins	http://example.org/contains_relation	http://example.org/appears
http://example.org/is	http://example.org/attr	http://example.org/volume
http://example.org/of	http://example.org/pobj	http://example.org/street
http://example.org/2016-02-19	http://example.org/label	2016-02-19
http://example.org/Shelley	http://example.org/conj	http://example.org/Shelley
http://example.org/friends	http://example.org/appos	http://example.org/Granger
http://dbpedia.org/resource/George_Orwell	http://example.org/contains_relation	http://example.org/1903-06-25
http://dbpedia.org/resource/Harper_Lee	http://www.w3.org/1999/02/22-rdf-syntax-ns#type	http://example.org/Entity
http://dbpedia.org/resource/The_Two_Towers	http://example.org/contains_relation	http://example.org/First_edition%2C_with_Tolkien%27s_artwork
http://dbpedia.org/resource/John_Green	http://dbpedia.org/property/align	http://example.org/left
http://dbpedia.org/resource/Frodo_Baggins	http://example.org/contains_relation	http://example.org/inherits
http://dbpedia.org/resource/The_Hunger_Games	http://example.org/contains_relation	http://example.org/They
http://dbpedia.org/resource/Gandalf	http://example.org/contains_relation	http://example.org/walk
http://example.org/of	http://example.org/pobj	http://example.org/Dwarves
http://example.org/the_end_of_the_Third_Age	http://example.org/label	the end of the Third Age
http://example.org/identified	http://example.org/nsubjpass	http://example.org/him
http://example.org/as	http://example.org/pobj	http://example.org/pride
http://dbpedia.org/resource/Smaug	http://dbpedia.org/property/data	http://example.org/The_Hobbit
http://example.org/the_Corn_Laws	http://example.org/label	the Corn Laws
http://example.org/until	http://example.org/pobj	http://example.org/death
http://example.org/is	http://example.org/nsubj	http://example.org/armour
http://example.org/logo	http://example.org/ROOT	http://example.org/logo
http://example.org/pierce	http://example.org/dobj	http://example.org/me
http://example.org/of	http://example.org/pobj	http://example.org/distinctions
http://dbpedia.org/resource/Character_class	http://example.org/contains_relation	http://example.org/represent
http://example.org/Proving	http://example.org/dobj	http://example.org/Grounds
http://dbpedia.org/resource/The_Hunger_Games	http://example.org/contains_relation	http://example.org/following
http://example.org/marked	http://example.org/nsubjpass	http://example.org/time
http://dbpedia.org/resource/Twilight	http://example.org/contains_relation	http://example.org/approaching
http://dbpedia.org/resource/Samwise_Gamgee	http://example.org/contains_relation	http://example.org/companion
http://dbpedia.org/resource/To_Kill_a_Mockingbird	http://dbpedia.org/property/float	http://example.org/right
http://dbpedia.org/resource/The_Hobbit	http://example.org/contains_relation	http://example.org/told
http://dbpedia.org/resource/Academy_Awards	http://dbpedia.org/property/ongoing	http://example.org/no
http://dbpedia.org/resource/Regency_era	http://example.org/contains_relation	http://example.org/were
http://dbpedia.org/resource/The_Hobbit	http://example.org/contains_relation	http://example.org/characters
http://dbpedia.org/resource/Animal_Farm	http://example.org/contains_relation	http://example.org/betrayed
http://example.org/Narnia	http://example.org/appos	http://example.org/world
http://example.org/346	http://example.org/label	346
http://dbpedia.org/resource/George_Orwell	http://example.org/contains_relation	http://example.org/right
http://dbpedia.org/resource/Academy_Awards	http://dbpedia.org/property/image	http://example.org/KennethBranaghApr2011.jpg
http://example.org/Georgiana_Darcy	http://example.org/label	Georgiana Darcy
http://dbpedia.org/resource/Regency_era	http://example.org/contains_relation	http://example.org/increasing
http://example.org/Thorin	http://example.org/conj	http://example.org/party
http://example.org/in	http://example.org/pobj	http://example.org/understanding
http://example.org/of	http://example.org/pobj	http://example.org/accomplishment
http://example.org/proposes	http://example.org/nsubj	http://example.org/who
http://dbpedia.org/resource/The_Shire	http://example.org/contains_relation	http://example.org/Shire
http://dbpedia.org/resource/Harry_Potter	http://dbpedia.org/property/books	http://example.org/Half-Blood_Prince
http://dbpedia.org/resource/Gondor	http://example.org/contains_relation	http://example.org/Location_of_Gondor_3019_TA.svg
http://example.org/change	http://example.org/dobj	http://example.org/class
http://dbpedia.org/resource/The_Hunger_Games	http://example.org/contains_relation	http://example.org/from
http://example.org/%22Alabama%22	http://example.org/label	"Alabama"
http://dbpedia.org/resource/Alabama	http://example.org/contains_relation	http://example.org/Coat
http://example.org/%E2%80%94Lee_Smith	http://example.org/label	—Lee Smith
http://dbpedia.org/resource/Gandalf	http://example.org/contains_relation	http://example.org/J._R._R._Tolkien%27s
http://example.org/by	http://example.org/pobj	http://example.org/success
http://dbpedia.org/resource/Bilbo_Baggins	http://example.org/contains_relation	http://example.org/Dwarves_and_Elves
http://example.org/encompasses	http://example.org/dobj	http://example.org/adaptations
http://example.org/Gamgee	http://example.org/conj	http://example.org/Brandybuck
http://example.org/more_than_19_million	http://example.org/label	more than 19 million
http://example.org/41118	http://example.org/label	41118
http://example.org/have	http://example.org/nsubj	http://example.org/books
http://dbpedia.org/resource/Academy_Awards	http://example.org/contains_relation	http://example.org/no
http://dbpedia.org/resource/Pauline_Baynes	http://dbpedia.org/ontology/wikiPageID	http://example.org/417741
http://dbpedia.org/resource/Smaug	http://example.org/contains_relation	http://example.org/dragon
http://dbpedia.org/resource/The_Hunger_Games	http://example.org/contains_relation	http://example.org/In
http://dbpedia.org/resource/Hogwarts	http://dbpedia.org/ontology/wikiPageID	http://example.org/45324
http://dbpedia.org/resource/Samwise_Gamgee	http://example.org/contains_relation	http://example.org/blamed
http://example.org/July_2021	http://example.org/label	July 2021
http://dbpedia.org/resource/Bilbo_Baggins	http://www.w3.org/2000/01/rdf-schema#label	http://example.org/Bilbo_Baggins
http://dbpedia.org/resource/Markus_Zusak	http://example.org/contains_relation	http://example.org/Austrian
http://dbpedia.org/resource/Regency_era	http://example.org/contains_relation	http://example.org/Victorian
http://example.org/were	http://example.org/attr	http://example.org/Purge
http://example.org/category%3AAnimal_Farm	http://example.org/label	category:Animal Farm
http://dbpedia.org/resource/Hogwarts	http://example.org/contains_relation	http://example.org/Fantastic_Beasts
http://example.org/with	http://example.org/pobj	http://example.org/healing
http://dbpedia.org/resource/Pride	http://example.org/contains_relation	http://example.org/yes
http://example.org/is	http://example.org/conj	http://example.org/class
http://example.org/reaches	http://example.org/dobj	http://example.org/%C2%B0
http://example.org/Zusak	http://example.org/given	http://example.org/one
http://example.org/Narnian	http://example.org/label	Narnian
http://example.org/in	http://example.org/pobj	http://example.org/Hemisphere
http://dbpedia.org/resource/Pride	http://example.org/contains_relation	http://example.org/having
http://dbpedia.org/resource/To_Kill_a_Mockingbird	http://example.org/contains_relation	http://example.org/published
http://example.org/of	http://example.org/pobj	http://example.org/covering
http://example.org/combines	http://example.org/nsubj	http://example.org/he
http://dbpedia.org/resource/Harper_Lee	http://example.org/contains_relation	http://example.org/near
http://dbpedia.org/resource/To_Kill_a_Mockingbird	http://example.org/contains_relation	http://example.org/delineates
http://example.org/character	http://example.org/conj	http://example.org/protagonist
http://example.org/Austen	http://example.org/called	http://example.org/work
http://example.org/John_Ronald_Reuel_Tolkien	http://example.org/label	John Ronald Reuel Tolkien
http://dbpedia.org/resource/Twilight	http://example.org/contains_relation	http://example.org/in
http://example.org/for	http://example.org/pobj	http://example.org/Turtles
http://example.org/RPG	http://example.org/label	RPG
http://dbpedia.org/resource/Nazi_Germany	http://example.org/contains_relation	http://example.org/1945
http://dbpedia.org/resource/Stalinism	http://dbpedia.org/property/image	http://example.org/Execute_346_Politburo_passes.jpg
http://example.org/of	http://example.org/pobj	http://example.org/State
http://example.org/of	http://example.org/pobj	http://example.org/Ring
http://example.org/Fr%C3%B3da	http://example.org/label	Fróda
http://example.org/in	http://example.org/pobj	http://example.org/1950s
http://dbpedia.org/resource/Harry_Potter	http://example.org/contains_relation	http://example.org/Deathly_Hallows
http://dbpedia.org/resource/The_Chronicles_of_Narnia	http://example.org/contains_relation	http://example.org/Children%27s_literature
http://dbpedia.org/resource/Regency_era	http://example.org/contains_relation	http://example.org/to
http://dbpedia.org/resource/Harper_Lee	http://example.org/contains_relation	http://example.org/Dill_Harris
http://dbpedia.org/resource/Pride	http://example.org/contains_relation	http://example.org/as
http://example.org/of	http://example.org/pobj	http://example.org/America
http://example.org/in	http://example.org/pobj	http://example.org/twilight
http://example.org/Orwell%27s_press_card_portrait%2C_1943	http://example.org/label	Orwell's press card portrait, 1943
http://example.org/Troy_kotsur_2022_1.jpg	http://example.org/label	Troy kotsur 2022 1.jpg
http://dbpedia.org/resource/Stalinism	http://example.org/contains_relation	http://example.org/Dekulakization
http://dbpedia.org/resource/Legolas	http://dbpedia.org/ontology/wikiPageLength	http://example.org/15698
http://dbpedia.org/resource/Animal_Farm	http://www.w3.org/1999/02/22-rdf-syntax-ns#type	http://example.org/Entity
http://example.org/19th-century	http://example.org/label	19th-century
http://dbpedia.org/resource/The_Shire	http://dbpedia.org/property/source	http://example.org/J._R._R._Tolkien%27s_Middle-earth
http://dbpedia.org/resource/Hogwarts	http://example.org/contains_relation	http://example.org/Selective_school
http://example.org/J._R._R._Tolkien%27s_legendarium	http://example.org/label	J. R. R. Tolkien's legendarium
http://example.org/was	http://example.org/attr	http://example.org/novelist
http://example.org/successor	http://example.org/appos	http://example.org/Lord
http://dbpedia.org/resource/Stalinism	http://example.org/contains_relation	http://example.org/executions
http://example.org/Monroeville	http://example.org/appos	http://example.org/Alabama
http://example.org/signature	http://example.org/nsubj	http://example.org/Austen
http://example.org/by	http://example.org/pobj	http://example.org/Austen
http://example.org/of	http://example.org/pobj	http://example.org/Merit
http://dbpedia.org/resource/Gondor	http://dbpedia.org/property/name	http://example.org/Gondor
http://dbpedia.org/resource/Young_adult_fiction	http://example.org/contains_relation	http://example.org/Young_adult_fiction
http://dbpedia.org/resource/Animal_Farm	http://example.org/contains_relation	http://example.org/no
http://dbpedia.org/resource/Augustus	http://example.org/contains_relation	http://example.org/Porta
http://example.org/Nimloth_the_fair	http://example.org/label	Nimloth the fair
http://dbpedia.org/resource/Smaug	http://example.org/contains_relation	http://example.org/Smaug
http://example.org/presume	http://example.org/dobj	http://example.org/what
http://example.org/consider	http://example.org/dobj	http://example.org/pride
http://dbpedia.org/resource/Harper_Lee	http://example.org/contains_relation	http://example.org/received
http://dbpedia.org/resource/Pride	http://example.org/contains_relation	http://example.org/idolatry
http://example.org/6	http://example.org/label	6
http://example.org/of	http://example.org/pobj	http://example.org/Arnor
http://example.org/including	http://example.org/pobj	http://example.org/dragon
http://dbpedia.org/resource/The_Hunger_Games	http://dbpedia.org/ontology/wikiPageRevisionID	http://example.org/1116765436
http://example.org/am	http://example.org/conj	http://example.org/Thief
http://dbpedia.org/resource/George_Orwell	http://example.org/contains_relation	http://example.org/George_Orwell
http://example.org/are	http://example.org/nsubj	http://example.org/all
http://example.org/NPR	http://example.org/ROOT	http://example.org/NPR
http://dbpedia.org/resource/Stalinism	http://example.org/contains_relation	http://example.org/Stalinist
http://example.org/sold	http://example.org/nsubjpass	http://example.org/trilogy
http://example.org/gleamed	http://example.org/nsubj	http://example.org/Glamdring
http://example.org/more_than_50_million	http://example.org/label	more than 50 million
http://example.org/The_Book_Thief	http://example.org/contains_relation	http://example.org/Death
http://dbpedia.org/resource/The_Hobbit	http://example.org/contains_relation	http://example.org/Tolkien
http://example.org/April	http://example.org/label	April
http://example.org/in	http://example.org/pobj	http://example.org/earth
http://example.org/by	http://example.org/pobj	http://example.org/fashions
http://dbpedia.org/resource/The_Hobbit	http://example.org/contains_relation	http://example.org/creature
http://example.org/nearly_zero	http://example.org/label	nearly zero
http://dbpedia.org/resource/The_Hunger_Games	http://example.org/contains_relation	http://example.org/sold
http://example.org/Laws	http://example.org/conj	http://example.org/Massacre
http://example.org/as	http://example.org/pobj	http://example.org/girl
http://example.org/Pauline_Baynes	http://example.org/label	Pauline Baynes
http://example.org/through	http://example.org/pobj	http://example.org/parts
http://dbpedia.org/resource/Augustus	http://example.org/contains_relation	http://example.org/the_%22Year_of_the_Four_Emperors
http://example.org/Mary_Shelley	http://example.org/label	Mary Shelley
http://dbpedia.org/resource/Jane_Austen	http://example.org/contains_relation	http://example.org/on
http://example.org/of	http://example.org/pobj	http://example.org/journey
http://dbpedia.org/resource/The_Hunger_Games	http://example.org/contains_relation	http://example.org/brought
http://example.org/Catalogue	http://example.org/appos	http://example.org/Dvergatal
http://example.org/named	http://example.org/nsubjpass	http://example.org/features
http://dbpedia.org/resource/Academy_Awards	http://example.org/contains_relation	http://example.org/DeBose
http://example.org/during	http://example.org/pobj	http://example.org/tour
http://example.org/of	http://example.org/pobj	http://example.org/novels
http://example.org/choose	http://example.org/dobj	http://example.org/books
http://dbpedia.org/resource/Elizabeth_Bennet	http://dbpedia.org/property/relatives	http://example.org/Georgiana_Darcy
http://example.org/of	http://example.org/pobj	http://example.org/classes
http://example.org/intensification	http://example.org/conj	http://example.org/cult
http://example.org/1954	http://example.org/label	1954
http://example.org/called	http://example.org/nsubj	http://example.org/Baba
http://example.org/Vlogbrothers.png	http://example.org/label	Vlogbrothers.png
http://example.org/Augustus	http://example.org/appos	http://example.org/BC
http://example.org/Germany	http://example.org/label	Germany
http://example.org/PR6039.O32_L6_1954%2C_v.2	http://example.org/label	PR6039.O32 L6 1954, v.2
http://dbpedia.org/resource/Regency_era	http://example.org/contains_relation	http://example.org/William_Blake
http://dbpedia.org/resource/The_Hobbit	http://www.w3.org/2000/01/rdf-schema#label	http://example.org/The_Hobbit
http://dbpedia.org/resource/Pauline_Baynes	http://example.org/contains_relation	http://example.org/more_than_200
http://dbpedia.org/resource/Twilight	http://dbpedia.org/ontology/wikiPageLength	http://example.org/31436
http://dbpedia.org/resource/To_Kill_a_Mockingbird	http://example.org/contains_relation	http://example.org/to
http://example.org/courage	http://example.org/conj	http://example.org/selflessness
http://dbpedia.org/resource/Animal_Farm	http://example.org/contains_relation	http://example.org/Modern_Library%27s
http://dbpedia.org/resource/To_Kill_a_Mockingbird	http://dbpedia.org/property/salign	http://example.org/right
http://dbpedia.org/resource/The_Chronicles_of_Narnia	http://example.org/contains_relation	http://example.org/C._S._Lewis
http://example.org/after	http://example.org/pobj	http://example.org/destruction
http://example.org/for	http://example.org/pobj	http://example.org/Mohapatra
http://dbpedia.org/resource/The_Chronicles_of_Narnia	http://example.org/contains_relation	http://example.org/adapted
http://example.org/abilities	http://example.org/appos	http://example.org/characteristics
http://dbpedia.org/resource/Nazi_Germany	http://example.org/contains_relation	http://example.org/became
http://dbpedia.org/resource/The_Hobbit	http://example.org/contains_relation	http://example.org/The_Hobbit
http://example.org/overshadowed	http://example.org/nsubjpass	http://example.org/years
http://example.org/Unfinished_Tales	http://example.org/label	Unfinished Tales
http://example.org/including	http://example.org/pobj	http://example.org/arrests
http://dbpedia.org/resource/The_Hunger_Games	http://example.org/contains_relation	http://example.org/Panem
http://example.org/by	http://example.org/pobj	http://example.org/government
http://example.org/author	http://example.org/appos	http://example.org/creator
http://dbpedia.org/resource/Wizardry	http://example.org/contains_relation	http://example.org/Fantasy
http://example.org/DeBose	http://example.org/ROOT	http://example.org/DeBose
http://example.org/was	http://example.org/nsubj	http://example.org/poverty
http://dbpedia.org/resource/The_Hunger_Games	http://example.org/contains_relation	http://example.org/image
http://dbpedia.org/resource/Pride	http://dbpedia.org/ontology/wikiPageID	http://example.org/76176
http://dbpedia.org/resource/J._R._R._Tolkien	http://dbpedia.org/property/genre	http://example.org/Fantasy
http://dbpedia.org/resource/George_Orwell	http://dbpedia.org/property/align	http://example.org/left
http://example.org/revealed	http://example.org/nsubjpass	http://example.org/spot
http://dbpedia.org/resource/Gondor	http://example.org/contains_relation	http://example.org/bearing
http://example.org/in	http://example.org/pobj	http://example.org/center
http://dbpedia.org/resource/North_America	http://example.org/contains_relation	http://example.org/the_Western_Hemisphere
http://example.org/emphasized	http://example.org/nsubjpass	http://example.org/need
http://example.org/Dwarves	http://example.org/conj	http://example.org/Elves
http://dbpedia.org/resource/Hermione_Granger	http://example.org/contains_relation	http://example.org/amongst
http://example.org/result	http://example.org/is	http://example.org/world
http://example.org/five	http://example.org/label	five
http://dbpedia.org/resource/Elizabeth_Bennet	http://example.org/contains_relation	http://example.org/time
http://dbpedia.org/resource/Jane_Austen	http://www.w3.org/1999/02/22-rdf-syntax-ns#type	http://example.org/Entity
http://dbpedia.org/resource/The_Shire	http://dbpedia.org/ontology/wikiPageRevisionID	http://example.org/1122895110
http://example.org/The_Hunger_Games_%28The_Hunger_Games%2C_%231%29	http://example.org/contains_relation	http://example.org/Losing
http://dbpedia.org/resource/The_Shire	http://example.org/contains_relation	http://example.org/by
http://example.org/behind	http://example.org/pobj	http://example.org/square
http://example.org/in	http://example.org/pobj	http://example.org/Defense
http://example.org/August_17%2C_2012	http://example.org/label	August 17, 2012
http://dbpedia.org/resource/The_Hobbit	http://dbpedia.org/property/name	http://example.org/There_and_Back_Again
http://dbpedia.org/resource/Academy_Awards	http://example.org/contains_relation	http://example.org/Winner
http://example.org/avail	http://example.org/dobj	http://example.org/you
http://example.org/set	http://example.org/dobj	http://example.org/things
http://dbpedia.org/resource/The_Hunger_Games	http://example.org/contains_relation	http://example.org/Print_%2C_audiobook%2C_e-book
http://dbpedia.org/resource/Smaug	http://example.org/contains_relation	http://example.org/Henry_Wadsworth_Longfellow%27s
http://dbpedia.org/resource/Academy_Awards	http://example.org/contains_relation	http://example.org/Award
http://example.org/is	http://example.org/attr	http://example.org/author
http://example.org/1120823407	http://example.org/label	1120823407
http://example.org/for	http://example.org/pobj	http://example.org/time
http://dbpedia.org/resource/Elizabeth_Bennet	http://dbpedia.org/property/home	http://example.org/Longbourn%2C_near_Meryton%2C_Hertfordshire
http://example.org/about	http://example.org/pobj	http://example.org/it
http://dbpedia.org/resource/The_Hobbit	http://example.org/contains_relation	http://example.org/noted
http://example.org/sending	http://example.org/dobj	http://example.org/signal
http://dbpedia.org/resource/Alabama	http://example.org/contains_relation	http://example.org/the_Gulf_of_Mexico
http://dbpedia.org/resource/J._R._R._Tolkien	http://example.org/contains_relation	http://example.org/was
http://dbpedia.org/resource/George_Orwell	http://example.org/contains_relation	http://example.org/opposition
http://example.org/the_Western_Hemisphere	http://example.org/label	the Western Hemisphere
http://dbpedia.org/resource/Harry_Potter	http://example.org/contains_relation	http://example.org/
http://dbpedia.org/resource/Regency_era	http://example.org/contains_relation	http://example.org/with
http://dbpedia.org/resource/Samwise_Gamgee	http://example.org/contains_relation	http://example.org/book
http://dbpedia.org/resource/Young_adult_fiction	http://example.org/contains_relation	http://example.org/correlate
http://dbpedia.org/resource/Jane_Austen	http://example.org/contains_relation	http://example.org/at
http://example.org/narrates	http://example.org/nsubj	http://example.org/It
http://dbpedia.org/resource/The_Hobbit	http://example.org/contains_relation	http://example.org/encouraged
http://dbpedia.org/resource/Gondor	http://example.org/contains_relation	http://example.org/Middle-earth
http://example.org/based	http://example.org/nsubj	http://example.org/Tolkien
http://dbpedia.org/resource/Harry_Potter	http://example.org/contains_relation	http://example.org/Ron_Weasley
http://example.org/is	http://example.org/nsubj	http://example.org/book
http://example.org/the_White_Downs	http://example.org/label	the White Downs
http://example.org/To_Kill_a_Mockingbird	http://example.org/contains_relation	http://example.org/Compassionate
http://dbpedia.org/resource/Harper_Lee	http://example.org/contains_relation	http://example.org/the_Presidential_Medal_of_Freedom
http://example.org/in	http://example.org/pobj	http://example.org/print
http://example.org/dragon	http://example.org/conj	http://example.org/antagonist
http://dbpedia.org/resource/Pride	http://example.org/contains_relation	http://example.org/contempt
http://example.org/on	http://example.org/pobj	http://example.org/successor
http://example.org/Pride	http://example.org/remained	http://example.org/one
http://dbpedia.org/resource/Jane_Austen	http://example.org/contains_relation	http://example.org/19th-century
http://dbpedia.org/resource/North_America	http://dbpedia.org/property/align	http://example.org/center
http://dbpedia.org/resource/Smaug	http://example.org/contains_relation	http://example.org/for
http://example.org/as	http://example.org/pobj	http://example.org/Eliza
http://dbpedia.org/resource/J._R._R._Tolkien	http://example.org/contains_relation	http://example.org/
http://example.org/Order_of_the_Phoenix	http://example.org/label	Order of the Phoenix
http://example.org/called	http://example.org/oprd	http://example.org/root
http://dbpedia.org/resource/The_Hobbit	http://example.org/contains_relation	http://example.org/reflecting
http://example.org/country	http://example.org/conj	http://example.org/districts
http://example.org/Blair	http://example.org/appos	http://example.org/June
http://dbpedia.org/resource/Character_class	http://example.org/contains_relation	http://example.org/reviving
http://dbpedia.org/resource/The_Hunger_Games	http://example.org/contains_relation	http://example.org/U.S.
http://example.org/published	http://example.org/nsubjpass	http://example.org/It
http://dbpedia.org/resource/Regency_era	http://example.org/contains_relation	http://example.org/George_III
http://example.org/was	http://example.org/nsubj	http://example.org/Germany
http://example.org/to	http://example.org/pobj	http://example.org/Empire
http://example.org/causing	http://example.org/dobj	http://example.org/famines
http://dbpedia.org/resource/Suzanne_Collins	http://example.org/contains_relation	http://example.org/4196525
http://example.org/invaded	http://example.org/dobj	http://example.org/kingdom
http://example.org/has	http://example.org/nsubj	http://example.org/Alabama
http://example.org/as	http://example.org/pobj	http://example.org/uncle
http://example.org/reported	http://example.org/dobj	http://example.org/books
http://example.org/converted	http://example.org/nsubj	http://example.org/which
http://dbpedia.org/resource/Hogwarts	http://example.org/contains_relation	http://example.org/British
http://example.org/the_War_of_the_Ring%2C_Sam	http://example.org/label	the War of the Ring, Sam
http://example.org/gave	http://example.org/nsubj	http://example.org/he
http://example.org/became	http://example.org/attr	http://example.org/bestsellers
http://example.org/to	http://example.org/pobj	http://example.org/it
http://example.org/Smaug	http://example.org/label	Smaug
http://example.org/that	http://example.org/speak_to	http://example.org/readers
http://example.org/people	http://example.org/appos	http://example.org/both
http://dbpedia.org/resource/The_Chronicles_of_Narnia	http://example.org/contains_relation	http://example.org/called
http://dbpedia.org/resource/J._R._R._Tolkien	http://example.org/contains_relation	http://example.org/JRR_Tolkien
http://example.org/IV	http://example.org/conj	http://example.org/brother
http://dbpedia.org/resource/The_Hunger_Games	http://example.org/contains_relation	http://example.org/Amazon
http://dbpedia.org/resource/Wizardry	http://example.org/contains_relation	http://example.org/Nemesis%3A_The_Wizardry_Adventure
http://example.org/announced	http://example.org/dobj	http://example.org/trilogy
http://dbpedia.org/resource/Gandalf	http://example.org/contains_relation	http://example.org/empty
http://example.org/into	http://example.org/pobj	http://example.org/territory
http://example.org/lived	http://example.org/nsubj	http://example.org/dwellers
http://example.org/Award	http://example.org/label	Award
http://example.org/of	http://example.org/pobj	http://example.org/lives
http://example.org/criticism	http://example.org/conj	http://example.org/opposition
http://dbpedia.org/resource/Hermione_Granger	http://dbpedia.org/property/voice	http://example.org/Alice_Keenan
http://dbpedia.org/resource/Smaug	http://example.org/contains_relation	http://example.org/Dale
http://example.org/to	http://example.org/pobj	http://example.org/eras
http://example.org/on	http://example.org/pobj	http://example.org/designer
http://dbpedia.org/resource/Samwise_Gamgee	http://example.org/contains_relation	http://example.org/planted
http://example.org/of	http://example.org/pobj	http://example.org/de
http://dbpedia.org/resource/Young_adult_fiction	http://example.org/contains_relation	http://example.org/focus
http://example.org/for	http://example.org/pobj	http://example.org/view
http://dbpedia.org/resource/Wizardry	http://example.org/contains_relation	http://example.org/Final_Fantasy
http://example.org/is	http://example.org/nsubj	http://example.org/information
http://dbpedia.org/resource/Samwise_Gamgee	http://example.org/contains_relation	http://example.org/Sam
http://example.org/Charles_Bingley	http://example.org/label	Charles Bingley
http://dbpedia.org/resource/Stalinism	http://example.org/contains_relation	http://example.org/the_1950s_and_1960s
http://example.org/the_Greater_German_Reich	http://example.org/label	the Greater German Reich
http://example.org/from	http://example.org/pobj	http://example.org/lands
http://example.org/of	http://example.org/pobj	http://example.org/Hiawatha
http://example.org/controlled	http://example.org/nsubj	http://example.org/Hitler
http://example.org/%E2%80%94J.R.R._Tolkien	http://example.org/label	—J.R.R. Tolkien
http://example.org/Eye	http://example.org/label	Eye
http://example.org/is	http://example.org/nsubj	http://example.org/Sam
http://dbpedia.org/resource/Legolas	http://www.w3.org/1999/02/22-rdf-syntax-ns#type	http://example.org/Entity
http://dbpedia.org/resource/John_Green	http://example.org/contains_relation	http://example.org/John_Michael_Green
http://dbpedia.org/resource/Gondor	http://example.org/contains_relation	http://example.org/is
http://dbpedia.org/resource/Hogwarts	http://example.org/contains_relation	http://example.org/is
http://dbpedia.org/resource/Wizardry	http://example.org/contains_relation	http://example.org/September_1981
http://example.org/by	http://example.org/pobj	http://example.org/Fellowship
http://dbpedia.org/resource/Academy_Awards	http://example.org/contains_relation	http://example.org/the_%22Academy_Award_of_Merit
http://dbpedia.org/resource/Character_class	http://example.org/contains_relation	http://example.org/Character_class
http://example.org/at	http://example.org/pobj	http://example.org/adolescents
http://example.org/no	http://example.org/label	no
http://dbpedia.org/resource/Alabama	http://dbpedia.org/ontology/wikiPageID	http://example.org/303
http://example.org/in	http://example.org/pobj	http://example.org/Beowulf
http://example.org/that	http://example.org/rocked	http://example.org/it
http://dbpedia.org/resource/The_Hobbit	http://example.org/contains_relation	http://example.org/followed
http://dbpedia.org/resource/Animal_Farm	http://example.org/contains_relation	http://example.org/create
http://example.org/included	http://example.org/dobj	http://example.org/dissidents
http://example.org/for	http://example.org/pobj	http://example.org/industry
http://dbpedia.org/resource/Character_class	http://example.org/contains_relation	http://example.org/of
http://example.org/demonstrating	http://example.org/dobj	http://example.org/abilities
http://example.org/in	http://example.org/pobj	http://example.org/repression
http://dbpedia.org/resource/John_Green	http://example.org/contains_relation	http://example.org/left
http://example.org/Radcliffe	http://example.org/conj	http://example.org/Scott
http://dbpedia.org/resource/Pride	http://example.org/contains_relation	http://example.org/identity
http://example.org/the_Pax_Romana	http://example.org/label	the Pax Romana
http://dbpedia.org/resource/Augustus	http://example.org/contains_relation	http://example.org/of
http://dbpedia.org/resource/Harper_Lee	http://example.org/contains_relation	http://example.org/accolades
http://example.org/was	http://example.org/nsubj	http://example.org/I
http://dbpedia.org/resource/Suzanne_Collins	http://example.org/contains_relation	http://example.org/1124235010
http://example.org/from	http://example.org/pobj	http://example.org/Commons.svg
http://dbpedia.org/resource/Markus_Zusak	http://dbpedia.org/property/birthDate	http://example.org/1975-06-23
http://dbpedia.org/resource/The_Two_Towers	http://dbpedia.org/property/language	http://example.org/English
http://example.org/of	http://example.org/pobj	http://example.org/protagonist
http://dbpedia.org/resource/Gandalf	http://example.org/contains_relation	http://example.org/pass
http://dbpedia.org/resource/Hermione_Granger	http://example.org/contains_relation	http://example.org/the_Deathly_Hallows
http://example.org/of	http://example.org/pobj	http://example.org/Sampo
http://dbpedia.org/resource/Character_class	http://example.org/contains_relation	http://example.org/hybridize
http://dbpedia.org/resource/The_Chronicles_of_Narnia	http://example.org/contains_relation	http://example.org/span
http://dbpedia.org/resource/The_Shire	http://example.org/contains_relation	http://example.org/240
http://dbpedia.org/resource/Academy_Awards	http://example.org/contains_relation	http://example.org/KennethBranaghApr2011.jpg
http://dbpedia.org/resource/Hogwarts	http://dbpedia.org/property/type	http://example.org/
http://dbpedia.org/resource/The_Hobbit	http://example.org/contains_relation	http://example.org/led
http://dbpedia.org/resource/Samwise_Gamgee	http://example.org/contains_relation	http://example.org/down
http://example.org/told	http://example.org/nsubjpass	http://example.org/story
http://dbpedia.org/resource/Pride	http://example.org/contains_relation	http://example.org/In
http://example.org/Eriador	http://example.org/conj	http://example.org/Kingdom
http://example.org/is	http://example.org/nsubj	http://example.org/Green
http://dbpedia.org/resource/Augustus	http://example.org/contains_relation	http://example.org/reigned
http://dbpedia.org/resource/Young_adult_fiction	http://example.org/contains_relation	http://example.org/2020-11-06
http://dbpedia.org/resource/Regency_era	http://example.org/contains_relation	http://example.org/
http://dbpedia.org/resource/George_Orwell	http://dbpedia.org/property/author	http://example.org/yes
http://example.org/Throughout	http://example.org/pobj	http://example.org/period
http://dbpedia.org/resource/Stalinism	http://example.org/contains_relation	http://example.org/1950s
http://example.org/spanned	http://example.org/nsubj	http://example.org/era
http://dbpedia.org/resource/Harper_Lee	http://example.org/contains_relation	http://example.org/in
http://example.org/The_Bodley_Head	http://example.org/label	The Bodley Head
http://dbpedia.org/resource/Suzanne_Collins	http://xmlns.com/foaf/0.1/name	http://example.org/Suzanne_Collins
http://dbpedia.org/resource/Gondor	http://example.org/contains_relation	http://example.org/of
http://dbpedia.org/resource/Hogwarts	http://example.org/contains_relation	http://example.org/of
http://dbpedia.org/resource/Pride	http://example.org/contains_relation	http://example.org/Proverbs
http://example.org/in	http://example.org/pobj	http://example.org/Zealand
http://example.org/have	http://example.org/dobj	http://example.org/homeland
http://dbpedia.org/resource/Pride	http://example.org/contains_relation	http://example.org/1120823407
http://dbpedia.org/resource/Regency_era	http://example.org/contains_relation	http://example.org/the_Corn_Laws
http://example.org/The_Ballad_of_Songbirds_and_Snakes	http://example.org/label	The Ballad of Songbirds and Snakes
http://dbpedia.org/resource/Stalinism	http://example.org/contains_relation	http://example.org/the_United_States
http://dbpedia.org/resource/Nazi_Germany	http://example.org/contains_relation	http://example.org/referred
http://example.org/been	http://example.org/attr	http://example.org/titles
http://dbpedia.org/resource/Pride	http://example.org/contains_relation	http://example.org/choices
http://example.org/becomes	http://example.org/nsubj	http://example.org/twilight
http://example.org/Priscilla_Anne	http://example.org/label	Priscilla Anne
http://example.org/esteem	http://example.org/conj	http://example.org/confidence
http://example.org/of	http://example.org/pobj	http://example.org/artists
http://dbpedia.org/resource/North_America	http://example.org/contains_relation	http://example.org/cratons
http://example.org/based	http://example.org/nsubjpass	http://example.org/plot
http://example.org/resulted	http://example.org/nsubj	http://example.org/This
http://example.org/of	http://example.org/pobj	http://example.org/Valinor
http://example.org/in	http://example.org/pobj	http://example.org/July
http://example.org/is	http://example.org/attr	http://example.org/hobbit
http://dbpedia.org/resource/Regency_era	http://example.org/contains_relation	http://example.org/Jane_Austen
http://dbpedia.org/resource/Legolas	http://example.org/contains_relation	http://example.org/than
http://dbpedia.org/resource/The_Hunger_Games	http://dbpedia.org/property/books	http://example.org/Catching_Fire
http://dbpedia.org/resource/Frodo_Baggins	http://www.w3.org/1999/02/22-rdf-syntax-ns#type	http://example.org/Entity
http://example.org/through	http://example.org/pobj	http://example.org/street
http://dbpedia.org/resource/George_Orwell	http://www.w3.org/2000/01/rdf-schema#label	http://example.org/George_Orwell
http://example.org/with	http://example.org/pobj	http://example.org/others
http://dbpedia.org/resource/J._R._R._Tolkien	http://xmlns.com/foaf/0.1/name	http://example.org/J._R._R._Tolkien
http://dbpedia.org/resource/Pride	http://example.org/contains_relation	http://example.org/Pride
http://dbpedia.org/resource/Wizardry	http://dbpedia.org/property/firstReleaseDate	http://example.org/September_1981
http://dbpedia.org/resource/The_Two_Towers	http://dbpedia.org/property/releaseDate	http://example.org/1954-11-11
http://dbpedia.org/resource/North_America	http://dbpedia.org/property/image	http://example.org/Luchtfoto_van_Lower_Manhattan.jpg
http://example.org/atmosphere	http://example.org/conj	http://example.org/surface
http://example.org/the_Northern_Hemisphere	http://example.org/label	the Northern Hemisphere
http://dbpedia.org/resource/Nazi_Germany	http://example.org/contains_relation	http://example.org/German
http://example.org/do	http://example.org/nsubj	http://example.org/year
http://example.org/26_million	http://example.org/label	26 million
http://example.org/realism	http://example.org/conj	http://example.org/commentary
http://example.org/reclaim	http://example.org/dobj	http://example.org/home
http://dbpedia.org/resource/Hogwarts	http://www.w3.org/2000/01/rdf-schema#label	http://example.org/Hogwarts
http://dbpedia.org/resource/Animal_Farm	http://dbpedia.org/property/id	http://example.org/plusfifty-n-z.html%23orwell
http://example.org/Harry_Potter_and_the_Order_of_the_Phoenix_%28Harry_Potter%2C_%235%29	http://example.org/author	J.K. Rowling
http://example.org/gave	http://example.org/dobj	http://example.org/Ring
http://example.org/credited	http://example.org/nsubjpass	http://example.org/rise
http://example.org/read	http://example.org/nsubjpass	http://example.org/it
http://example.org/J._R._R._Tolkien%27s	http://example.org/label	J. R. R. Tolkien's
http://dbpedia.org/resource/The_Shire	http://example.org/contains_relation	http://example.org/flora
http://example.org/Lee	http://example.org/appos	http://example.org/April
http://dbpedia.org/resource/Stalinism	http://example.org/contains_relation	http://example.org/agriculture
http://example.org/of	http://example.org/pobj	http://example.org/Fire
http://example.org/of	http://example.org/pobj	http://example.org/earth
http://example.org/observations	http://example.org/conj	http://example.org/neighbors
http://example.org/Monroeville	http://example.org/label	Monroeville
http://example.org/earned	http://example.org/dobj	http://example.org/acclaim
http://dbpedia.org/resource/Nazi_Germany	http://example.org/contains_relation	http://example.org/by
http://example.org/1855	http://example.org/label	1855
http://dbpedia.org/resource/Jane_Austen	http://dbpedia.org/property/align	http://example.org/right
http://example.org/refer	http://example.org/nsubj	http://example.org/who
http://dbpedia.org/resource/Pauline_Baynes	http://dbpedia.org/property/deathPlace	http://example.org/Dockenfield%2C_Surrey%2C_England
http://example.org/subjugate	http://example.org/dobj	http://example.org/wizards
http://example.org/Saints%27_Church	http://example.org/label	Saints' Church
http://example.org/of	http://example.org/pobj	http://example.org/game
http://example.org/Phenix_City_area	http://example.org/label	Phenix City area
http://dbpedia.org/resource/Wizardry	http://example.org/contains_relation	http://example.org/of
http://dbpedia.org/resource/Nazi_Germany	http://dbpedia.org/property/yearLeader	http://example.org/1933
http://example.org/of	http://example.org/pobj	http://example.org/agriculture
http://dbpedia.org/resource/The_Shire	http://dbpedia.org/property/name	http://example.org/The_Shire
http://dbpedia.org/resource/Smaug	http://example.org/contains_relation	http://example.org/rolled
http://example.org/the_blue_hour	http://example.org/label	the blue hour
http://example.org/of	http://example.org/pobj	http://example.org/Freedom
http://dbpedia.org/resource/The_Hunger_Games	http://example.org/contains_relation	http://example.org/Katniss_Everdeen
http://dbpedia.org/resource/Academy_Awards	http://xmlns.com/foaf/0.1/name	http://example.org/Academy_Awards
http://example.org/Dursleys	http://example.org/making_of	http://example.org/course
http://example.org/about	http://example.org/pobj	http://example.org/days
http://example.org/For	http://example.org/pobj	http://example.org/masses
http://example.org/The_Two_Towers	http://example.org/label	The Two Towers
http://dbpedia.org/resource/North_America	http://example.org/contains_relation	http://example.org/the_Arctic_Ocean
http://dbpedia.org/resource/The_Shire	http://example.org/contains_relation	http://example.org/J._R._R._Tolkien%27s_Middle-earth
http://example.org/Return	http://example.org/conj	http://example.org/city
http://example.org/of	http://example.org/pobj	http://example.org/Porta
http://dbpedia.org/resource/Gandalf	http://example.org/contains_relation	http://example.org/you
http://example.org/of	http://example.org/pobj	http://example.org/pride
http://example.org/the_second_half_of_the_18th_century	http://example.org/label	the second half of the 18th century
http://dbpedia.org/resource/Wizardry	http://dbpedia.org/property/latestReleaseDate	http://example.org/2014-12-22
http://example.org/cousin	http://example.org/appos	http://example.org/Baggins
http://dbpedia.org/resource/Jane_Austen	http://example.org/contains_relation	http://example.org/six
http://example.org/time	http://example.org/conj	http://example.org/environment
http://example.org/are	http://example.org/nsubj	http://example.org/half
http://example.org/of	http://example.org/pobj	http://example.org/continent
http://dbpedia.org/resource/Legolas	http://dbpedia.org/ontology/wikiPageID	http://example.org/23140382
http://example.org/as	http://example.org/pobj	http://example.org/Company
http://dbpedia.org/resource/Character_class	http://example.org/contains_relation	http://example.org/archetypes
http://dbpedia.org/resource/John_Green	http://dbpedia.org/property/almaMater	http://example.org/Kenyon_College
http://dbpedia.org/resource/Hermione_Granger	http://example.org/contains_relation	http://example.org/Guy_Harris
http://example.org/Parliament_Hill	http://example.org/label	Parliament Hill
http://example.org/contempt	http://example.org/conj	http://example.org/vanity
http://example.org/idolatry	http://example.org/conj	http://example.org/contempt
http://dbpedia.org/resource/Bilbo_Baggins	http://example.org/contains_relation	http://example.org/to
http://example.org/succeeded	http://example.org/dobj	http://example.org/him
http://dbpedia.org/resource/The_Hobbit	http://purl.org/dc/elements/1.1/publisher	http://example.org/George_Allen_%26_Unwin%28UK%29
http://dbpedia.org/resource/Jane_Austen	http://example.org/contains_relation	http://example.org/with
http://example.org/protect	http://example.org/dobj	http://example.org/Narnia
http://example.org/by	http://example.org/pobj	http://example.org/shirt
http://example.org/find	http://example.org/nsubj	http://example.org/hobbits
http://dbpedia.org/resource/Harper_Lee	http://example.org/contains_relation	http://example.org/10
http://dbpedia.org/resource/Hermione_Granger	http://example.org/contains_relation	http://example.org/2011
http://dbpedia.org/resource/The_Hunger_Games	http://example.org/contains_relation	http://example.org/Mockingjay
http://dbpedia.org/resource/Smaug	http://example.org/contains_relation	http://example.org/Dwarf
http://example.org/of	http://example.org/pobj	http://example.org/objects
http://dbpedia.org/resource/Hermione_Granger	http://example.org/contains_relation	http://example.org/Hermione_Granger
http://example.org/V%C3%B6lusp%C3%A1	http://example.org/label	Völuspá
http://dbpedia.org/resource/Stalinism	http://example.org/contains_relation	http://example.org/the_Great_Purge
http://dbpedia.org/resource/Stalinism	http://example.org/contains_relation	http://example.org/marked
http://dbpedia.org/resource/Young_adult_fiction	http://example.org/contains_relation	http://example.org/friendship
http://example.org/country	http://example.org/holding	http://example.org/breath
http://example.org/near	http://example.org/pobj	http://example.org/end
http://dbpedia.org/resource/Gandalf	http://example.org/contains_relation	http://example.org/stood
http://example.org/The_Fault_in_Our_Stars	http://example.org/author	John Green
http://dbpedia.org/resource/Hermione_Granger	http://example.org/contains_relation	http://example.org/Erica_Luttrell
http://example.org/as	http://example.org/pobj	http://example.org/time
http://dbpedia.org/resource/J._R._R._Tolkien	http://example.org/contains_relation	http://example.org/caused
http://example.org/Northwest_Middle-earth	http://example.org/label	Northwest Middle-earth
http://example.org/as	http://example.org/pobj	http://example.org/worm
http://dbpedia.org/resource/Gandalf	http://example.org/contains_relation	http://example.org/Tolkien
http://dbpedia.org/resource/Elizabeth_Bennet	http://dbpedia.org/property/fullName	http://example.org/Elizabeth%2C_Mrs_Darcy
http://dbpedia.org/resource/Character_class	http://example.org/contains_relation	http://example.org/as
http://dbpedia.org/resource/Regency_era	http://example.org/contains_relation	http://example.org/1837
http://dbpedia.org/resource/The_Hunger_Games	http://example.org/contains_relation	http://example.org/36870
http://example.org/reached	http://example.org/nsubj	http://example.org/shadow
http://dbpedia.org/resource/Augustus	http://example.org/contains_relation	http://example.org/as
http://example.org/from	http://example.org/pobj	http://example.org/surroundings
http://dbpedia.org/resource/The_Shire	http://example.org/contains_relation	http://example.org/as
http://example.org/in	http://example.org/pobj	http://example.org/boasting
http://dbpedia.org/resource/Regency_era	http://example.org/contains_relation	http://example.org/novelists
http://dbpedia.org/resource/Regency_era	http://example.org/contains_relation	http://example.org/overshadowed
http://dbpedia.org/resource/Character_class	http://example.org/contains_relation	http://example.org/eschew
http://dbpedia.org/resource/Twilight	http://example.org/contains_relation	http://example.org/reaches
http://example.org/for	http://example.org/pobj	http://example.org/book
http://dbpedia.org/resource/John_Green	http://example.org/contains_relation	http://example.org/author
http://dbpedia.org/resource/Regency_era	http://example.org/contains_relation	http://example.org/succeeded
http://dbpedia.org/resource/The_Hunger_Games	http://example.org/contains_relation	http://example.org/agreed
http://dbpedia.org/resource/Animal_Farm	http://example.org/contains_relation	http://example.org/Political_satire
http://dbpedia.org/resource/Gandalf	http://example.org/contains_relation	http://example.org/one
http://example.org/on	http://example.org/pobj	http://example.org/visit
http://example.org/takes	http://example.org/dobj	http://example.org/him
http://example.org/NPR	http://example.org/label	NPR
http://example.org/of	http://example.org/pobj	http://example.org/print
http://example.org/holidays	http://example.org/come_in	http://example.org/fashion
http://dbpedia.org/resource/The_Hunger_Games	http://example.org/contains_relation	http://example.org/is
http://dbpedia.org/resource/Wizardry	http://dbpedia.org/ontology/wikiPageRevisionID	http://example.org/1121477499
http://dbpedia.org/resource/Frodo_Baggins	http://example.org/contains_relation	http://example.org/to
http://example.org/takes	http://example.org/nsubj	http://example.org/journey
http://dbpedia.org/resource/Frodo_Baggins	http://example.org/contains_relation	http://example.org/allowed
http://example.org/for	http://example.org/pobj	http://example.org/industrialization
http://example.org/23140382	http://example.org/label	23140382
http://dbpedia.org/resource/Alabama	http://example.org/contains_relation	http://example.org/Alabama_Territory
http://example.org/1116765436	http://example.org/label	1116765436
http://dbpedia.org/resource/George_Orwell	http://example.org/contains_relation	http://example.org/left
http://dbpedia.org/resource/The_Hunger_Games	http://example.org/contains_relation	http://example.org/Capitol
http://example.org/North_America	http://example.org/label	North America
http://example.org/guessed	http://example.org/dobj	http://example.org/it
http://example.org/in	http://example.org/pobj	http://example.org/northwest
http://dbpedia.org/resource/Hogwarts	http://example.org/contains_relation	http://example.org/as
http://example.org/theory	http://example.org/conj	http://example.org/collectivization
http://example.org/the_Slave_Trade_Act_1807	http://example.org/label	the Slave Trade Act 1807
http://dbpedia.org/resource/Samwise_Gamgee	http://example.org/contains_relation	http://example.org/demonstrated
http://dbpedia.org/resource/Regency_era	http://example.org/contains_relation	http://example.org/Queen_Victoria
http://example.org/of	http://example.org/pobj	http://example.org/Eriador
http://dbpedia.org/resource/Hermione_Granger	http://example.org/contains_relation	http://example.org/British
http://example.org/Granger	http://example.org/appos	http://example.org/j%C9%99r
http://dbpedia.org/resource/George_Orwell	http://dbpedia.org/ontology/birthDate	http://example.org/1903-06-25
http://dbpedia.org/resource/Harry_Potter	http://example.org/contains_relation	http://example.org/friends
http://example.org/spanned	http://example.org/dobj	http://example.org/years
http://example.org/Christopher_John	http://example.org/label	Christopher John
http://dbpedia.org/resource/Hermione_Granger	http://example.org/contains_relation	http://example.org/Ron
http://example.org/of	http://example.org/pobj	http://example.org/authorities
http://example.org/non-Soviet	http://example.org/label	non-Soviet
http://example.org/presume	http://example.org/nsubj	http://example.org/they
http://dbpedia.org/resource/Character_class	http://example.org/contains_relation	http://example.org/impose
http://example.org/of	http://example.org/pobj	http://example.org/1930s
http://example.org/in	http://example.org/pobj	http://example.org/universe
http://example.org/of	http://example.org/pobj	http://example.org/parties
http://dbpedia.org/resource/Jane_Austen	http://example.org/contains_relation	http://example.org/was
http://dbpedia.org/resource/Hermione_Granger	http://dbpedia.org/ontology/wikiPageID	http://example.org/45100
http://dbpedia.org/resource/J._R._R._Tolkien	http://example.org/contains_relation	http://example.org/John_Francis
http://dbpedia.org/resource/Character_class	http://dbpedia.org/ontology/wikiPageRevisionID	http://example.org/1122710668
http://dbpedia.org/resource/Stalinism	http://example.org/contains_relation	http://example.org/1930.0
http://example.org/romantic	http://example.org/conj	http://example.org/fey
http://example.org/of	http://example.org/pobj	http://example.org/Chronicles
http://dbpedia.org/resource/Pride	http://example.org/contains_relation	http://example.org/Aristotle
http://example.org/from	http://example.org/pobj	http://example.org/camera
http://example.org/100	http://example.org/label	100
http://example.org/is	http://example.org/nsubj	http://example.org/fiction
http://dbpedia.org/resource/Character_class	http://www.w3.org/2000/01/rdf-schema#label	http://example.org/Character_class
http://example.org/for	http://example.org/pobj	http://example.org/centuries
http://dbpedia.org/resource/Stalinism	http://example.org/contains_relation	http://example.org/Robert_Service
http://example.org/Winchester%2C_Hampshire%2C_England	http://example.org/label	Winchester, Hampshire, England
http://dbpedia.org/resource/Regency_era	http://example.org/contains_relation	http://example.org/Blake
http://example.org/the_Presidential_Medal_of_Freedom	http://example.org/label	the Presidential Medal of Freedom
http://dbpedia.org/resource/Bilbo_Baggins	http://dbpedia.org/ontology/wikiPageRevisionID	http://example.org/1123955794
http://dbpedia.org/resource/To_Kill_a_Mockingbird	http://example.org/contains_relation	http://example.org/United_States
http://dbpedia.org/resource/Harry_Potter	http://example.org/contains_relation	http://example.org/are
http://example.org/First_edition%2C_with_Tolkien%27s_artwork	http://example.org/label	First edition, with Tolkien's artwork
http://example.org/during	http://example.org/pobj	http://example.org/course
http://example.org/March_2010	http://example.org/label	March 2010
http://dbpedia.org/resource/Stalinism	http://example.org/contains_relation	http://example.org/be
http://dbpedia.org/resource/Stalinism	http://example.org/contains_relation	http://example.org/is
http://dbpedia.org/resource/The_Hobbit	http://example.org/contains_relation	http://example.org/the_New_York_Herald_Tribune
http://dbpedia.org/resource/The_Hobbit	http://example.org/contains_relation	http://example.org/the_Battle_of_Five_Armies
http://dbpedia.org/resource/Hermione_Granger	http://example.org/contains_relation	http://example.org/is
http://example.org/the_late_1920s	http://example.org/label	the late 1920s
http://example.org/from	http://example.org/pobj	http://example.org/Europe
http://dbpedia.org/resource/Samwise_Gamgee	http://example.org/contains_relation	http://example.org/40.0
http://dbpedia.org/resource/Smaug	http://example.org/contains_relation	http://example.org/character
http://example.org/during	http://example.org/pobj	http://example.org/quest
http://example.org/the_Battle_of_Five_Armies	http://example.org/label	the Battle of Five Armies
http://example.org/to	http://example.org/pobj	http://example.org/changes
http://dbpedia.org/resource/Regency_era	http://example.org/contains_relation	http://example.org/in
http://dbpedia.org/resource/The_Hunger_Games	http://dbpedia.org/property/pubDate	http://example.org/%2A2008%E2%80%932010%0A%2A2020
http://example.org/23	http://example.org/label	23
http://example.org/Signature_from_Austen%27s_1817_will	http://example.org/label	Signature from Austen's 1817 will
http://example.org/have	http://example.org/dobj	http://example.org/copies
http://example.org/of	http://example.org/pobj	http://example.org/trucks
http://example.org/Katniss_Everdeen	http://example.org/label	Katniss Everdeen
http://dbpedia.org/resource/The_Two_Towers	http://dbpedia.org/property/id	http://example.org/272
http://dbpedia.org/resource/Bilbo_Baggins	http://www.w3.org/1999/02/22-rdf-syntax-ns#type	http://example.org/Entity
http://example.org/shock	http://example.org/conj	http://example.org/thunderbolt
http://dbpedia.org/resource/Jane_Austen	http://example.org/contains_relation	http://example.org/critique
http://example.org/farm	http://example.org/taken_by	http://example.org/animals
http://dbpedia.org/resource/Pride	http://example.org/contains_relation	http://example.org/Oxford
http://example.org/reached	http://example.org/dobj	http://example.org/bridge
http://dbpedia.org/resource/Wizardry	http://example.org/contains_relation	http://example.org/as
http://dbpedia.org/resource/Augustus	http://dbpedia.org/property/s	http://example.org/Author%3AAugustus_Caesar
http://example.org/of	http://example.org/pobj	http://example.org/man
http://example.org/in	http://example.org/pobj	http://example.org/hole
http://example.org/by	http://example.org/pobj	http://example.org/nickname
http://example.org/Bag_End	http://example.org/label	Bag End
http://dbpedia.org/resource/Pride	http://dbpedia.org/property/q	http://example.org/yes
http://example.org/Stalinist	http://example.org/label	Stalinist
http://example.org/to	http://example.org/pobj	http://example.org/claim
http://example.org/in	http://example.org/pobj	http://example.org/situations
http://example.org/J._R._R._Tolkien%27s_Middle-earth	http://example.org/label	J. R. R. Tolkien's Middle-earth
http://example.org/Animal_Farm	http://example.org/contains_relation	http://example.org/comedy
http://dbpedia.org/resource/Alabama	http://example.org/contains_relation	http://example.org/1%2C500_miles
http://dbpedia.org/resource/Jane_Austen	http://example.org/contains_relation	http://example.org/the_second_half_of_the_18th_century
http://example.org/Voldemort	http://example.org/appos	http://example.org/wizard
http://dbpedia.org/resource/Character_class	http://example.org/contains_relation	http://example.org/abilities
http://dbpedia.org/resource/Smaug	http://example.org/contains_relation	http://example.org/eaten
http://example.org/critics	http://example.org/conj	http://example.org/scholars
http://dbpedia.org/resource/Samwise_Gamgee	http://example.org/contains_relation	http://example.org/Frodo
http://example.org/within	http://example.org/pobj	http://example.org/earth
http://example.org/called	http://example.org/nsubjpass	http://example.org/pride
http://example.org/Lord	http://example.org/ROOT	http://example.org/Lord
http://dbpedia.org/resource/Young_adult_fiction	http://example.org/contains_relation	http://example.org/approximately_half
http://example.org/King	http://example.org/label	King
http://dbpedia.org/resource/Jane_Austen	http://example.org/contains_relation	http://example.org/16_December_1775
http://dbpedia.org/resource/Elizabeth_Bennet	http://example.org/contains_relation	http://example.org/Lizzy
http://example.org/novel	http://example.org/appos	http://example.org/Potter
http://dbpedia.org/resource/Academy_Awards	http://example.org/contains_relation	http://example.org/of
http://example.org/is	http://example.org/attr	http://example.org/scene
http://dbpedia.org/resource/Stalinism	http://dbpedia.org/property/caption	http://example.org/1930.0
http://dbpedia.org/resource/Stalinism	http://example.org/contains_relation	http://example.org/of
http://example.org/itself	http://example.org/conj	http://example.org/brand
http://dbpedia.org/resource/Regency_era	http://example.org/contains_relation	http://example.org/the_last_25_years_or_so
http://dbpedia.org/resource/John_Green	http://example.org/contains_relation	http://example.org/creating
http://dbpedia.org/resource/Hermione_Granger	http://example.org/contains_relation	http://example.org/of
http://dbpedia.org/resource/Twilight	http://example.org/contains_relation	http://example.org/with
http://dbpedia.org/resource/Animal_Farm	http://example.org/contains_relation	http://example.org/be
http://dbpedia.org/resource/Animal_Farm	http://example.org/contains_relation	http://example.org/is
http://dbpedia.org/resource/Stalinism	http://example.org/contains_relation	http://example.org/show
http://example.org/is	http://example.org/nsubj	http://example.org/Frodo
http://example.org/on	http://example.org/pobj	http://example.org/farm
http://dbpedia.org/resource/Nazi_Germany	http://example.org/contains_relation	http://example.org/the_Greater_German_Reich
http://example.org/V%C3%A4in%C3%A4m%C3%B6inen	http://example.org/ROOT	http://example.org/V%C3%A4in%C3%A4m%C3%B6inen
http://example.org/Austen	http://example.org/conj	http://example.org/Blake
http://example.org/Twilight_%28The_Twilight_Saga%2C_%231%29	http://example.org/title	Twilight (The Twilight Saga, #1)
http://example.org/Each	http://example.org/is	http://example.org/masterpiece
http://dbpedia.org/resource/Pride	http://example.org/contains_relation	http://example.org/Merriam-Webster
http://example.org/SDCC	http://example.org/appos	http://example.org/Chastain
http://example.org/paid	http://example.org/dobj	http://example.org/attention
http://dbpedia.org/resource/Pride	http://www.w3.org/2000/01/rdf-schema#label	http://example.org/Pride
http://example.org/known	http://example.org/nsubjpass	http://example.org/it
http://dbpedia.org/resource/Harper_Lee	http://example.org/contains_relation	http://example.org/Mockingbird
http://example.org/the_Ford_Motor_Company	http://example.org/label	the Ford Motor Company
http://example.org/to	http://example.org/pobj	http://example.org/Shadow
http://example.org/into	http://example.org/pobj	http://example.org/pictures
http://example.org/Shire	http://example.org/label	Shire
http://dbpedia.org/resource/Bilbo_Baggins	http://example.org/contains_relation	http://example.org/Gandalf
http://dbpedia.org/resource/Regency_era	http://example.org/contains_relation	http://example.org/Georgian
http://dbpedia.org/resource/The_Hobbit	http://example.org/contains_relation	http://example.org/1937
http://example.org/masterpiece	http://example.org/is	http://example.org/myth
http://dbpedia.org/resource/Academy_Awards	http://example.org/contains_relation	http://example.org/the_Academy_of_Motion_Picture_Arts_and_Sciences
http://example.org/becomes	http://example.org/attr	http://example.org/friends
http://dbpedia.org/resource/Markus_Zusak	http://example.org/contains_relation	http://example.org/The_Book_Thief_and_The_Messenger
http://example.org/resembles	http://example.org/nsubj	http://example.org/Hermione
http://dbpedia.org/resource/Pride	http://example.org/contains_relation	http://example.org/refers
http://dbpedia.org/resource/Smaug	http://dbpedia.org/property/author	http://example.org/%E2%80%94J._R._R._Tolkien
http://example.org/in	http://example.org/pobj	http://example.org/letters
http://dbpedia.org/resource/Legolas	http://example.org/contains_relation	http://example.org/in
http://dbpedia.org/resource/George_Orwell	http://example.org/contains_relation	http://example.org/name
http://dbpedia.org/resource/The_Hobbit	http://example.org/contains_relation	http://example.org/Smaug
http://dbpedia.org/resource/To_Kill_a_Mockingbird	http://example.org/contains_relation	http://example.org/in
http://example.org/boxed	http://example.org/nsubj	http://example.org/Chronicles
http://dbpedia.org/resource/J._R._R._Tolkien	http://dbpedia.org/property/speciesAuthor	http://example.org/no
http://dbpedia.org/resource/George_Orwell	http://example.org/contains_relation	http://example.org/Parliament_Hill
http://example.org/chapter	http://example.org/inscribed_upon	http://example.org/diagnosis
http://example.org/impose	http://example.org/dobj	http://example.org/restrictions
http://dbpedia.org/resource/To_Kill_a_Mockingbird	http://example.org/contains_relation	http://example.org/try
http://example.org/Aristotle	http://example.org/conj	http://example.org/Shaw
http://dbpedia.org/resource/Smaug	http://example.org/contains_relation	http://example.org/1855
http://example.org/The_Song_of_Hiawatha	http://example.org/label	The Song of Hiawatha
http://dbpedia.org/resource/Harry_Potter	http://dbpedia.org/property/d	http://example.org/yes
http://example.org/are	http://example.org/attr	http://example.org/sources
http://example.org/in	http://example.org/pobj	http://example.org/abilities
http://example.org/the_State_of_Alabama.svg	http://example.org/label	the State of Alabama.svg
http://example.org/Longbourn%2C_near_Meryton%2C_Hertfordshire	http://example.org/label	Longbourn, near Meryton, Hertfordshire
http://dbpedia.org/resource/Suzanne_Collins	http://dbpedia.org/property/name	http://example.org/Suzanne_Collins
http://dbpedia.org/resource/Young_adult_fiction	http://example.org/contains_relation	http://example.org/2012-04-03
http://dbpedia.org/resource/George_Orwell	http://example.org/contains_relation	http://example.org/1124941762
http://dbpedia.org/resource/Augustus	http://example.org/contains_relation	http://example.org/no
http://dbpedia.org/resource/Pride	http://example.org/contains_relation	http://example.org/Meher_Baba
http://example.org/called	http://example.org/oprd	http://example.org/feeling
http://dbpedia.org/resource/Gandalf	http://xmlns.com/foaf/0.1/name	http://example.org/Gandalf
http://dbpedia.org/resource/John_Green	http://dbpedia.org/property/awards	http://example.org/
http://dbpedia.org/resource/Wizardry	http://example.org/contains_relation	http://example.org/been
http://example.org/defeated	http://example.org/nsubj	http://example.org/Allies
http://example.org/intends	http://example.org/nsubj	http://example.org/who
http://example.org/explore	http://example.org/nsubj	http://example.org/plots
http://example.org/Dwarf	http://example.org/label	Dwarf
http://example.org/TechCrunch_Disrupt_2019__.jpg	http://example.org/label	TechCrunch Disrupt 2019  .jpg
http://dbpedia.org/resource/Harry_Potter	http://dbpedia.org/property/books	http://example.org/Goblet_of_Fire
http://example.org/The_Hunger_Games_%28The_Hunger_Games%2C_%231%29	http://example.org/contains_relation	http://example.org/Katniss
http://example.org/to	http://example.org/pobj	http://example.org/date
http://example.org/wish	http://example.org/nsubj	http://example.org/I
http://example.org/subdivide	http://example.org/nsubj	http://example.org/systems
http://dbpedia.org/resource/Harry_Potter	http://dbpedia.org/property/voySearch	http://example.org/Harry_Potter_tourism
http://example.org/refer	http://example.org/nsubj	http://example.org/twilight
http://dbpedia.org/resource/Animal_Farm	http://dbpedia.org/property/d	http://example.org/Q1396889
http://dbpedia.org/resource/Nazi_Germany	http://example.org/contains_relation	http://example.org/823505
http://dbpedia.org/resource/Character_class	http://example.org/contains_relation	http://example.org/weapons
http://example.org/Elizabeth_Bennet	http://example.org/label	Elizabeth Bennet
http://example.org/Dale	http://example.org/label	Dale
http://example.org/with	http://example.org/pobj	http://example.org/scales
http://dbpedia.org/resource/The_Two_Towers	http://dbpedia.org/property/caption	http://example.org/First_edition%2C_with_Tolkien%27s_artwork
http://example.org/radio	http://example.org/conj	http://example.org/games
http://dbpedia.org/resource/Stalinism	http://example.org/contains_relation	http://example.org/1953
http://dbpedia.org/resource/Pride	http://dbpedia.org/ontology/wikiPageLength	http://example.org/41118
http://example.org/Am	http://example.org/nsubj	http://example.org/I
http://dbpedia.org/resource/Harper_Lee	http://example.org/contains_relation	http://example.org/Truman
http://example.org/Empire	http://example.org/appos	http://example.org/800%E2%80%931806
http://example.org/title	http://example.org/published_as	http://example.org/fiction
http://example.org/concerns	http://example.org/nsubj	http://example.org/arc
http://example.org/down	http://example.org/pobj	http://example.org/Shire
http://dbpedia.org/resource/Legolas	http://example.org/contains_relation	http://example.org/set
http://example.org/screen	http://example.org/conj	http://example.org/radio
http://dbpedia.org/resource/The_Hunger_Games	http://example.org/contains_relation	http://example.org/On
http://dbpedia.org/resource/Nazi_Germany	http://example.org/contains_relation	http://example.org/as
http://dbpedia.org/resource/Harry_Potter	http://example.org/contains_relation	http://example.org/J._K._Rowling
http://dbpedia.org/resource/Frodo_Baggins	http://example.org/contains_relation	http://example.org/written
http://example.org/Animal_Farm	http://example.org/contains_relation	http://example.org/Russia
http://example.org/International	http://example.org/label	International
http://dbpedia.org/resource/Young_adult_fiction	http://example.org/contains_relation	http://example.org/love
http://example.org/weapons	http://example.org/conj	http://example.org/abilities
http://example.org/Sir-Tech	http://example.org/label	Sir-Tech
http://dbpedia.org/resource/Hermione_Granger	http://dbpedia.org/property/voice	http://example.org/Rachel_Sternberg
http://example.org/Winner	http://example.org/label	Winner
http://example.org/13.38333320617676	http://example.org/label	13.38333320617676
http://dbpedia.org/resource/Frodo_Baggins	http://dbpedia.org/property/name	http://example.org/Frodo_Baggins
http://dbpedia.org/resource/Gandalf	http://example.org/contains_relation	http://example.org/deem
http://dbpedia.org/resource/Bilbo_Baggins	http://dbpedia.org/property/family	http://example.org/Belladonna_Took
http://dbpedia.org/resource/Elizabeth_Bennet	http://example.org/contains_relation	http://example.org/seek
http://example.org/novel	http://example.org/appos	http://example.org/Hobbit
http://dbpedia.org/resource/Hermione_Granger	http://www.w3.org/2000/01/rdf-schema#label	http://example.org/Hermione_Granger
http://dbpedia.org/resource/Character_class	http://example.org/contains_relation	http://example.org/In
http://example.org/of	http://example.org/pobj	http://example.org/standing
http://dbpedia.org/resource/Augustus	http://example.org/contains_relation	http://example.org/Roman_consul_II
http://example.org/said	http://example.org/nsubjpass	http://example.org/people
http://example.org/in	http://example.org/pobj	http://example.org/nave
http://dbpedia.org/resource/Pride	http://example.org/contains_relation	http://example.org/known
http://dbpedia.org/resource/Markus_Zusak	http://dbpedia.org/ontology/birthName	http://example.org/Markus_Frank_Zusak
http://example.org/on	http://example.org/pobj	http://example.org/us
http://example.org/There_and_Back_Again	http://example.org/label	There and Back Again
http://example.org/Shire	http://example.org/conj	http://example.org/role
http://example.org/Songbirds	http://example.org/conj	http://example.org/Snakes
http://dbpedia.org/resource/Character_class	http://example.org/contains_relation	http://example.org/classes
http://example.org/despite	http://example.org/pobj	http://example.org/wars
http://dbpedia.org/resource/The_Shire	http://example.org/contains_relation	http://example.org/In
http://dbpedia.org/resource/George_Orwell	http://example.org/contains_relation	http://example.org/Church
http://example.org/of	http://example.org/pobj	http://example.org/class
http://dbpedia.org/resource/Stalinism	http://example.org/contains_relation	http://example.org/peasants
http://dbpedia.org/resource/J._R._R._Tolkien	http://example.org/contains_relation	http://example.org/John_Ronald_Reuel_Tolkien_CBE_FRSL
http://dbpedia.org/resource/Jane_Austen	http://example.org/contains_relation	http://example.org/right
http://example.org/Coat	http://example.org/ROOT	http://example.org/Coat
http://dbpedia.org/resource/Animal_Farm	http://dbpedia.org/property/congress	http://example.org/PR6029.R8_A63_2003b
http://example.org/of	http://example.org/pobj	http://example.org/tail
http://example.org/fourth	http://example.org/label	fourth
http://example.org/Potter	http://example.org/conj	http://example.org/Stone
http://example.org/shock	http://example.org/appos	http://example.org/wings
http://example.org/To_Kill_a_Mockingbird	http://example.org/title	To Kill a Mockingbird
http://example.org/North_america_basement_rocks.png	http://example.org/label	North america basement rocks.png
http://example.org/Alice_Keenan	http://example.org/label	Alice Keenan
http://example.org/in	http://example.org/pobj	http://example.org/industry
http://example.org/The_Book_Thief	http://example.org/contains_relation	http://example.org/she
http://example.org/in	http://example.org/pobj	http://example.org/September
http://dbpedia.org/resource/Wizardry	http://dbpedia.org/property/spinoffs	http://example.org/Wizardry%3A_Labyrinth_of_Lost_Souls
http://example.org/27	http://example.org/label	27
http://example.org/is	http://example.org/nsubj	http://example.org/Stalinism
http://dbpedia.org/resource/Samwise_Gamgee	http://example.org/contains_relation	http://example.org/destroying
http://example.org/Watercolour-and-pencil_portrait_of_Jane_Austen	http://example.org/label	Watercolour-and-pencil portrait of Jane Austen
http://dbpedia.org/resource/Hermione_Granger	http://example.org/contains_relation	http://example.org/1997
http://dbpedia.org/resource/Gandalf	http://example.org/contains_relation	http://example.org/bait
http://example.org/dissidents	http://example.org/conj	http://example.org/bourgeoisie
http://example.org/on	http://example.org/pobj	http://example.org/conversation
http://dbpedia.org/resource/Legolas	http://example.org/contains_relation	http://example.org/23140382
http://example.org/ofDixie	http://example.org/appos	http://example.org/State
http://example.org/Zusak	http://example.org/given_In	http://example.org/writing
http://example.org/On	http://example.org/pobj	http://example.org/August
http://example.org/progressed	http://example.org/nsubj	http://example.org/work
http://dbpedia.org/resource/Legolas	http://example.org/contains_relation	http://example.org/are
http://dbpedia.org/resource/The_Hunger_Games	http://example.org/contains_relation	http://example.org/United_States
http://example.org/Chamber_of_Secrets	http://example.org/label	Chamber of Secrets
http://example.org/University	http://example.org/ROOT	http://example.org/University
http://dbpedia.org/resource/J._R._R._Tolkien	http://example.org/contains_relation	http://example.org/September_1973
http://dbpedia.org/resource/John_Green	http://example.org/contains_relation	http://example.org/Vlogbrothers.png
http://dbpedia.org/resource/J._R._R._Tolkien	http://example.org/contains_relation	http://example.org/Francis
http://example.org/The_Hunger_Games_%28The_Hunger_Games%2C_%231%29	http://www.w3.org/1999/02/22-rdf-syntax-ns#type	http://example.org/Book
http://example.org/edition	http://example.org/presents	http://example.org/books
http://dbpedia.org/resource/J._R._R._Tolkien	http://example.org/contains_relation	http://example.org/Priscilla_Anne
http://dbpedia.org/resource/Hermione_Granger	http://dbpedia.org/property/voice	http://example.org/Harper_Marshall
http://dbpedia.org/resource/John_Green	http://example.org/contains_relation	http://example.org/Hank_and_John_Green__2017.jpg
http://dbpedia.org/resource/J._R._R._Tolkien	http://example.org/contains_relation	http://example.org/Tolkien
http://example.org/is	http://example.org/attr	http://example.org/folk
http://dbpedia.org/resource/Smaug	http://example.org/contains_relation	http://example.org/by
http://example.org/USSR	http://example.org/label	USSR
http://dbpedia.org/resource/Alabama	http://example.org/contains_relation	http://example.org/is
http://example.org/of	http://example.org/pobj	http://example.org/things
http://example.org/of	http://example.org/pobj	http://example.org/Magic
http://dbpedia.org/resource/Pride	http://example.org/contains_relation	http://example.org/be
http://dbpedia.org/resource/Gandalf	http://example.org/contains_relation	http://example.org/about
http://example.org/Osgiliath%2C_then_Minas_Tirith	http://example.org/label	Osgiliath, then Minas Tirith
http://dbpedia.org/resource/Pride	http://example.org/contains_relation	http://example.org/is
http://example.org/North_america_terrain_2003_map.jpg	http://example.org/label	North america terrain 2003 map.jpg
http://dbpedia.org/resource/Samwise_Gamgee	http://example.org/contains_relation	http://example.org/carrying
http://dbpedia.org/resource/The_Hobbit	http://example.org/contains_relation	http://example.org/made
http://dbpedia.org/resource/Hogwarts	http://example.org/contains_relation	http://example.org/Witchcraft
http://example.org/of	http://example.org/pobj	http://example.org/Augustus
http://dbpedia.org/resource/J._R._R._Tolkien	http://example.org/contains_relation	http://example.org/translation
http://example.org/was	http://example.org/nsubj	http://example.org/game
http://example.org/Octavian	http://example.org/label	Octavian
http://dbpedia.org/resource/Academy_Awards	http://example.org/contains_relation	http://example.org/as
http://example.org/included	http://example.org/nsubj	http://example.org/It
http://dbpedia.org/resource/Stalinism	http://example.org/contains_relation	http://example.org/as
http://dbpedia.org/resource/Harry_Potter	http://www.w3.org/2000/01/rdf-schema#label	http://example.org/Harry_Potter
http://example.org/Dockenfield%2C_Surrey%2C_England	http://example.org/label	Dockenfield, Surrey, England
http://dbpedia.org/resource/The_Shire	http://example.org/contains_relation	http://example.org/Baggins
http://example.org/Tennessee	http://example.org/label	Tennessee
http://dbpedia.org/resource/George_Orwell	http://example.org/contains_relation	http://example.org/11891
http://dbpedia.org/resource/Pauline_Baynes	http://example.org/contains_relation	http://example.org/Pauline_Diana_Baynes
http://example.org/34224	http://example.org/label	34224
http://dbpedia.org/resource/The_Hunger_Games	http://example.org/contains_relation	http://example.org/two
http://example.org/of	http://example.org/pobj	http://example.org/Dumbledore
http://example.org/done	http://example.org/nsubj	http://example.org/Atticus
http://example.org/William_IV	http://example.org/label	William IV
http://example.org/was	http://example.org/nsubj	http://example.org/Wizardry
http://example.org/prove	http://example.org/nsubj	http://example.org/it
http://example.org/Francis	http://example.org/appos	http://example.org/John
http://example.org/in	http://example.org/pobj	http://example.org/South
http://example.org/into	http://example.org/pobj	http://example.org/adventure
http://example.org/Cover	http://example.org/ROOT	http://example.org/Cover
http://dbpedia.org/resource/Twilight	http://dbpedia.org/ontology/wikiPageID	http://example.org/526237
http://example.org/matter	http://example.org/conj	http://example.org/genres
http://example.org/betrayed	http://example.org/nsubjpass	http://example.org/rebellion
http://dbpedia.org/resource/Pride	http://example.org/contains_relation	http://example.org/viewed
http://dbpedia.org/resource/The_Hobbit	http://purl.org/dc/elements/1.1/publisher	http://example.org/
http://example.org/marked	http://example.org/nsubjpass	http://example.org/Stalinism
http://example.org/gathered	http://example.org/dobj	http://example.org/pace
http://dbpedia.org/resource/Jane_Austen	http://example.org/contains_relation	http://example.org/critics
http://example.org/included	http://example.org/dobj	http://example.org/theory
http://example.org/reflection	http://example.org/conj	http://example.org/feeling
http://example.org/performing	http://example.org/dobj	http://example.org/salute
http://dbpedia.org/resource/North_America	http://dbpedia.org/property/image	http://example.org/North_america_basement_rocks.png
http://example.org/in	http://example.org/pobj	http://example.org/Pride
http://dbpedia.org/resource/Stalinism	http://example.org/contains_relation	http://example.org/completed
http://example.org/Elizabeth%2C_Mrs_Darcy	http://example.org/label	Elizabeth, Mrs Darcy
http://dbpedia.org/resource/Alabama	http://example.org/contains_relation	http://example.org/of
http://example.org/illuminates	http://example.org/nsubj	http://example.org/which
http://dbpedia.org/resource/The_Chronicles_of_Narnia	http://example.org/contains_relation	http://example.org/HarperCollins
http://example.org/for	http://example.org/pobj	http://example.org/fiction
http://example.org/push	http://example.org/nsubj	http://example.org/circumstances
http://example.org/19_August_AD_14	http://example.org/label	19 August AD 14
http://dbpedia.org/resource/Pride	http://example.org/contains_relation	http://example.org/of
http://dbpedia.org/resource/Regency_era	http://example.org/contains_relation	http://example.org/recognises
http://example.org/asked	http://example.org/dobj	http://example.org/voters
http://example.org/sets	http://example.org/nsubj	http://example.org/Bilbo
http://dbpedia.org/resource/Twilight	http://example.org/contains_relation	http://example.org/absence
http://dbpedia.org/resource/Animal_Farm	http://example.org/contains_relation	http://example.org/Napoleon
http://dbpedia.org/resource/Pauline_Baynes	http://example.org/contains_relation	http://example.org/English
http://dbpedia.org/resource/Smaug	http://example.org/contains_relation	http://example.org/Male
http://example.org/through	http://example.org/pobj	http://example.org/which
http://dbpedia.org/resource/Nazi_Germany	http://example.org/contains_relation	http://example.org/controlled
http://example.org/Church	http://example.org/ROOT	http://example.org/Church
http://dbpedia.org/resource/Markus_Zusak	http://example.org/contains_relation	http://example.org/with
http://example.org/showing	http://example.org/dobj	http://example.org/title
http://example.org/the_Nazi_Party	http://example.org/label	the Nazi Party
http://dbpedia.org/resource/Character_class	http://example.org/contains_relation	http://example.org/remain
http://dbpedia.org/resource/Markus_Zusak	http://www.w3.org/1999/02/22-rdf-syntax-ns#type	http://example.org/Entity
http://dbpedia.org/resource/The_Shire	http://example.org/contains_relation	http://example.org/Pippin_Took
http://example.org/1120559442	http://example.org/label	1120559442
http://example.org/center	http://example.org/label	center
http://dbpedia.org/resource/Harper_Lee	http://example.org/contains_relation	http://example.org/Harper_Lee
http://example.org/Panem	http://example.org/label	Panem
http://example.org/Hank_and_John_Green__2017.jpg	http://example.org/label	Hank and John Green  2017.jpg
http://dbpedia.org/resource/John_Green	http://example.org/contains_relation	http://example.org/Hank
http://dbpedia.org/resource/Hermione_Granger	http://example.org/contains_relation	http://example.org/appears
http://example.org/succumbed	http://example.org/nsubj	http://example.org/III
http://dbpedia.org/resource/Harper_Lee	http://example.org/contains_relation	http://example.org/through
http://example.org/bark	http://example.org/conj	http://example.org/leaves
http://example.org/with	http://example.org/pobj	http://example.org/world
http://example.org/be	http://example.org/nsubj	http://example.org/animals
http://dbpedia.org/resource/The_Hobbit	http://example.org/contains_relation	http://example.org/takes
http://example.org/had	http://example.org/dobj	http://example.org/bark
http://example.org/just_12_years	http://example.org/label	just 12 years
http://dbpedia.org/resource/Jane_Austen	http://example.org/contains_relation	http://example.org/Q36322
http://dbpedia.org/resource/Regency_era	http://example.org/contains_relation	http://example.org/154908
http://dbpedia.org/resource/Gandalf	http://example.org/contains_relation	http://example.org/Rings
http://dbpedia.org/resource/Augustus	http://dbpedia.org/property/spouse	http://example.org/Claudia
http://dbpedia.org/resource/The_Hobbit	http://example.org/contains_relation	http://example.org/win
http://example.org/is	http://example.org/nsubj	http://example.org/Towers
http://dbpedia.org/resource/Samwise_Gamgee	http://dbpedia.org/ontology/wikiPageID	http://example.org/62320
http://dbpedia.org/resource/North_America	http://example.org/contains_relation	http://example.org/North_America
http://dbpedia.org/resource/Stalinism	http://example.org/contains_relation	http://example.org/dissidents
http://example.org/Mexico_City_Reforma_skyline_.jpg	http://example.org/label	Mexico City Reforma skyline .jpg
http://dbpedia.org/resource/Pride	http://example.org/contains_relation	http://example.org/esteem
http://example.org/pride	http://example.org/conj	http://example.org/hubris
http://example.org/of	http://example.org/pobj	http://example.org/story
http://dbpedia.org/resource/Wizardry	http://dbpedia.org/property/id	http://example.org/-group/wizardry-games
http://dbpedia.org/resource/Nazi_Germany	http://example.org/contains_relation	http://example.org/the_Thousand-Year_Reich
http://example.org/remain	http://example.org/nsubj	http://example.org/character
http://example.org/one	http://example.org/conj	http://example.org/leader
http://example.org/twilight	http://example.org/appos	http://example.org/factors
http://dbpedia.org/resource/Frodo_Baggins	http://example.org/contains_relation	http://example.org/Fellowship
http://example.org/Ron	http://example.org/label	Ron
http://dbpedia.org/resource/George_Orwell	http://example.org/contains_relation	http://example.org/characterised
http://dbpedia.org/resource/To_Kill_a_Mockingbird	http://example.org/contains_relation	http://example.org/on
http://dbpedia.org/resource/To_Kill_a_Mockingbird	http://example.org/contains_relation	http://example.org/dogs
http://dbpedia.org/resource/Harper_Lee	http://example.org/contains_relation	http://example.org/with
http://dbpedia.org/resource/Nazi_Germany	http://example.org/contains_relation	http://example.org/1943
http://example.org/in	http://example.org/pobj	http://example.org/Panem
http://dbpedia.org/resource/Augustus	http://example.org/contains_relation	http://example.org/being
http://dbpedia.org/resource/The_Shire	http://example.org/contains_relation	http://example.org/have
http://dbpedia.org/resource/Regency_era	http://example.org/contains_relation	http://example.org/Without
http://example.org/in	http://example.org/pobj	http://example.org/fires
http://example.org/of	http://example.org/pobj	http://example.org/excellence
http://example.org/transported	http://example.org/nsubjpass	http://example.org/who
http://example.org/9171	http://example.org/label	9171
http://example.org/at	http://example.org/pobj	http://example.org/School
http://example.org/winning	http://example.org/dobj	http://example.org/Prize
http://example.org/evening	http://example.org/label	evening
http://example.org/Narya	http://example.org/label	Narya
http://dbpedia.org/resource/Regency_era	http://example.org/contains_relation	http://example.org/gathered
http://dbpedia.org/resource/Twilight	http://example.org/contains_relation	http://example.org/after
http://example.org/John	http://example.org/conj	http://example.org/Green
http://dbpedia.org/resource/George_Orwell	http://example.org/contains_relation	http://example.org/Orwell
http://example.org/2011	http://example.org/label	2011
http://example.org/Zusak_in_2019	http://example.org/label	Zusak in 2019
http://dbpedia.org/resource/J._R._R._Tolkien	http://example.org/contains_relation	http://example.org/works
http://example.org/Gondor	http://example.org/ROOT	http://example.org/Gondor
http://dbpedia.org/resource/Elizabeth_Bennet	http://example.org/contains_relation	http://example.org/Jane_Austen
http://example.org/12	http://example.org/label	12
http://dbpedia.org/resource/Smaug	http://example.org/contains_relation	http://example.org/am
http://dbpedia.org/resource/Markus_Zusak	http://example.org/contains_relation	http://example.org/1999
http://dbpedia.org/resource/Gandalf	http://example.org/contains_relation	http://example.org/defeat
http://example.org/wisdom	http://example.org/conj	http://example.org/folly
http://dbpedia.org/resource/Twilight	http://example.org/contains_relation	http://example.org/nearly_zero
http://example.org/of	http://example.org/pobj	http://example.org/time
http://dbpedia.org/resource/Harry_Potter	http://example.org/contains_relation	http://example.org/chronicle
http://example.org/the_Old_Norse_%22Catalogue_of_Dwarves	http://example.org/label	the Old Norse "Catalogue of Dwarves
http://example.org/Mont_Saint-Michel_France_.jpg	http://example.org/label	Mont Saint-Michel France .jpg
http://example.org/by	http://example.org/pobj	http://example.org/Lewis
http://dbpedia.org/resource/Legolas	http://dbpedia.org/property/lbl	http://example.org/Book
http://example.org/Left	http://example.org/nsubj	http://example.org/letter
http://dbpedia.org/resource/Augustus	http://example.org/contains_relation	http://example.org/AD_14
http://example.org/is	http://example.org/attr	http://example.org/phase
http://dbpedia.org/resource/Jane_Austen	http://example.org/contains_relation	http://example.org/are
http://dbpedia.org/resource/The_Hunger_Games	http://example.org/contains_relation	http://example.org/more_than_18_million
http://example.org/Young_adult_fiction	http://example.org/label	Young adult fiction
http://dbpedia.org/resource/Gandalf	http://example.org/contains_relation	http://example.org/make
http://example.org/Toronto	http://example.org/label	Toronto
http://example.org/is	http://example.org/nsubj	http://example.org/Granger
http://dbpedia.org/resource/Pride	http://example.org/contains_relation	http://example.org/related
http://example.org/Baggins	http://example.org/appos	http://example.org/character
http://example.org/cult	http://example.org/conj	http://example.org/era
http://example.org/chronicle	http://example.org/dobj	http://example.org/lives
http://dbpedia.org/resource/To_Kill_a_Mockingbird	http://www.w3.org/1999/02/22-rdf-syntax-ns#type	http://example.org/Entity
http://dbpedia.org/resource/Regency_era	http://example.org/contains_relation	http://example.org/musicians
http://dbpedia.org/resource/North_America	http://example.org/contains_relation	http://example.org/to
http://dbpedia.org/resource/Bilbo_Baggins	http://example.org/contains_relation	http://example.org/in
http://example.org/Founder	http://example.org/label	Founder
http://example.org/Pulitzer_Prize	http://example.org/label	Pulitzer Prize
http://example.org/Set	http://example.org/dobj	http://example.org/Watchman
http://example.org/Orwell-Signature.svg	http://example.org/label	Orwell-Signature.svg
http://example.org/Arts	http://example.org/conj	http://example.org/Sciences
http://dbpedia.org/resource/George_Orwell	http://example.org/contains_relation	http://example.org/June
http://example.org/Jane_Campion_DNZM_.jpg	http://example.org/label	Jane Campion DNZM .jpg
http://example.org/lion	http://example.org/appos	http://example.org/Aslan
http://example.org/Panem	http://example.org/appos	http://example.org/country
http://example.org/to	http://example.org/pobj	http://example.org/crust
http://dbpedia.org/resource/Academy_Awards	http://www.w3.org/1999/02/22-rdf-syntax-ns#type	http://example.org/Entity
http://dbpedia.org/resource/Nazi_Germany	http://example.org/contains_relation	http://example.org/In
http://dbpedia.org/resource/Stalinism	http://www.w3.org/1999/02/22-rdf-syntax-ns#type	http://example.org/Entity
http://example.org/the_1950s_and_1960s	http://example.org/label	the 1950s and 1960s
http://example.org/was	http://example.org/attr	http://example.org/illustrator
http://example.org/was	http://example.org/attr	http://example.org/gardener
http://dbpedia.org/resource/To_Kill_a_Mockingbird	http://example.org/contains_relation	http://example.org/%E2%80%94Allan_Gurganus
http://example.org/in	http://example.org/pobj	http://example.org/U.S.
http://example.org/applied	http://example.org/nsubjpass	http://example.org/term
http://dbpedia.org/resource/Suzanne_Collins	http://dbpedia.org/property/spouse	http://example.org/Charles_Pryor
http://example.org/Austrian	http://example.org/label	Austrian
http://dbpedia.org/resource/Alabama	http://dbpedia.org/property/tradabbreviation	http://example.org/Ala.
http://example.org/with	http://example.org/pobj	http://example.org/courage
http://example.org/Wizardry	http://example.org/label	Wizardry
http://example.org/as	http://example.org/pobj	http://example.org/vice
http://dbpedia.org/resource/Legolas	http://example.org/contains_relation	http://example.org/Hollin
http://example.org/creator	http://example.org/conj	http://example.org/podcaster
http://example.org/historians	http://example.org/conj	http://example.org/scholars
http://example.org/by	http://example.org/pobj	http://example.org/prose
http://dbpedia.org/resource/Twilight	http://example.org/contains_relation	http://example.org/2011-10-14
http://dbpedia.org/resource/J._R._R._Tolkien	http://example.org/contains_relation	http://example.org/led
http://dbpedia.org/resource/Regency_era	http://example.org/contains_relation	http://example.org/1124110836
http://dbpedia.org/resource/Augustus	http://example.org/contains_relation	http://example.org/year-long
http://dbpedia.org/resource/Jane_Austen	http://example.org/contains_relation	http://example.org/upon
http://dbpedia.org/resource/Stalinism	http://example.org/contains_relation	http://example.org/bourgeoisie
http://dbpedia.org/resource/The_Hobbit	http://dbpedia.org/property/language	http://example.org/English
http://example.org/chapter	http://example.org/graced_with	http://example.org/illustration
http://example.org/eschew	http://example.org/dobj	http://example.org/use
http://example.org/by	http://example.org/pobj	http://example.org/experience
http://dbpedia.org/resource/Young_adult_fiction	http://dbpedia.org/ontology/wikiPageID	http://example.org/893310
http://example.org/assisted	http://example.org/nsubj	http://example.org/She
http://dbpedia.org/resource/The_Two_Towers	http://example.org/contains_relation	http://example.org/King
http://dbpedia.org/resource/To_Kill_a_Mockingbird	http://xmlns.com/foaf/0.1/name	http://example.org/To_Kill_a_Mockingbird
http://example.org/as	http://example.org/pobj	http://example.org/threats
http://example.org/aggregate	http://example.org/dobj	http://example.org/abilities
http://example.org/Gondor	http://example.org/label	Gondor
http://dbpedia.org/resource/Suzanne_Collins	http://dbpedia.org/property/birthPlace	http://example.org/Hartford%2C_Connecticut%2C_U.S.
http://example.org/liked	http://example.org/nsubj	http://example.org/Morris
http://example.org/view	http://example.org/dobj	http://example.org/experiences
http://dbpedia.org/resource/Frodo_Baggins	http://example.org/contains_relation	http://example.org/in
http://example.org/within	http://example.org/pobj	http://example.org/northwest
http://dbpedia.org/resource/The_Hobbit	http://example.org/contains_relation	http://example.org/follows
http://dbpedia.org/resource/Academy_Awards	http://example.org/contains_relation	http://example.org/September
http://example.org/of	http://example.org/pobj	http://example.org/games
http://example.org/destroy	http://example.org/dobj	http://example.org/it
http://dbpedia.org/resource/Suzanne_Collins	http://example.org/contains_relation	http://example.org/Chronicles
http://example.org/amongst	http://example.org/pobj	http://example.org/professionals
http://dbpedia.org/resource/North_America	http://example.org/contains_relation	http://example.org/the_Caribbean_Sea
http://dbpedia.org/resource/Young_adult_fiction	http://www.w3.org/2000/01/rdf-schema#label	http://example.org/Young_adult_fiction
http://dbpedia.org/resource/Nazi_Germany	http://example.org/contains_relation	http://example.org/Nazi
http://example.org/is	http://example.org/attr	http://example.org/Lord
http://dbpedia.org/resource/Harper_Lee	http://example.org/contains_relation	http://example.org/
http://dbpedia.org/resource/Smaug	http://example.org/contains_relation	http://example.org/caught
http://dbpedia.org/resource/Stalinism	http://example.org/contains_relation	http://example.org/from
http://dbpedia.org/resource/Smaug	http://www.w3.org/2000/01/rdf-schema#label	http://example.org/Smaug
http://example.org/abilities	http://example.org/conj	http://example.org/aptitudes
http://example.org/with	http://example.org/pobj	http://example.org/conceit
http://dbpedia.org/resource/Hermione_Granger	http://example.org/contains_relation	http://example.org/from
http://example.org/George_Allen_%26_Unwin%28UK%29	http://example.org/label	George Allen & Unwin(UK)
http://example.org/after	http://example.org/pobj	http://example.org/bleue
http://dbpedia.org/resource/Smaug	http://example.org/contains_relation	http://example.org/stopped
http://example.org/Hartford%2C_Connecticut%2C_U.S.	http://example.org/label	Hartford, Connecticut, U.S.
http://example.org/philology	http://example.org/conj	http://example.org/interest
http://example.org/Print	http://example.org/label	Print
http://example.org/of	http://example.org/pobj	http://example.org/industry
http://dbpedia.org/resource/Bilbo_Baggins	http://example.org/contains_relation	http://example.org/seized
http://example.org/in	http://example.org/pobj	http://example.org/Rohan
http://example.org/by	http://example.org/pobj	http://example.org/Gandalf
http://dbpedia.org/resource/Elizabeth_Bennet	http://example.org/contains_relation	http://example.org/Longbourn%2C_near_Meryton%2C_Hertfordshire
http://example.org/destroying	http://example.org/dobj	http://example.org/Ring
http://example.org/Turner	http://example.org/conj	http://example.org/Wordsworth
http://example.org/had	http://example.org/nsubj	http://example.org/it
http://example.org/marked	http://example.org/nsubjpass	http://example.org/bookseller
http://example.org/was	http://example.org/nsubj	http://example.org/Lee
http://dbpedia.org/resource/Stalinism	http://example.org/contains_relation	http://example.org/blamed
http://dbpedia.org/resource/Twilight	http://example.org/contains_relation	http://example.org/For
http://example.org/character	http://example.org/conj	http://example.org/way
http://example.org/within	http://example.org/pobj	http://example.org/universe
http://dbpedia.org/resource/Augustus	http://example.org/contains_relation	http://example.org/frontiers
http://example.org/Gold	http://example.org/label	Gold
http://example.org/Hazel	http://example.org/been_Despite	http://example.org/miracle
http://dbpedia.org/resource/Stalinism	http://example.org/contains_relation	http://example.org/signed
http://example.org/Execute_346_Stalins_resolution.jpg	http://example.org/label	Execute 346 Stalins resolution.jpg
http://example.org/Khrushchev	http://example.org/label	Khrushchev
http://example.org/gains	http://example.org/dobj	http://example.org/level
http://dbpedia.org/resource/Nazi_Germany	http://www.w3.org/2003/01/geo/wgs84_pos#long	http://example.org/13.38333320617676
http://dbpedia.org/resource/Harper_Lee	http://dbpedia.org/ontology/deathDate	http://example.org/2016-02-19
http://example.org/The_Hunger_Games_%28The_Hunger_Games%2C_%231%29	http://example.org/title	The Hunger Games (The Hunger Games, #1)
http://example.org/is	http://example.org/nsubj	http://example.org/brightness
http://dbpedia.org/resource/Smaug	http://example.org/contains_relation	http://example.org/Hobbit
http://dbpedia.org/resource/Harry_Potter	http://example.org/contains_relation	http://example.org/logo
http://dbpedia.org/resource/Stalinism	http://example.org/contains_relation	http://example.org/death
http://example.org/set	http://example.org/contains	http://example.org/masterworks
http://dbpedia.org/resource/The_Shire	http://example.org/contains_relation	http://example.org/constructed
http://dbpedia.org/resource/The_Two_Towers	http://example.org/contains_relation	http://example.org/1123548870
http://example.org/invaded	http://example.org/nsubj	http://example.org/he
http://example.org/3	http://example.org/label	3
http://dbpedia.org/resource/Hermione_Granger	http://example.org/contains_relation	http://example.org/eight
http://dbpedia.org/resource/Elizabeth_Bennet	http://dbpedia.org/property/relatives	http://example.org/Jane_Bennet
http://dbpedia.org/resource/Hogwarts	http://example.org/contains_relation	http://example.org/Wizardry
http://dbpedia.org/resource/To_Kill_a_Mockingbird	http://example.org/contains_relation	http://example.org/schools
http://example.org/Ring	http://example.org/label	Ring
http://dbpedia.org/resource/Animal_Farm	http://example.org/contains_relation	http://example.org/tells
http://dbpedia.org/resource/Nazi_Germany	http://dbpedia.org/property/yearDeputy	http://example.org/1945
http://example.org/-87.0	http://example.org/label	-87.0
http://dbpedia.org/resource/The_Hunger_Games	http://dbpedia.org/property/mediaType	http://example.org/Print_%2C_audiobook%2C_e-book
http://example.org/is	http://example.org/attr	http://example.org/setting
http://example.org/The_Underland_Chronicles_and_The_Hunger_Games	http://example.org/label	The Underland Chronicles and The Hunger Games
http://example.org/Gondor	http://example.org/conj	http://example.org/area
http://dbpedia.org/resource/Smaug	http://example.org/contains_relation	http://example.org/like
http://example.org/Fantastic_Beasts	http://example.org/label	Fantastic Beasts
http://example.org/was	http://example.org/nsubj	http://example.org/that
http://dbpedia.org/resource/Regency_era	http://example.org/contains_relation	http://example.org/began
http://example.org/for	http://example.org/pobj	http://example.org/stage
http://example.org/Secondary_school	http://example.org/label	Secondary school
http://example.org/be	http://example.org/attr	http://example.org/idolatry
http://dbpedia.org/resource/Animal_Farm	http://example.org/contains_relation	http://example.org/Animal_Farm
http://example.org/as	http://example.org/pobj	http://example.org/awards
http://dbpedia.org/resource/Alabama	http://example.org/contains_relation	http://example.org/24th
http://dbpedia.org/resource/The_Hobbit	http://example.org/contains_relation	http://example.org/Bilbo
http://dbpedia.org/resource/Smaug	http://example.org/contains_relation	http://example.org/as
http://example.org/Elvish	http://example.org/label	Elvish
http://dbpedia.org/resource/To_Kill_a_Mockingbird	http://example.org/contains_relation	http://example.org/read
http://dbpedia.org/resource/Twilight	http://example.org/contains_relation	http://example.org/refer
http://example.org/author	http://example.org/conj	http://example.org/artist
http://example.org/in	http://example.org/pobj	http://example.org/which
http://example.org/in	http://example.org/pobj	http://example.org/series
http://example.org/of	http://example.org/pobj	http://example.org/statuette
http://example.org/home	http://example.org/conj	http://example.org/treasure
http://example.org/Edwardian	http://example.org/label	Edwardian
http://example.org/Mikhail_Gorbachev%E2%80%99s	http://example.org/label	Mikhail Gorbachev’s
http://example.org/planted	http://example.org/nsubj	http://example.org/Sam
http://dbpedia.org/resource/Alabama	http://example.org/contains_relation	http://example.org/Georgia
http://example.org/selected	http://example.org/nsubjpass	http://example.org/children
http://example.org/of	http://example.org/pobj	http://example.org/Witchcraft
http://example.org/into	http://example.org/pobj	http://example.org/edition
http://dbpedia.org/resource/To_Kill_a_Mockingbird	http://example.org/contains_relation	http://example.org/works
http://example.org/In	http://example.org/pobj	http://example.org/films
http://dbpedia.org/resource/Gandalf	http://example.org/contains_relation	http://example.org/see
http://dbpedia.org/resource/Harry_Potter	http://dbpedia.org/property/book	http://example.org/Harry_Potter
http://dbpedia.org/resource/Hermione_Granger	http://example.org/contains_relation	http://example.org/wit
http://example.org/of	http://example.org/pobj	http://example.org/century
http://example.org/9	http://example.org/label	9
http://example.org/Samwise	http://example.org/label	Samwise
http://example.org/during	http://example.org/pobj	http://example.org/era
http://dbpedia.org/resource/The_Two_Towers	http://xmlns.com/foaf/0.1/name	http://example.org/The_Two_Towers
http://dbpedia.org/resource/Samwise_Gamgee	http://example.org/contains_relation	http://example.org/leaped
http://dbpedia.org/resource/Twilight	http://example.org/contains_relation	http://example.org/1120559442
http://example.org/as	http://example.org/pobj	http://example.org/Holodomor
http://dbpedia.org/resource/Suzanne_Collins	http://example.org/contains_relation	http://example.org/of
http://dbpedia.org/resource/Regency_era	http://example.org/contains_relation	http://example.org/included
http://dbpedia.org/resource/Gandalf	http://example.org/contains_relation	http://example.org/wisdom
http://example.org/of	http://example.org/pobj	http://example.org/convenience
http://example.org/following	http://example.org/dobj	http://example.org/Everdeen
http://dbpedia.org/resource/Animal_Farm	http://dbpedia.org/property/mw	http://example.org/no
http://example.org/is	http://example.org/attr	http://example.org/writer
http://dbpedia.org/resource/Twilight	http://example.org/contains_relation	http://example.org/are
http://example.org/as	http://example.org/pobj	http://example.org/Austen
http://example.org/Michel_Delving	http://example.org/label	Michel Delving
http://dbpedia.org/resource/Regency_era	http://example.org/contains_relation	http://example.org/brother
http://example.org/of	http://example.org/pobj	http://example.org/Union
http://example.org/272	http://example.org/label	272
http://dbpedia.org/resource/The_Hobbit	http://example.org/contains_relation	http://example.org/competence
http://dbpedia.org/resource/Regency_era	http://example.org/contains_relation	http://example.org/remembered
http://example.org/toward	http://example.org/pobj	http://example.org/one
http://example.org/Pride_and_Prejudice	http://example.org/contains_relation	http://example.org/characters
http://example.org/called	http://example.org/oprd	http://example.org/Award
http://example.org/346_Berias	http://example.org/label	346 Berias
http://dbpedia.org/resource/Academy_Awards	http://example.org/contains_relation	http://example.org/CODA
http://dbpedia.org/resource/The_Shire	http://example.org/contains_relation	http://example.org/Middle-earth
http://example.org/de-Stalinization	http://example.org/label	de-Stalinization
http://dbpedia.org/resource/Harper_Lee	http://www.w3.org/2000/01/rdf-schema#label	http://example.org/Harper_Lee
http://example.org/are	http://example.org/nsubj	http://example.org/novels
http://example.org/January	http://example.org/appos	http://example.org/September
http://dbpedia.org/resource/Augustus	http://example.org/contains_relation	http://example.org/Princeps_Civitatis
http://example.org/subdivide	http://example.org/dobj	http://example.org/them
http://dbpedia.org/resource/Elizabeth_Bennet	http://example.org/contains_relation	http://example.org/in
http://example.org/World_War_I	http://example.org/label	World War I
http://dbpedia.org/resource/The_Shire	http://example.org/contains_relation	http://example.org/Eriador
http://example.org/Thorin	http://example.org/label	Thorin
http://example.org/Portrait	http://example.org/ROOT	http://example.org/Portrait
http://example.org/of	http://example.org/pobj	http://example.org/Baggins
http://example.org/J.R.R._Tolkien_4-Book_Boxed_Set%3A_The_Hobbit_and_The_Lord_of_the_Rings	http://www.w3.org/1999/02/22-rdf-syntax-ns#type	http://example.org/Book
http://example.org/shaping	http://example.org/dobj	http://example.org/story
http://example.org/is	http://example.org/nsubj	http://example.org/School
http://dbpedia.org/resource/Hogwarts	http://example.org/contains_relation	http://example.org/first
http://example.org/film	http://example.org/conj	http://example.org/games
http://dbpedia.org/resource/Gandalf	http://example.org/contains_relation	http://example.org/for
http://dbpedia.org/resource/The_Hunger_Games	http://example.org/contains_relation	http://example.org/including
http://dbpedia.org/resource/Wizardry	http://example.org/contains_relation	http://example.org/Wizardry
http://dbpedia.org/resource/Character_class	http://example.org/contains_relation	http://example.org/tasked
http://example.org/that	http://example.org/burns_with	http://example.org/intensity
http://example.org/proposes	http://example.org/dobj	http://example.org/betrayal
http://dbpedia.org/resource/Augustus	http://example.org/contains_relation	http://example.org/known
http://example.org/the_Pacific_Ocean	http://example.org/label	the Pacific Ocean
http://dbpedia.org/resource/Pride	http://example.org/contains_relation	http://example.org/abilities
http://dbpedia.org/resource/Markus_Zusak	http://example.org/contains_relation	http://example.org/9171
http://dbpedia.org/resource/Smaug	http://example.org/contains_relation	http://example.org/novel
http://example.org/bordered	http://example.org/nsubjpass	http://example.org/It
http://dbpedia.org/resource/Gandalf	http://example.org/contains_relation	http://example.org/Wizard_staff
http://example.org/is	http://example.org/attr	http://example.org/counsel
http://dbpedia.org/resource/North_America	http://www.w3.org/2000/01/rdf-schema#label	http://example.org/North_America
http://dbpedia.org/resource/Stalinism	http://example.org/contains_relation	http://example.org/policies
http://example.org/detail	http://example.org/dobj	http://example.org/aspects
http://dbpedia.org/resource/Samwise_Gamgee	http://www.w3.org/1999/02/22-rdf-syntax-ns#type	http://example.org/Entity
http://example.org/The_Chronicles_of_Narnia_%28The_Chronicles_of_Narnia%2C_%231-7%29	http://example.org/contains_relation	http://example.org/books
http://dbpedia.org/resource/The_Shire	http://example.org/contains_relation	http://example.org/New_Zealand
http://example.org/District_13	http://example.org/label	District 13
http://example.org/of	http://example.org/pobj	http://example.org/order
http://dbpedia.org/resource/Regency_era	http://example.org/contains_relation	http://example.org/William_IV
http://dbpedia.org/resource/Gondor	http://dbpedia.org/property/image	http://example.org/Location_of_Gondor_3019_TA.svg
http://dbpedia.org/resource/Pauline_Baynes	http://example.org/contains_relation	http://example.org/Portrait%2C_c._1974
http://dbpedia.org/resource/Regency_era	http://example.org/contains_relation	http://example.org/architecture
http://dbpedia.org/resource/Legolas	http://example.org/contains_relation	http://example.org/destroy
http://example.org/C._S._Lewis%27s	http://example.org/label	C. S. Lewis's
http://dbpedia.org/resource/Hogwarts	http://example.org/contains_relation	http://example.org/45324
http://dbpedia.org/resource/Markus_Zusak	http://example.org/contains_relation	http://example.org/3
http://example.org/Frodo	http://example.org/label	Frodo
http://dbpedia.org/resource/Augustus	http://example.org/contains_relation	http://example.org/over
http://example.org/Chronicles	http://example.org/transcended_For	http://example.org/years
http://dbpedia.org/resource/Harper_Lee	http://example.org/contains_relation	http://example.org/inspired
http://dbpedia.org/resource/Hermione_Granger	http://example.org/contains_relation	http://example.org/Hermione_Jean_Granger
http://example.org/by	http://example.org/pobj	http://example.org/attitudes
http://dbpedia.org/resource/Regency_era	http://example.org/contains_relation	http://example.org/Walter_Scott
http://dbpedia.org/resource/Frodo_Baggins	http://example.org/contains_relation	http://example.org/into
http://example.org/was	http://example.org/nsubj	http://example.org/Augustus
http://dbpedia.org/resource/Academy_Awards	http://example.org/contains_relation	http://example.org/George_Stanley
http://example.org/quest	http://example.org/appos	http://example.org/person
http://example.org/six	http://example.org/label	six
http://example.org/as	http://example.org/pobj	http://example.org/esteem
http://dbpedia.org/resource/To_Kill_a_Mockingbird	http://example.org/contains_relation	http://example.org/Harper_Lee
http://dbpedia.org/resource/Samwise_Gamgee	http://example.org/contains_relation	http://example.org/at
http://example.org/book	http://example.org/is	http://example.org/Lion
http://dbpedia.org/resource/Smaug	http://example.org/contains_relation	http://example.org/Sigurd
http://example.org/Animal_Farm%3A_A_Fairy_Story	http://example.org/label	Animal Farm: A Fairy Story
http://example.org/via	http://example.org/pobj	http://example.org/lottery
http://dbpedia.org/resource/Augustus	http://dbpedia.org/property/birthName	http://example.org/Gaius_Octavius
http://example.org/snapped	http://example.org/nsubj	http://example.org/he
http://dbpedia.org/resource/Harry_Potter	http://example.org/contains_relation	http://example.org/Harry
http://example.org/Lady_Anne_Darcy	http://example.org/label	Lady Anne Darcy
http://example.org/of	http://example.org/pobj	http://example.org/arms
http://example.org/manifests	http://example.org/nsubj	http://example.org/egoism
http://dbpedia.org/resource/Bilbo_Baggins	http://example.org/contains_relation	http://example.org/Bungo_Baggins
http://dbpedia.org/resource/Character_class	http://example.org/contains_relation	http://example.org/is
http://dbpedia.org/resource/The_Hunger_Games	http://example.org/contains_relation	http://example.org/reported
http://dbpedia.org/resource/To_Kill_a_Mockingbird	http://example.org/contains_relation	http://example.org/cover
http://dbpedia.org/resource/Regency_era	http://example.org/contains_relation	http://example.org/Radcliffe
http://dbpedia.org/resource/Academy_Awards	http://example.org/contains_relation	http://example.org/Oscar
http://example.org/Pauline_Diana_Baynes	http://example.org/label	Pauline Diana Baynes
http://example.org/Capitol	http://example.org/is	http://example.org/harsh
http://dbpedia.org/resource/Harper_Lee	http://example.org/contains_relation	http://example.org/right
http://example.org/Anne_de_Bourgh	http://example.org/label	Anne de Bourgh
http://example.org/in	http://example.org/pobj	http://example.org/style
http://example.org/of	http://example.org/pobj	http://example.org/evil
http://dbpedia.org/resource/Bilbo_Baggins	http://example.org/contains_relation	http://example.org/on
http://example.org/selflessness	http://example.org/conj	http://example.org/fidelity
http://dbpedia.org/resource/Augustus	http://example.org/contains_relation	http://example.org/is
http://example.org/The_Hunger_Games_%28The_Hunger_Games%2C_%231%29	http://example.org/contains_relation	http://example.org/that
http://example.org/Esther_Earl	http://example.org/label	Esther Earl
http://example.org/In	http://example.org/pobj	http://example.org/Judaism
http://dbpedia.org/resource/The_Shire	http://example.org/contains_relation	http://example.org/is
http://example.org/School	http://example.org/conj	http://example.org/Wizardry
http://dbpedia.org/resource/North_America	http://example.org/contains_relation	http://example.org/
http://dbpedia.org/resource/Augustus	http://dbpedia.org/property/b	http://example.org/no
http://example.org/be	http://example.org/attr	http://example.org/kid
http://example.org/scope	http://example.org/has	http://example.org/generations
http://dbpedia.org/resource/Gondor	http://www.w3.org/1999/02/22-rdf-syntax-ns#type	http://example.org/Entity
http://example.org/Fantasy	http://example.org/label	Fantasy
http://example.org/describes	http://example.org/nsubj	http://example.org/Thorin
http://dbpedia.org/resource/Markus_Zusak	http://example.org/contains_relation	http://example.org/1122289374
http://example.org/choices	http://example.org/conj	http://example.org/actions
http://dbpedia.org/resource/The_Hunger_Games	http://example.org/contains_relation	http://example.org/were
http://dbpedia.org/resource/George_Orwell	http://dbpedia.org/property/birthName	http://example.org/Eric_Arthur_Blair
http://example.org/J.R.R._Tolkien_4-Book_Boxed_Set%3A_The_Hobbit_and_The_Lord_of_the_Rings	http://example.org/author	J.R.R. Tolkien
http://example.org/encompassing	http://example.org/dobj	http://example.org/years
http://example.org/The_Fault_in_Our_Stars	http://example.org/contains_relation	http://example.org/twist
http://example.org/Hogwarts_at_Leavesden_Studios	http://example.org/label	Hogwarts at Leavesden Studios
http://example.org/Excellence	http://example.org/ROOT	http://example.org/Excellence
http://example.org/J._M._W._Turner	http://example.org/label	J. M. W. Turner
http://dbpedia.org/resource/To_Kill_a_Mockingbird	http://example.org/contains_relation	http://example.org/with
http://dbpedia.org/resource/The_Two_Towers	http://example.org/contains_relation	http://example.org/823.914
http://dbpedia.org/resource/Samwise_Gamgee	http://example.org/contains_relation	http://example.org/seven
http://dbpedia.org/resource/Harry_Potter	http://example.org/contains_relation	http://example.org/Philosopher%27s_Stone
http://example.org/1st_century	http://example.org/label	1st century
http://dbpedia.org/resource/Pauline_Baynes	http://example.org/contains_relation	http://example.org/63634
http://example.org/The_Book_Thief	http://example.org/contains_relation	http://example.org/title
http://dbpedia.org/resource/Nazi_Germany	http://example.org/contains_relation	http://example.org/Adolf_Hitler
http://example.org/during	http://example.org/pobj	http://example.org/period
http://dbpedia.org/resource/Alabama	http://xmlns.com/foaf/0.1/name	http://example.org/Alabama
http://example.org/to	http://example.org/pobj	http://example.org/Narnia
http://example.org/west	http://example.org/conj	http://example.org/south
http://example.org/of	http://example.org/pobj	http://example.org/kingdom
http://dbpedia.org/resource/Nazi_Germany	http://example.org/contains_relation	http://example.org/World_War_II
http://example.org/of	http://example.org/pobj	http://example.org/book
http://example.org/by	http://example.org/pobj	http://example.org/Stalinism
http://dbpedia.org/resource/Nazi_Germany	http://dbpedia.org/property/statArea	http://example.org/633786
http://example.org/2011-10-14	http://example.org/label	2011-10-14
http://dbpedia.org/resource/Bilbo_Baggins	http://example.org/contains_relation	http://example.org/Iceland
http://example.org/The_Horse_and_His_Boy	http://example.org/label	The Horse and His Boy
http://dbpedia.org/resource/Legolas	http://example.org/contains_relation	http://example.org/demonstrating
http://example.org/Five	http://example.org/label	Five
http://dbpedia.org/resource/Stalinism	http://example.org/contains_relation	http://example.org/accompanied
http://dbpedia.org/resource/Twilight	http://example.org/contains_relation	http://example.org/By
http://example.org/1954-11-11	http://example.org/label	1954-11-11
http://example.org/to	http://example.org/pobj	http://example.org/voice
http://example.org/Hitler	http://example.org/conj	http://example.org/Party
http://example.org/for	http://example.org/pobj	http://example.org/children
http://dbpedia.org/resource/Pauline_Baynes	http://dbpedia.org/property/caption	http://example.org/Portrait%2C_c._1974
http://example.org/of	http://example.org/pobj	http://example.org/industrialization
http://example.org/by	http://example.org/pobj	http://example.org/Reporter
http://dbpedia.org/resource/Pride	http://example.org/contains_relation	http://example.org/from
http://dbpedia.org/resource/Gondor	http://dbpedia.org/property/blankData	http://example.org/Isildur_and_An%C3%A1rion
http://dbpedia.org/resource/The_Chronicles_of_Narnia	http://example.org/contains_relation	http://example.org/His_Boy
http://dbpedia.org/resource/Pride	http://example.org/contains_relation	http://example.org/Richard_Taylor
http://dbpedia.org/resource/Harry_Potter	http://example.org/contains_relation	http://example.org/concerns
http://dbpedia.org/resource/Regency_era	http://example.org/contains_relation	http://example.org/was
http://dbpedia.org/resource/The_Hunger_Games	http://example.org/contains_relation	http://example.org/NPR
http://example.org/1943	http://example.org/label	1943
http://dbpedia.org/resource/Alabama	http://dbpedia.org/property/timezone2Location	http://example.org/Phenix_City_area
http://dbpedia.org/resource/Jane_Austen	http://example.org/contains_relation	http://example.org/left
http://dbpedia.org/resource/John_Green	http://example.org/contains_relation	http://example.org/American
http://dbpedia.org/resource/Augustus	http://dbpedia.org/property/spouse	http://example.org/Scribonia
http://dbpedia.org/resource/The_Shire	http://example.org/contains_relation	http://example.org/of
http://example.org/of	http://example.org/pobj	http://example.org/affairs
http://dbpedia.org/resource/Gondor	http://example.org/contains_relation	http://example.org/Roturn_King-Minas_Tirith.jpg
http://example.org/Earth	http://example.org/label	Earth
http://example.org/Author%3AAugustus_Caesar	http://example.org/label	Author:Augustus Caesar
http://example.org/Old_English	http://example.org/label	Old English
http://example.org/Florida	http://example.org/label	Florida
http://dbpedia.org/resource/Hermione_Granger	http://example.org/contains_relation	http://example.org/The_Hollywood_Reporter
http://example.org/in	http://example.org/pobj	http://example.org/oneself
http://dbpedia.org/resource/Twilight	http://example.org/contains_relation	http://example.org/atmosphere
http://dbpedia.org/resource/Stalinism	http://example.org/contains_relation	http://example.org/atheism
http://dbpedia.org/resource/The_Chronicles_of_Narnia	http://example.org/contains_relation	http://example.org/by
http://example.org/Everdeen	http://example.org/regards	http://example.org/it
http://example.org/photo	http://example.org/ROOT	http://example.org/photo
http://example.org/nears	http://example.org/dobj	http://example.org/Mordor
http://example.org/Every_year	http://example.org/label	Every year
http://dbpedia.org/resource/Nazi_Germany	http://example.org/contains_relation	http://example.org/13.38333320617676
http://example.org/climate	http://example.org/conj	http://example.org/flora
http://dbpedia.org/resource/Nazi_Germany	http://example.org/contains_relation	http://example.org/21212
http://dbpedia.org/resource/Smaug	http://example.org/contains_relation	http://example.org/today
http://example.org/in	http://example.org/pobj	http://example.org/fiction
http://dbpedia.org/resource/The_Hunger_Games	http://example.org/contains_relation	http://example.org/asked
http://dbpedia.org/resource/Suzanne_Collins	http://example.org/contains_relation	http://example.org/as
http://example.org/began	http://example.org/nsubj	http://example.org/trees
http://dbpedia.org/resource/To_Kill_a_Mockingbird	http://dbpedia.org/property/bgcolor	http://example.org/%23ACE1AF
http://dbpedia.org/resource/The_Hunger_Games	http://example.org/contains_relation	http://example.org/to
http://dbpedia.org/resource/To_Kill_a_Mockingbird	http://example.org/contains_relation	http://example.org/ten
http://example.org/inherits	http://example.org/dobj	http://example.org/Ring
http://dbpedia.org/resource/Frodo_Baggins	http://example.org/contains_relation	http://example.org/courage
http://dbpedia.org/resource/Samwise_Gamgee	http://example.org/contains_relation	http://example.org/to
http://dbpedia.org/resource/Academy_Awards	http://example.org/contains_relation	http://example.org/awarded
http://example.org/is	http://example.org/attr	http://example.org/dragon
http://example.org/William_Wilberforce	http://example.org/label	William Wilberforce
http://example.org/George_Allen_%26_Unwin	http://example.org/label	George Allen & Unwin
http://dbpedia.org/resource/Hermione_Granger	http://example.org/contains_relation	http://example.org/stated
http://dbpedia.org/resource/The_Two_Towers	http://dbpedia.org/property/type	http://example.org/book
http://dbpedia.org/resource/Wizardry	http://example.org/contains_relation	http://example.org/is
http://example.org/as	http://example.org/pobj	http://example.org/Year
http://dbpedia.org/resource/Academy_Awards	http://example.org/contains_relation	http://example.org/Jane_Campion_DNZM_.jpg
http://example.org/French	http://example.org/label	French
http://example.org/lend	http://example.org/dobj	http://example.org/aid
http://dbpedia.org/resource/The_Shire	http://example.org/contains_relation	http://example.org/Sam_Gamgee
http://dbpedia.org/resource/Harper_Lee	http://example.org/contains_relation	http://example.org/February_19%2C_2016
http://example.org/quality	http://example.org/appos	http://example.org/absence
http://example.org/was	http://example.org/nsubj	http://example.org/time
http://dbpedia.org/resource/Elizabeth_Bennet	http://dbpedia.org/property/relatives	http://example.org/Lady_Catherine_de_Bourgh
http://dbpedia.org/resource/Young_adult_fiction	http://example.org/contains_relation	http://example.org/age
http://example.org/War	http://example.org/appos	http://example.org/I
http://example.org/towards	http://example.org/pobj	http://example.org/race
http://dbpedia.org/resource/Pauline_Baynes	http://example.org/contains_relation	http://example.org/Illustration%2C_mainly_children%27s_books
http://dbpedia.org/resource/Harper_Lee	http://dbpedia.org/property/deathPlace	http://example.org/Monroeville%2C_Alabama%2C_U.S.
http://example.org/to	http://example.org/pobj	http://example.org/books
http://example.org/requires	http://example.org/dobj	http://example.org/development
http://example.org/PR6029.R8_A63_2003b	http://example.org/label	PR6029.R8 A63 2003b
http://example.org/caused	http://example.org/nsubj	http://example.org/This
http://dbpedia.org/resource/Regency_era	http://example.org/contains_relation	http://example.org/applied
http://dbpedia.org/resource/Augustus	http://example.org/contains_relation	http://example.org/19_August_AD_14
http://example.org/to	http://example.org/pobj	http://example.org/context
http://dbpedia.org/resource/Gondor	http://example.org/contains_relation	http://example.org/Founder
http://dbpedia.org/resource/The_Hunger_Games	http://example.org/contains_relation	http://example.org/August_2012
http://dbpedia.org/resource/To_Kill_a_Mockingbird	http://example.org/contains_relation	http://example.org/was
http://dbpedia.org/resource/Markus_Zusak	http://xmlns.com/foaf/0.1/name	http://example.org/Markus_Zusak
http://dbpedia.org/resource/Frodo_Baggins	http://example.org/contains_relation	http://example.org/The_Fellowship_of_the_Ring
http://dbpedia.org/resource/Young_adult_fiction	http://example.org/contains_relation	http://example.org/for
http://example.org/40.0	http://example.org/label	40.0
http://dbpedia.org/resource/Samwise_Gamgee	http://example.org/contains_relation	http://example.org/Gamgee
http://dbpedia.org/resource/The_Hobbit	http://example.org/contains_relation	http://example.org/by
http://example.org/with	http://example.org/pobj	http://example.org/Gandalf
http://dbpedia.org/resource/The_Chronicles_of_Narnia	http://example.org/contains_relation	http://example.org/boxed
http://example.org/J._K._Rowling%27s	http://example.org/label	J. K. Rowling's
http://example.org/Goblet_of_Fire	http://example.org/label	Goblet of Fire
http://example.org/1123451434	http://example.org/label	1123451434
http://dbpedia.org/resource/Smaug	http://example.org/contains_relation	http://example.org/In
http://example.org/bombed	http://example.org/nsubjpass	http://example.org/land
http://dbpedia.org/resource/Legolas	http://example.org/contains_relation	http://example.org/nine
http://example.org/uses	http://example.org/dobj	http://example.org/wit
http://dbpedia.org/resource/Regency_era	http://example.org/contains_relation	http://example.org/William_Wilberforce
http://example.org/J.R.R._Tolkien_4-Book_Boxed_Set%3A_The_Hobbit_and_The_Lord_of_the_Rings	http://example.org/contains_relation	http://example.org/Baggins
http://example.org/%E2%80%94Allan_Gurganus	http://example.org/label	—Allan Gurganus
http://dbpedia.org/resource/To_Kill_a_Mockingbird	http://example.org/contains_relation	http://example.org/
http://example.org/we	http://example.org/appos	http://example.org/ourselves
http://dbpedia.org/resource/Academy_Awards	http://dbpedia.org/property/1blank	http://example.org/Award
http://example.org/is	http://example.org/nsubj	http://example.org/Gamgee
http://dbpedia.org/resource/To_Kill_a_Mockingbird	http://example.org/contains_relation	http://example.org/based
http://dbpedia.org/resource/To_Kill_a_Mockingbird	http://example.org/contains_relation	http://example.org/above
http://dbpedia.org/resource/Stalinism	http://dbpedia.org/property/width	http://example.org/220
http://example.org/%2A2008%E2%80%932010%0A%2A2020	http://example.org/label	*2008–2010
*2020
http://dbpedia.org/resource/John_Green	http://example.org/contains_relation	http://example.org/2012
http://example.org/The_Book_Thief_and_The_Messenger	http://example.org/label	The Book Thief and The Messenger
http://dbpedia.org/resource/Markus_Zusak	http://dbpedia.org/ontology/birthDate	http://example.org/1975-06-23
http://dbpedia.org/resource/Animal_Farm	http://www.w3.org/2000/01/rdf-schema#label	http://example.org/Animal_Farm
http://dbpedia.org/resource/Stalinism	http://example.org/contains_relation	http://example.org/disagree
http://dbpedia.org/resource/Gandalf	http://example.org/contains_relation	http://example.org/Glamdring
http://dbpedia.org/resource/Stalinism	http://example.org/contains_relation	http://example.org/the_Communist_Party
http://dbpedia.org/resource/Regency_era	http://example.org/contains_relation	http://example.org/achieved
http://example.org/Witch	http://example.org/label	Witch
http://dbpedia.org/resource/The_Hunger_Games	http://example.org/contains_relation	http://example.org/Suzanne_Collins
http://dbpedia.org/resource/Gandalf	http://example.org/contains_relation	http://example.org/Der_Berggeist.jpg
http://dbpedia.org/resource/Hermione_Granger	http://example.org/contains_relation	http://example.org/to
http://dbpedia.org/resource/The_Hunger_Games	http://example.org/contains_relation	http://example.org/first
http://example.org/to	http://example.org/pobj	http://example.org/period
http://dbpedia.org/resource/Bilbo_Baggins	http://example.org/contains_relation	http://example.org/Victorian
http://example.org/creature	http://example.org/conj	http://example.org/type
http://dbpedia.org/resource/Stalinism	http://example.org/contains_relation	http://example.org/Khrushchev
http://dbpedia.org/resource/J._R._R._Tolkien	http://dbpedia.org/property/name	http://example.org/J._R._R._Tolkien
http://dbpedia.org/resource/Nazi_Germany	http://dbpedia.org/property/yearEnd	http://example.org/1945
http://example.org/Robert_Service	http://example.org/label	Robert Service
http://example.org/Capital	http://example.org/label	Capital
http://example.org/of	http://example.org/pobj	http://example.org/Act
http://dbpedia.org/resource/Nazi_Germany	http://example.org/contains_relation	http://example.org/seen
http://example.org/include	http://example.org/nsubj	http://example.org/themes
http://dbpedia.org/resource/Elizabeth_Bennet	http://example.org/contains_relation	http://example.org/George_Wickham
http://example.org/deals	http://example.org/nsubj	http://example.org/novel
http://example.org/1936	http://example.org/label	1936
http://dbpedia.org/resource/Nazi_Germany	http://example.org/contains_relation	http://example.org/towards
http://dbpedia.org/resource/Jane_Austen	http://example.org/contains_relation	http://example.org/earned
http://example.org/of	http://example.org/pobj	http://example.org/series
http://dbpedia.org/resource/Animal_Farm	http://example.org/contains_relation	http://example.org/under
http://example.org/grew	http://example.org/nsubj	http://example.org/I
http://example.org/Gandalf	http://example.org/label	Gandalf
http://dbpedia.org/resource/The_Chronicles_of_Narnia	http://example.org/contains_relation	http://example.org/Witch
http://example.org/Winchester_Cathedral_view_1.jpg	http://example.org/label	Winchester Cathedral view 1.jpg
http://dbpedia.org/resource/Stalinism	http://example.org/contains_relation	http://example.org/Mikhail_Gorbachev%E2%80%99s
http://example.org/character	http://example.org/appos	http://example.org/Harris
http://example.org/936070	http://example.org/label	936070
http://example.org/In	http://example.org/pobj	http://example.org/wisdom
http://example.org/The_Hunger_Games_%28The_Hunger_Games%2C_%231%29	http://example.org/contains_relation	http://example.org/Winning
http://example.org/The_Chronicles_of_Narnia_%28The_Chronicles_of_Narnia%2C_%231-7%29	http://example.org/contains_relation	http://example.org/edition
http://example.org/holidays	http://example.org/come_to	http://example.org/end
http://example.org/in	http://example.org/pobj	http://example.org/class
http://example.org/to	http://example.org/pobj	http://example.org/deal
http://example.org/contributed	http://example.org/nsubj	http://example.org/She
http://example.org/planted	http://example.org/dobj	http://example.org/saplings
http://example.org/%23ACE1AF	http://example.org/label	#ACE1AF
http://dbpedia.org/resource/Augustus	http://example.org/contains_relation	http://example.org/Augustus
http://example.org/medic	http://example.org/label	medic
http://example.org/protected	http://example.org/nsubjpass	http://example.org/Megissogwon
http://dbpedia.org/resource/Stalinism	http://dbpedia.org/ontology/wikiPageID	http://example.org/28621
http://example.org/in	http://example.org/pobj	http://example.org/evolution
http://example.org/musicians	http://example.org/conj	http://example.org/novelists
http://dbpedia.org/resource/Stalinism	http://example.org/contains_relation	http://example.org/theory
http://dbpedia.org/resource/Nazi_Germany	http://example.org/contains_relation	http://example.org/trucks
http://dbpedia.org/resource/North_America	http://example.org/contains_relation	http://example.org/within
http://example.org/Akseli_Gallen-Kallela	http://example.org/label	Akseli Gallen-Kallela
http://example.org/occurred	http://example.org/nsubj	http://example.org/that
http://dbpedia.org/resource/Suzanne_Collins	http://example.org/contains_relation	http://example.org/August_10%2C_1962
http://example.org/The_Chronicles_of_Narnia_%28The_Chronicles_of_Narnia%2C_%231-7%29	http://example.org/contains_relation	http://example.org/Each
http://example.org/by	http://example.org/pobj	http://example.org/friends
http://example.org/of	http://example.org/pobj	http://example.org/diamonds
http://dbpedia.org/resource/Jane_Austen	http://dbpedia.org/property/signatureAlt	http://example.org/Signature_from_Austen%27s_1817_will
http://dbpedia.org/resource/Hermione_Granger	http://example.org/contains_relation	http://example.org/first
http://dbpedia.org/resource/Samwise_Gamgee	http://example.org/contains_relation	http://example.org/with
http://example.org/the_Atlantic_Ocean	http://example.org/label	the Atlantic Ocean
http://dbpedia.org/resource/Hermione_Granger	http://dbpedia.org/property/nationality	http://example.org/British
http://example.org/trusts	http://example.org/dobj	http://example.org/visual
http://example.org/is	http://example.org/attr	http://example.org/member
http://dbpedia.org/resource/Elizabeth_Bennet	http://www.w3.org/1999/02/22-rdf-syntax-ns#type	http://example.org/Entity
http://example.org/High_fantasy	http://example.org/label	High fantasy
http://example.org/Beowulf	http://example.org/label	Beowulf
http://example.org/contributed	http://example.org/dobj	http://example.org/drawings
http://example.org/to	http://example.org/pobj	http://example.org/Stalin
http://dbpedia.org/resource/The_Hunger_Games	http://example.org/contains_relation	http://example.org/May_19%2C_2020
http://example.org/as	http://example.org/pobj	http://example.org/virtue
http://example.org/beneath	http://example.org/pobj	http://example.org/horizon
http://example.org/John	http://example.org/appos	http://example.org/Anne
http://dbpedia.org/resource/Bilbo_Baggins	http://example.org/contains_relation	http://example.org/Morris
http://example.org/Beasts	http://example.org/ROOT	http://example.org/Beasts
http://dbpedia.org/resource/Animal_Farm	http://dbpedia.org/property/country	http://example.org/United_Kingdom
http://example.org/1820	http://example.org/label	1820
http://example.org/is	http://example.org/attr	http://example.org/product
http://dbpedia.org/resource/Legolas	http://example.org/contains_relation	http://example.org/J._R._R._Tolkien%27s
http://dbpedia.org/resource/Gandalf	http://dbpedia.org/property/weapon	http://example.org/Narya
http://dbpedia.org/resource/Frodo_Baggins	http://example.org/contains_relation	http://example.org/reaches
http://dbpedia.org/resource/Frodo_Baggins	http://dbpedia.org/ontology/wikiPageLength	http://example.org/33468
http://example.org/in	http://example.org/pobj	http://example.org/pursuit
http://example.org/C._S._Lewis	http://example.org/label	C. S. Lewis
http://dbpedia.org/resource/Animal_Farm	http://dbpedia.org/property/date	http://example.org/March_2010
http://dbpedia.org/resource/Alabama	http://example.org/contains_relation	http://example.org/U.S.
http://dbpedia.org/resource/The_Hobbit	http://example.org/contains_relation	http://example.org/Rings
http://example.org/titled	http://example.org/oprd	http://example.org/Games
http://example.org/in	http://example.org/pobj	http://example.org/weaponry
http://example.org/Massacre	http://example.org/conj	http://example.org/Representation
http://dbpedia.org/resource/North_America	http://example.org/contains_relation	http://example.org/in
http://example.org/are	http://example.org/nsubj	http://example.org/objects
http://example.org/by	http://example.org/pobj	http://example.org/Watson
http://example.org/praise	http://example.org/conj	http://example.org/reflection
http://example.org/in	http://example.org/pobj	http://example.org/literature
http://dbpedia.org/resource/Smaug	http://example.org/contains_relation	http://example.org/lives
http://example.org/is	http://example.org/nsubj	http://example.org/he
http://dbpedia.org/resource/Stalinism	http://example.org/contains_relation	http://example.org/towards
http://example.org/with	http://example.org/pobj	http://example.org/Romanticism
http://example.org/in	http://example.org/pobj	http://example.org/middle
http://dbpedia.org/resource/John_Green	http://example.org/contains_relation	http://example.org/2017
http://example.org/for	http://example.org/pobj	http://example.org/Hall
http://example.org/%CB%88%C9%A1%C3%A6m%CB%8Cd%CA%92i%CB%90/	http://example.org/label	ˈɡæmˌdʒiː/
http://dbpedia.org/resource/The_Chronicles_of_Narnia	http://example.org/contains_relation	http://example.org/transported
http://dbpedia.org/resource/Samwise_Gamgee	http://example.org/contains_relation	http://example.org/1120108747
http://dbpedia.org/resource/Pride	http://example.org/contains_relation	http://example.org/toward
http://dbpedia.org/resource/Animal_Farm	http://example.org/contains_relation	http://example.org/Animal_Farm%3A_A_Fairy_Story
http://example.org/John_Green%27s_signature.svg	http://example.org/label	John Green's signature.svg
http://dbpedia.org/resource/Pauline_Baynes	http://example.org/contains_relation	http://example.org/Pauline_Baynes
http://example.org/reign	http://example.org/appos	http://example.org/Romana
http://example.org/by	http://example.org/pobj	http://example.org/Stanley
http://dbpedia.org/resource/Nazi_Germany	http://example.org/contains_relation	http://example.org/of
http://dbpedia.org/resource/Animal_Farm	http://example.org/contains_relation	http://example.org/first
http://example.org/220	http://example.org/label	220
http://example.org/whined	http://example.org/nsubj	http://example.org/thongs
http://dbpedia.org/resource/Samwise_Gamgee	http://dbpedia.org/property/spouse	http://example.org/Rose_Cotton
http://example.org/to	http://example.org/pobj	http://example.org/acclaim
http://example.org/into	http://example.org/pobj	http://example.org/life
http://dbpedia.org/resource/Smaug	http://example.org/contains_relation	http://example.org/proposes
http://example.org/features	http://example.org/conj	http://example.org/species
http://dbpedia.org/resource/Bilbo_Baggins	http://example.org/contains_relation	http://example.org/through
http://example.org/to	http://example.org/pobj	http://example.org/paradise
http://dbpedia.org/resource/Samwise_Gamgee	http://example.org/contains_relation	http://example.org/62320
http://example.org/conducted	http://example.org/dobj	http://example.org/counter
http://example.org/Death	http://example.org/been	http://example.org/busier
http://example.org/of	http://example.org/pobj	http://example.org/Mockingjay
http://example.org/defines	http://example.org/dobj	http://example.org/it
http://dbpedia.org/resource/Smaug	http://example.org/contains_relation	http://example.org/revealed
http://example.org/execute	http://example.org/dobj	http://example.org/enemies
http://example.org/Dragon_Quest	http://example.org/label	Dragon Quest
http://example.org/eleven_to_eighteen	http://example.org/label	eleven to eighteen
http://example.org/Sigurd	http://example.org/label	Sigurd
http://dbpedia.org/resource/The_Hunger_Games	http://example.org/contains_relation	http://example.org/more_than_28_million
http://dbpedia.org/resource/Samwise_Gamgee	http://example.org/contains_relation	http://example.org/Gandalf
http://example.org/is	http://example.org/attr	http://example.org/dystopia
http://dbpedia.org/resource/The_Shire	http://example.org/contains_relation	http://example.org/Brandybuck
http://example.org/initiated	http://example.org/dobj	http://example.org/cult
http://dbpedia.org/resource/Hermione_Granger	http://example.org/contains_relation	http://example.org/the_Philosopher%27s_Stone
http://example.org/2012-04-03	http://example.org/label	2012-04-03
http://dbpedia.org/resource/Legolas	http://example.org/contains_relation	http://example.org/Legolas
http://example.org/as	http://example.org/pobj	http://example.org/Granger
http://example.org/titled	http://example.org/oprd	http://example.org/Ballad
http://example.org/in	http://example.org/pobj	http://example.org/state
http://example.org/The_Academy_Awards	http://example.org/label	The Academy Awards
http://example.org/in	http://example.org/pobj	http://example.org/Hampstead
http://example.org/it	http://example.org/is	http://example.org/clear
http://example.org/outlined	http://example.org/nsubjpass	http://example.org/history
http://dbpedia.org/resource/The_Chronicles_of_Narnia	http://dbpedia.org/property/books	http://example.org/The_Silver_Chair
http://example.org/is	http://example.org/nsubj	http://example.org/Gandalf
http://dbpedia.org/resource/Nazi_Germany	http://example.org/contains_relation	http://example.org/1939
http://dbpedia.org/resource/George_Orwell	http://example.org/contains_relation	http://example.org/Blair
http://dbpedia.org/resource/Character_class	http://example.org/contains_relation	http://example.org/background
http://dbpedia.org/resource/Regency_era	http://example.org/contains_relation	http://example.org/the_%22Year_Without_a_Summer
http://example.org/London%2C_England	http://example.org/label	London, England
http://example.org/started	http://example.org/nsubj	http://example.org/wave
http://dbpedia.org/resource/To_Kill_a_Mockingbird	http://example.org/contains_relation	http://example.org/right
http://dbpedia.org/resource/The_Hunger_Games	http://example.org/contains_relation	http://example.org/subjected
http://example.org/was	http://example.org/attr	http://example.org/successor
http://example.org/George_Stanley	http://example.org/label	George Stanley
http://dbpedia.org/resource/Bilbo_Baggins	http://example.org/contains_relation	http://example.org/with
http://dbpedia.org/resource/North_America	http://example.org/contains_relation	http://example.org/Puerta_de_Hierro_ZM_Guadalajara_M%C3%A9xico.jpg
http://example.org/standing	http://example.org/conj	http://example.org/security
http://example.org/William_Wordsworth	http://example.org/label	William Wordsworth
http://example.org/like	http://example.org/pobj	http://example.org/wolf
http://dbpedia.org/resource/Alabama	http://example.org/contains_relation	http://example.org/Kay_Ivey
http://example.org/Hallows	http://example.org/appos	http://example.org/Part
http://example.org/on	http://example.org/pobj	http://example.org/August
http://dbpedia.org/resource/Suzanne_Collins	http://dbpedia.org/property/caption	http://example.org/Collins_in_2010
http://example.org/allowed	http://example.org/nsubjpass	http://example.org/he
http://example.org/The_Magician%27s_Nephew	http://example.org/label	The Magician's Nephew
http://dbpedia.org/resource/Stalinism	http://example.org/contains_relation	http://example.org/demonstrated
http://dbpedia.org/resource/Harper_Lee	http://example.org/contains_relation	http://example.org/on
http://example.org/pierce	http://example.org/nsubj	http://example.org/blade
http://dbpedia.org/resource/To_Kill_a_Mockingbird	http://example.org/contains_relation	http://example.org/crust
http://example.org/28621	http://example.org/label	28621
http://dbpedia.org/resource/Frodo_Baggins	http://example.org/contains_relation	http://example.org/destroy
http://example.org/awarded	http://example.org/nsubjpass	http://example.org/winners
http://dbpedia.org/resource/North_America	http://example.org/contains_relation	http://example.org/North_American_cities
http://example.org/Erica_Luttrell	http://example.org/label	Erica Luttrell
http://example.org/for	http://example.org/pobj	http://example.org/students
http://dbpedia.org/resource/The_Hunger_Games	http://example.org/contains_relation	http://example.org/District_13
http://example.org/of	http://example.org/pobj	http://example.org/Capitol
http://example.org/of	http://example.org/pobj	http://example.org/Men
http://example.org/titled	http://example.org/nsubjpass	http://example.org/novels
http://dbpedia.org/resource/The_Two_Towers	http://example.org/contains_relation	http://example.org/63750
http://dbpedia.org/resource/The_Hunger_Games	http://example.org/contains_relation	http://example.org/
http://dbpedia.org/resource/Wizardry	http://example.org/contains_relation	http://example.org/Sir-Tech
http://dbpedia.org/resource/Frodo_Baggins	http://example.org/contains_relation	http://example.org/through
http://example.org/633786	http://example.org/label	633786
http://example.org/of	http://example.org/pobj	http://example.org/maturity
http://example.org/in	http://example.org/pobj	http://example.org/story
http://example.org/encouraged	http://example.org/nsubjpass	http://example.org/publisher
http://dbpedia.org/resource/North_America	http://example.org/contains_relation	http://example.org/North_America_bedrock_and_terrain
http://dbpedia.org/resource/Nazi_Germany	http://dbpedia.org/property/statYear	http://example.org/1940
http://dbpedia.org/resource/Gandalf	http://example.org/contains_relation	http://example.org/avail
http://dbpedia.org/resource/To_Kill_a_Mockingbird	http://example.org/contains_relation	http://example.org/within
http://example.org/in	http://example.org/pobj	http://example.org/banner
http://example.org/of	http://example.org/pobj	http://example.org/oneself
http://example.org/He	http://example.org/conj	http://example.org/Gimli
http://dbpedia.org/resource/Regency_era	http://example.org/contains_relation	http://example.org/the_Slavery_Abolition_Act_1833
http://dbpedia.org/resource/The_Hunger_Games	http://example.org/contains_relation	http://example.org/received
http://example.org/of	http://example.org/pobj	http://example.org/interests
http://example.org/said	http://example.org/nsubj	http://example.org/Gandalf
http://dbpedia.org/resource/Regency_era	http://example.org/contains_relation	http://example.org/For
http://dbpedia.org/resource/Gandalf	http://example.org/contains_relation	http://example.org/prove
http://dbpedia.org/resource/Regency_era	http://example.org/contains_relation	http://example.org/The_first_20_years_to_1815
http://dbpedia.org/resource/Alabama	http://example.org/contains_relation	http://example.org/to
http://example.org/Kay_Ivey	http://example.org/label	Kay Ivey
http://example.org/pass	http://example.org/nsubj	http://example.org/You
http://example.org/is	http://example.org/nsubj	http://example.org/Gondor
http://example.org/as	http://example.org/pobj	http://example.org/part
http://example.org/transforming	http://example.org/dobj	http://example.org/it
http://dbpedia.org/resource/Pride	http://example.org/contains_relation	http://example.org/to
http://example.org/of	http://example.org/pobj	http://example.org/fiction
http://example.org/62320	http://example.org/label	62320
http://example.org/11%3A2	http://example.org/label	11:2
http://dbpedia.org/resource/Character_class	http://dbpedia.org/ontology/wikiPageID	http://example.org/396490
http://dbpedia.org/resource/Samwise_Gamgee	http://example.org/contains_relation	http://example.org/drawn
http://dbpedia.org/resource/Augustus	http://example.org/contains_relation	http://example.org/the_Pax_Romana
http://example.org/2001	http://example.org/label	2001
http://example.org/more_than_two_centuries	http://example.org/label	more than two centuries
http://dbpedia.org/resource/Hermione_Granger	http://example.org/contains_relation	http://example.org/becomes
http://example.org/Harry	http://example.org/is	http://example.org/about
http://dbpedia.org/resource/The_Shire	http://dbpedia.org/property/first	http://example.org/The_Hobbit
http://example.org/television	http://example.org/conj	http://example.org/stage
http://dbpedia.org/resource/Nazi_Germany	http://example.org/contains_relation	http://example.org/meaning
http://example.org/on	http://example.org/pobj	http://example.org/challenges
http://dbpedia.org/resource/The_Hunger_Games	http://example.org/contains_relation	http://example.org/13th
http://example.org/Roman_consul_III%E2%80%93XI	http://example.org/label	Roman consul III–XI
http://example.org/among	http://example.org/pobj	http://example.org/critics
http://example.org/by	http://example.org/pobj	http://example.org/orcs
http://dbpedia.org/resource/The_Two_Towers	http://example.org/contains_relation	http://example.org/by
http://example.org/having	http://example.org/nsubj	http://example.org/Frodo
http://example.org/reaches	http://example.org/nsubj	http://example.org/who
http://example.org/September_1981	http://example.org/label	September 1981
http://dbpedia.org/resource/Regency_era	http://example.org/contains_relation	http://example.org/Scott
http://example.org/of	http://example.org/pobj	http://example.org/wealth
http://dbpedia.org/resource/Smaug	http://example.org/contains_relation	http://example.org/laid
http://dbpedia.org/resource/The_Hobbit	http://example.org/contains_relation	http://example.org/Hobbit
http://dbpedia.org/resource/Character_class	http://example.org/contains_relation	http://example.org/games
http://example.org/treasure	http://example.org/conj	http://example.org/mountain
http://dbpedia.org/resource/Markus_Zusak	http://example.org/contains_relation	http://example.org/Zusak_in_2019
http://dbpedia.org/resource/Nazi_Germany	http://example.org/contains_relation	http://example.org/Germany
http://example.org/carrying	http://example.org/dobj	http://example.org/Frodo
http://example.org/Crash_Course	http://example.org/label	Crash Course
http://example.org/done	http://example.org/dobj	http://example.org/what
http://dbpedia.org/resource/Nazi_Germany	http://example.org/contains_relation	http://example.org/greets
http://example.org/the_Deathly_Hallows	http://example.org/label	the Deathly Hallows
http://dbpedia.org/resource/The_Chronicles_of_Narnia	http://example.org/contains_relation	http://example.org/Horse
http://dbpedia.org/resource/The_Chronicles_of_Narnia	http://example.org/contains_relation	http://example.org/Voyage
http://dbpedia.org/resource/John_Green	http://example.org/contains_relation	http://example.org/John_Green
http://dbpedia.org/resource/Smaug	http://example.org/contains_relation	http://example.org/protected
http://example.org/Romana	http://example.org/conj	http://example.org/Augusta
http://dbpedia.org/resource/Bilbo_Baggins	http://example.org/contains_relation	http://example.org/based
http://example.org/stopped	http://example.org/nsubj	http://example.org/dragon
http://dbpedia.org/resource/Jane_Austen	http://example.org/contains_relation	http://example.org/Signature_from_Austen%27s_1817_will
http://example.org/Prisoner_of_Azkaban	http://example.org/label	Prisoner of Azkaban
http://example.org/from	http://example.org/pobj	http://example.org/cousin
http://dbpedia.org/resource/Augustus	http://dbpedia.org/property/title	http://example.org/Roman_consul_XIII
http://dbpedia.org/resource/Character_class	http://example.org/contains_relation	http://example.org/from
http://example.org/more_than_65_million	http://example.org/label	more than 65 million
http://example.org/himself	http://example.org/caught_in	http://example.org/plot
http://example.org/known	http://example.org/nsubjpass	http://example.org/She
http://dbpedia.org/resource/Augustus	http://example.org/contains_relation	http://example.org/from
http://example.org/for	http://example.org/pobj	http://example.org/merit
http://dbpedia.org/resource/The_Chronicles_of_Narnia	http://example.org/contains_relation	http://example.org/for
http://example.org/war	http://example.org/conj	http://example.org/collapse
http://dbpedia.org/resource/Stalinism	http://dbpedia.org/property/date	http://example.org/July_2022
http://dbpedia.org/resource/Hogwarts	http://example.org/contains_relation	http://example.org/J._K._Rowling%27s
http://dbpedia.org/resource/Pauline_Baynes	http://example.org/contains_relation	http://example.org/of
http://dbpedia.org/resource/Stalinism	http://example.org/contains_relation	http://example.org/medic
http://dbpedia.org/resource/To_Kill_a_Mockingbird	http://example.org/contains_relation	http://example.org/grew
http://dbpedia.org/resource/George_Orwell	http://example.org/contains_relation	http://example.org/vertical
http://example.org/%23FFFFF0	http://example.org/label	#FFFFF0
http://dbpedia.org/resource/The_Chronicles_of_Narnia	http://dbpedia.org/property/books	http://example.org/Prince_Caspian
http://example.org/drives	http://example.org/nsubj	http://example.org/it
http://dbpedia.org/resource/Augustus	http://www.w3.org/2000/01/rdf-schema#label	http://example.org/Augustus
http://example.org/Gerontius_%22The_Old%22_Took	http://example.org/label	Gerontius "The Old" Took
http://dbpedia.org/resource/Academy_Awards	http://example.org/contains_relation	http://example.org/The_Academy_Awards
http://example.org/of	http://example.org/pobj	http://example.org/-
http://dbpedia.org/resource/Gandalf	http://example.org/contains_relation	http://example.org/Istari
http://example.org/was	http://example.org/nsubj	http://example.org/December
http://example.org/interpret	http://example.org/nsubj	http://example.org/which
http://dbpedia.org/resource/Character_class	http://example.org/contains_relation	http://example.org/range
http://example.org/in	http://example.org/pobj	http://example.org/games
http://dbpedia.org/resource/George_Orwell	http://example.org/contains_relation	http://example.org/hair
http://example.org/was	http://example.org/nsubj	http://example.org/Sam
http://example.org/live	http://example.org/nsubj	http://example.org/we
http://dbpedia.org/resource/Academy_Awards	http://example.org/contains_relation	http://example.org/Excellence
http://example.org/of	http://example.org/pobj	http://example.org/nature
http://example.org/family	http://example.org/hides	http://example.org/Jew
http://dbpedia.org/resource/Frodo_Baggins	http://example.org/contains_relation	http://example.org/undertakes
http://dbpedia.org/resource/The_Hobbit	http://dbpedia.org/property/genre	http://example.org/
http://example.org/kill	http://example.org/nsubj	http://example.org/I
http://dbpedia.org/resource/Nazi_Germany	http://example.org/contains_relation	http://example.org/1934
http://dbpedia.org/resource/Samwise_Gamgee	http://example.org/contains_relation	http://example.org/21084
http://example.org/to	http://example.org/pobj	http://example.org/west
http://example.org/Turtles	http://example.org/appos	http://example.org/tour
http://dbpedia.org/resource/The_Hunger_Games	http://example.org/contains_relation	http://example.org/country
http://example.org/John_Ronald_Reuel_Tolkien_CBE_FRSL	http://example.org/label	John Ronald Reuel Tolkien CBE FRSL
http://dbpedia.org/resource/Elizabeth_Bennet	http://example.org/contains_relation	http://example.org/push
http://dbpedia.org/resource/Stalinism	http://example.org/contains_relation	http://example.org/needed
http://dbpedia.org/resource/Gandalf	http://example.org/contains_relation	http://example.org/by
http://example.org/radio	http://example.org/conj	http://example.org/television
http://dbpedia.org/resource/The_Hunger_Games	http://example.org/contains_relation	http://example.org/2009
http://dbpedia.org/resource/The_Hobbit	http://example.org/contains_relation	http://example.org/Cover
http://dbpedia.org/resource/North_America	http://example.org/contains_relation	http://example.org/on
http://dbpedia.org/resource/To_Kill_a_Mockingbird	http://dbpedia.org/property/align	http://example.org/right
http://example.org/in	http://example.org/pobj	http://example.org/May
http://example.org/completed	http://example.org/nsubj	http://example.org/enterprises
http://example.org/as	http://example.org/pobj	http://example.org/gardener
http://example.org/Meher_Baba	http://example.org/label	Meher Baba
http://dbpedia.org/resource/Pride	http://www.w3.org/1999/02/22-rdf-syntax-ns#type	http://example.org/Entity
http://dbpedia.org/resource/Smaug	http://example.org/contains_relation	http://example.org/take
http://dbpedia.org/resource/The_Hunger_Games	http://example.org/contains_relation	http://example.org/%2A2008%E2%80%932010%0A%2A2020
http://example.org/George%2C_Prince_Regent	http://example.org/label	George, Prince Regent
http://dbpedia.org/resource/J._R._R._Tolkien	http://dbpedia.org/property/birthName	http://example.org/John_Ronald_Reuel_Tolkien
http://example.org/served	http://example.org/nsubj	http://example.org/Sam
http://example.org/seen	http://example.org/nsubjpass	http://example.org/statue
http://example.org/as	http://example.org/pobj	http://example.org/quality
http://dbpedia.org/resource/The_Hobbit	http://example.org/contains_relation	http://example.org/for
http://dbpedia.org/resource/The_Chronicles_of_Narnia	http://example.org/contains_relation	http://example.org/lion
http://example.org/is	http://example.org/nsubj	http://example.org/Legolas
http://dbpedia.org/resource/Markus_Zusak	http://example.org/contains_relation	http://example.org/Mika_Zusak
http://dbpedia.org/resource/The_Hunger_Games	http://example.org/contains_relation	http://example.org/Hunger_Games
http://dbpedia.org/resource/Samwise_Gamgee	http://example.org/contains_relation	http://example.org/taking
http://dbpedia.org/resource/Markus_Zusak	http://example.org/contains_relation	http://example.org/1975-06-23
http://example.org/to	http://example.org/pobj	http://example.org/YA
http://dbpedia.org/resource/Nazi_Germany	http://example.org/contains_relation	http://example.org/two
http://example.org/that	http://example.org/thirsted_for	http://example.org/blood
http://dbpedia.org/resource/Gandalf	http://example.org/contains_relation	http://example.org/live
http://dbpedia.org/resource/Twilight	http://example.org/contains_relation	http://example.org/used
http://example.org/ends	http://example.org/nsubj	http://example.org/farm
http://example.org/family	http://example.org/conj	http://example.org/neighbors
http://dbpedia.org/resource/Bilbo_Baggins	http://example.org/contains_relation	http://example.org/J._R._R._Tolkien%27s
http://example.org/Bennet	http://example.org/appos	http://example.org/character
http://example.org/SDCC_2015_-_Jessica	http://example.org/label	SDCC 2015 - Jessica
http://dbpedia.org/resource/Pauline_Baynes	http://www.w3.org/2000/01/rdf-schema#label	http://example.org/Pauline_Baynes
http://example.org/1124941762	http://example.org/label	1124941762
http://example.org/of	http://example.org/pobj	http://example.org/literature
http://example.org/won	http://example.org/nsubj	http://example.org/Capitol
http://dbpedia.org/resource/Pride	http://example.org/contains_relation	http://example.org/oneself
http://example.org/to	http://example.org/pobj	http://example.org/countries
http://example.org/drawn	http://example.org/nsubjpass	http://example.org/He
http://dbpedia.org/resource/Harper_Lee	http://example.org/contains_relation	http://example.org/family
http://dbpedia.org/resource/North_America	http://www.w3.org/1999/02/22-rdf-syntax-ns#type	http://example.org/Entity
http://dbpedia.org/resource/Regency_era	http://example.org/contains_relation	http://example.org/Keats
http://example.org/1122908238	http://example.org/label	1122908238
http://example.org/of	http://example.org/pobj	http://example.org/education
http://example.org/of	http://example.org/pobj	http://example.org/shadows
http://example.org/book	http://example.org/appos	http://example.org/.
http://dbpedia.org/resource/Smaug	http://example.org/contains_relation	http://example.org/British
http://dbpedia.org/resource/North_America	http://dbpedia.org/property/image	http://example.org/Chicago-00.jpg
http://example.org/copies	http://example.org/appos	http://example.org/copies
http://example.org/released	http://example.org/nsubjpass	http://example.org/novel
http://example.org/Politburo.jpg	http://example.org/label	Politburo.jpg
http://example.org/received	http://example.org/dobj	http://example.org/recognition
http://dbpedia.org/resource/Harper_Lee	http://dbpedia.org/property/birthName	http://example.org/Nelle_Harper_Lee
http://example.org/Pride	http://example.org/remained_Since	http://example.org/success
http://dbpedia.org/resource/Stalinism	http://example.org/contains_relation	http://example.org/state
http://example.org/thought	http://example.org/nsubj	http://example.org/he
http://dbpedia.org/resource/Legolas	http://www.w3.org/2000/01/rdf-schema#label	http://example.org/Legolas
http://example.org/been	http://example.org/nsubj	http://example.org/work
http://example.org/2020-11-06	http://example.org/label	2020-11-06
http://dbpedia.org/resource/The_Hunger_Games	http://dbpedia.org/property/books	http://example.org/The_Hunger_Games
http://dbpedia.org/resource/To_Kill_a_Mockingbird	http://example.org/contains_relation	http://example.org/people
http://example.org/in	http://example.org/pobj	http://example.org/world
http://example.org/of	http://example.org/pobj	http://example.org/Fellowship
http://example.org/The_Grey_Havens	http://example.org/label	The Grey Havens
http://example.org/blamed	http://example.org/dobj	http://example.org/him
http://example.org/Nazi	http://example.org/label	Nazi
http://example.org/in	http://example.org/pobj	http://example.org/Union
http://dbpedia.org/resource/Academy_Awards	http://example.org/contains_relation	http://example.org/United_States
http://example.org/The_Shire	http://example.org/label	The Shire
http://example.org/the_1930s	http://example.org/label	the 1930s
http://dbpedia.org/resource/The_Chronicles_of_Narnia	http://dbpedia.org/property/date	http://example.org/July_2021
http://dbpedia.org/resource/Jane_Austen	http://example.org/contains_relation	http://example.org/buried
http://example.org/to	http://example.org/pobj	http://example.org/resurgence
http://example.org/gloated	http://example.org/nsubj	http://example.org/he
http://example.org/The_Fault_in_Our_Stars	http://www.w3.org/1999/02/22-rdf-syntax-ns#type	http://example.org/Book
http://example.org/expertise	http://example.org/conj	http://example.org/workers
http://example.org/Lord	http://example.org/appos	http://example.org/book
http://example.org/appeared	http://example.org/nsubj	http://example.org/Bilbo
http://dbpedia.org/resource/Gandalf	http://example.org/contains_relation	http://example.org/whined
http://example.org/The_Hunger_Games_%28The_Hunger_Games%2C_%231%29	http://example.org/author	Suzanne Collins
http://dbpedia.org/resource/North_America	http://example.org/contains_relation	http://example.org/Toronto
http://example.org/name	http://example.org/appos	http://example.org/Orwell
http://example.org/11891	http://example.org/label	11891
http://dbpedia.org/resource/John_Green	http://example.org/contains_relation	http://example.org/for
http://example.org/1940	http://example.org/label	1940
http://example.org/of	http://example.org/pobj	http://example.org/state
http://example.org/1124907212	http://example.org/label	1124907212
http://dbpedia.org/resource/Regency_era	http://example.org/contains_relation	http://example.org/John_Nash
http://dbpedia.org/resource/The_Chronicles_of_Narnia	http://dbpedia.org/property/publisher	http://example.org/
http://dbpedia.org/resource/Jane_Austen	http://example.org/contains_relation	http://example.org/%23FFFFF0
http://example.org/including	http://example.org/pobj	http://example.org/Regency
http://example.org/in	http://example.org/pobj	http://example.org/passage
http://example.org/as	http://example.org/pobj	http://example.org/trophy
http://example.org/September	http://example.org/label	September
http://example.org/4196525	http://example.org/label	4196525
http://dbpedia.org/resource/Twilight	http://example.org/contains_relation	http://example.org/dimmer
http://dbpedia.org/resource/Smaug	http://example.org/contains_relation	http://example.org/Beowulf
http://example.org/The_South-kingdom	http://example.org/label	The South-kingdom
http://dbpedia.org/resource/The_Hunger_Games	http://example.org/contains_relation	http://example.org/in
http://dbpedia.org/resource/Frodo_Baggins	http://example.org/contains_relation	http://example.org/nears
http://dbpedia.org/resource/The_Chronicles_of_Narnia	http://dbpedia.org/property/name	http://example.org/The_Chronicles_of_Narnia
http://example.org/defines	http://example.org/nsubj	http://example.org/Oxford
http://example.org/45324	http://example.org/label	45324
http://dbpedia.org/resource/Frodo_Baggins	http://example.org/contains_relation	http://example.org/J._R._R._Tolkien%27s
http://dbpedia.org/resource/Suzanne_Collins	http://dbpedia.org/property/education	http://example.org/New_York_University
http://dbpedia.org/resource/Smaug	http://example.org/contains_relation	http://example.org/be
http://dbpedia.org/resource/Samwise_Gamgee	http://example.org/contains_relation	http://example.org/in
http://dbpedia.org/resource/Smaug	http://example.org/contains_relation	http://example.org/is
http://example.org/promised	http://example.org/dobj	http://example.org/myself
http://example.org/of	http://example.org/pobj	http://example.org/Treader
http://example.org/into	http://example.org/pobj	http://example.org/cities
http://example.org/Thief	http://example.org/conj	http://example.org/title
http://example.org/893310	http://example.org/label	893310
http://example.org/of	http://example.org/pobj	http://example.org/members
http://example.org/Princeps_Civitatis	http://example.org/label	Princeps Civitatis
http://dbpedia.org/resource/Alabama	http://www.w3.org/2003/01/geo/wgs84_pos#long	http://example.org/-87.0
http://example.org/Animal_Farm	http://www.w3.org/1999/02/22-rdf-syntax-ns#type	http://example.org/Book
http://dbpedia.org/resource/Frodo_Baggins	http://example.org/contains_relation	http://example.org/1954
http://example.org/Twilight_%28The_Twilight_Saga%2C_%231%29	http://example.org/contains_relation	http://example.org/Edward
http://dbpedia.org/resource/Twilight	http://example.org/contains_relation	http://example.org/Earth
http://example.org/The_Hobbit	http://example.org/label	The Hobbit
http://dbpedia.org/resource/Bilbo_Baggins	http://example.org/contains_relation	http://example.org/designer
http://dbpedia.org/resource/Harry_Potter	http://example.org/contains_relation	http://example.org/overthrow
http://example.org/are	http://example.org/nsubj	http://example.org/Awards
http://dbpedia.org/resource/Augustus	http://example.org/contains_relation	http://example.org/Author%3AAugustus_Caesar
http://dbpedia.org/resource/Elizabeth_Bennet	http://example.org/contains_relation	http://example.org/
http://example.org/guessed	http://example.org/nsubj	http://example.org/I
http://example.org/landscapes	http://example.org/conj	http://example.org/climate
http://example.org/of	http://example.org/pobj	http://example.org/irony
http://dbpedia.org/resource/Young_adult_fiction	http://example.org/contains_relation	http://example.org/referred
http://dbpedia.org/resource/Nazi_Germany	http://dbpedia.org/property/qalign	http://example.org/left
http://dbpedia.org/resource/The_Hobbit	http://example.org/contains_relation	http://example.org/during
http://dbpedia.org/resource/The_Hobbit	http://xmlns.com/foaf/0.1/name	http://example.org/
http://dbpedia.org/resource/Harry_Potter	http://example.org/contains_relation	http://example.org/American
http://example.org/January_1940	http://example.org/label	January 1940
http://dbpedia.org/resource/Smaug	http://example.org/contains_relation	http://example.org/gloated
http://example.org/Merriam-Webster	http://example.org/label	Merriam-Webster
http://example.org/book	http://example.org/label	book
http://dbpedia.org/resource/Pauline_Baynes	http://example.org/contains_relation	http://example.org/417741
http://dbpedia.org/resource/North_America	http://dbpedia.org/property/cities	http://example.org/
http://example.org/July_2022	http://example.org/label	July 2022
http://example.org/is	http://example.org/attr	http://example.org/character
http://dbpedia.org/resource/Harper_Lee	http://example.org/contains_relation	http://example.org/April_28%2C_1926
http://dbpedia.org/resource/Legolas	http://example.org/contains_relation	http://example.org/a_Sindar_Elf
http://example.org/the_Caribbean_Sea	http://example.org/label	the Caribbean Sea
http://dbpedia.org/resource/Suzanne_Collins	http://dbpedia.org/property/spouse	http://example.org/
http://dbpedia.org/resource/George_Orwell	http://example.org/contains_relation	http://example.org/head
http://example.org/In	http://example.org/pobj	http://example.org/terms
http://dbpedia.org/resource/J._R._R._Tolkien	http://example.org/contains_relation	http://example.org/Commons.svg
http://dbpedia.org/resource/Gandalf	http://example.org/contains_relation	http://example.org/am
http://dbpedia.org/resource/Augustus	http://example.org/contains_relation	http://example.org/Gaius_Octavius
http://dbpedia.org/resource/To_Kill_a_Mockingbird	http://example.org/contains_relation	http://example.org/mean
http://example.org/Modern_Library%27s	http://example.org/label	Modern Library's
http://example.org/of	http://example.org/pobj	http://example.org/ruffians
http://dbpedia.org/resource/Elizabeth_Bennet	http://dbpedia.org/property/relatives	http://example.org/Colonel_Fitzwilliam
http://dbpedia.org/resource/Suzanne_Collins	http://example.org/contains_relation	http://example.org/series
http://example.org/Hermione_Granger	http://example.org/label	Hermione Granger
http://dbpedia.org/resource/Regency_era	http://example.org/contains_relation	http://example.org/late_1810
http://example.org/of	http://example.org/pobj	http://example.org/background
http://example.org/thirteen	http://example.org/label	thirteen
http://dbpedia.org/resource/The_Shire	http://example.org/contains_relation	http://example.org/Merry_Brandybuck
http://dbpedia.org/resource/Animal_Farm	http://dbpedia.org/property/m	http://example.org/no
http://dbpedia.org/resource/The_Two_Towers	http://example.org/contains_relation	http://example.org/English
http://dbpedia.org/resource/Pride	http://dbpedia.org/ontology/wikiPageRevisionID	http://example.org/1120823407
http://example.org/near	http://example.org/pobj	http://example.org/hometown
http://example.org/am	http://example.org/nsubj	http://example.org/I
http://dbpedia.org/resource/Smaug	http://example.org/contains_relation	http://example.org/of
http://example.org/Wizardry_Online	http://example.org/label	Wizardry Online
http://example.org/depicting	http://example.org/dobj	http://example.org/knight
http://example.org/began	http://example.org/nsubj	http://example.org/de
http://dbpedia.org/resource/The_Hobbit	http://example.org/contains_relation	http://example.org/shaping
http://example.org/story	http://example.org/is	http://example.org/about
http://example.org/Execute_346_Politburo_passes.jpg	http://example.org/label	Execute 346 Politburo passes.jpg
http://example.org/Twilight	http://example.org/label	Twilight
http://dbpedia.org/resource/J._R._R._Tolkien	http://example.org/contains_relation	http://example.org/January
http://dbpedia.org/resource/Regency_era	http://example.org/contains_relation	http://example.org/William_Wordsworth
http://dbpedia.org/resource/Hermione_Granger	http://example.org/contains_relation	http://example.org/in
http://dbpedia.org/resource/Samwise_Gamgee	http://example.org/contains_relation	http://example.org/put
http://example.org/shock	http://example.org/conj	http://example.org/death
http://dbpedia.org/resource/Frodo_Baggins	http://example.org/contains_relation	http://example.org/after
http://dbpedia.org/resource/Suzanne_Collins	http://example.org/contains_relation	http://example.org/Suzanne_Collins_signature.png
http://dbpedia.org/resource/Hogwarts	http://www.w3.org/1999/02/22-rdf-syntax-ns#type	http://example.org/Entity
http://example.org/are	http://example.org/nsubj	http://example.org/teeth
http://example.org/after	http://example.org/pobj	http://example.org/years
http://example.org/Roman_consul_XIII	http://example.org/label	Roman consul XIII
http://example.org/The_Chronicles_of_Narnia_%28The_Chronicles_of_Narnia%2C_%231-7%29	http://example.org/contains_relation	http://example.org/Journeys
http://example.org/materials	http://example.org/conj	http://example.org/ideas
http://dbpedia.org/resource/The_Chronicles_of_Narnia	http://example.org/contains_relation	http://example.org/The_Bodley_Head
http://example.org/in	http://example.org/pobj	http://example.org/places
http://dbpedia.org/resource/Hermione_Granger	http://dbpedia.org/property/lbl	http://example.org/Signature
http://dbpedia.org/resource/George_Orwell	http://example.org/contains_relation	http://example.org/77
http://dbpedia.org/resource/Nazi_Germany	http://example.org/contains_relation	http://example.org/from
http://example.org/Photograph	http://example.org/ROOT	http://example.org/Photograph
http://dbpedia.org/resource/Harper_Lee	http://example.org/contains_relation	http://example.org/Nelle_Harper_Lee
http://dbpedia.org/resource/Young_adult_fiction	http://dbpedia.org/property/by	http://example.org/no
http://dbpedia.org/resource/Elizabeth_Bennet	http://dbpedia.org/property/relatives	http://example.org/Anne_de_Bourgh
http://dbpedia.org/resource/Harry_Potter	http://example.org/contains_relation	http://example.org/Chamber_of_Secrets
http://dbpedia.org/resource/Bilbo_Baggins	http://example.org/contains_relation	http://example.org/appeared
http://example.org/took	http://example.org/nsubj	http://example.org/Tolkien
http://dbpedia.org/resource/Augustus	http://example.org/contains_relation	http://example.org/23
http://example.org/by	http://example.org/pobj	http://example.org/Collins
http://dbpedia.org/resource/Hermione_Granger	http://dbpedia.org/property/voice	http://example.org/Jessie_Braviner
http://example.org/wisdom	http://example.org/conj	http://example.org/virtue
http://dbpedia.org/resource/Harper_Lee	http://example.org/contains_relation	http://example.org/author
http://dbpedia.org/resource/Elizabeth_Bennet	http://xmlns.com/foaf/0.1/name	http://example.org/Elizabeth_Bennet
http://dbpedia.org/resource/Smaug	http://example.org/contains_relation	http://example.org/shock
http://example.org/plot	http://example.org/conj	http://example.org/characters
http://dbpedia.org/resource/John_Green	http://example.org/contains_relation	http://example.org/during
http://dbpedia.org/resource/Character_class	http://example.org/contains_relation	http://example.org/emulate
http://dbpedia.org/resource/Gandalf	http://example.org/contains_relation	http://example.org/the_Secret_Fire
http://dbpedia.org/resource/Gandalf	http://example.org/contains_relation	http://example.org/raised
http://dbpedia.org/resource/John_Green	http://example.org/contains_relation	http://example.org/John
http://dbpedia.org/resource/John_Green	http://www.w3.org/2000/01/rdf-schema#label	http://example.org/John_Green
http://dbpedia.org/resource/George_Orwell	http://dbpedia.org/ontology/wikiPageRevisionID	http://example.org/1124941762
http://example.org/flora	http://example.org/conj	http://example.org/fauna
http://dbpedia.org/resource/Character_class	http://example.org/contains_relation	http://example.org/396490
http://dbpedia.org/resource/Gondor	http://example.org/contains_relation	http://example.org/at
http://dbpedia.org/resource/Hogwarts	http://example.org/contains_relation	http://example.org/at
http://dbpedia.org/resource/Twilight	http://example.org/contains_relation	http://example.org/French
http://example.org/have	http://example.org/dobj	http://example.org/vision
http://example.org/pride	http://example.org/conj	http://example.org/virtue
http://example.org/into	http://example.org/pobj	http://example.org/levels
http://dbpedia.org/resource/Stalinism	http://example.org/contains_relation	http://example.org/persecution
http://example.org/Eliza	http://example.org/conj	http://example.org/Lizzy
http://example.org/friends	http://example.org/conj	http://example.org/family
http://dbpedia.org/resource/The_Hunger_Games	http://example.org/contains_relation	http://example.org/are
http://example.org/William_Blake	http://example.org/label	William Blake
http://example.org/began	http://example.org/nsubj	http://example.org/population
http://example.org/Mount_Doom	http://example.org/label	Mount Doom
http://dbpedia.org/resource/Pauline_Baynes	http://example.org/contains_relation	http://example.org/1123451434
http://example.org/Hermione	http://example.org/label	Hermione
http://example.org/Middle-earth	http://example.org/label	Middle-earth
http://example.org/insecurity	http://example.org/conj	http://example.org/fear
http://example.org/ends	http://example.org/nsubj	http://example.org/It
http://dbpedia.org/resource/Animal_Farm	http://example.org/contains_relation	http://example.org/in
http://example.org/like	http://example.org/pobj	http://example.org/wings
http://example.org/They	http://example.org/appos	http://example.org/both
http://dbpedia.org/resource/Jane_Austen	http://example.org/contains_relation	http://example.org/the_end_of_the_18th_century
http://dbpedia.org/resource/Legolas	http://example.org/contains_relation	http://example.org/one
http://example.org/as	http://example.org/pobj	http://example.org/seller
http://example.org/novels	http://example.org/conj	http://example.org/literature
http://example.org/2014-12-22	http://example.org/label	2014-12-22
http://dbpedia.org/resource/Alabama	http://example.org/contains_relation	http://example.org/Red%2C_white
http://dbpedia.org/resource/John_Green	http://dbpedia.org/property/image	http://example.org/Hank_and_John_Green__2017.jpg
http://dbpedia.org/resource/Academy_Awards	http://dbpedia.org/property/image	http://example.org/Jane_Campion_DNZM_.jpg
http://example.org/1950s	http://example.org/conj	http://example.org/1960s
http://example.org/brand	http://example.org/appos	http://example.org/enemies
http://dbpedia.org/resource/Smaug	http://example.org/contains_relation	http://example.org/Benedict_Cumberbatch
http://example.org/edition	http://example.org/presents_in	http://example.org/volume
http://dbpedia.org/resource/Hermione_Granger	http://example.org/contains_relation	http://example.org/Granger
http://dbpedia.org/resource/The_Hunger_Games	http://example.org/contains_relation	http://example.org/August_17%2C_2012
http://example.org/German_Reich	http://example.org/label	German Reich
http://example.org/is	http://example.org/pobj	http://example.org/magnificence
http://example.org/I	http://example.org/was_in	http://example.org/love
http://example.org/is	http://example.org/nsubj	http://example.org/Zusak
http://dbpedia.org/resource/Nazi_Germany	http://example.org/contains_relation	http://example.org/German_Empire
http://example.org/for	http://example.org/pobj	http://example.org/film
http://example.org/is	http://example.org/attr	http://example.org/school
http://example.org/FRSL	http://example.org/appos	http://example.org//%CB%88ru%CB%90l
http://dbpedia.org/resource/Suzanne_Collins	http://example.org/contains_relation	http://example.org/known
http://dbpedia.org/resource/Harper_Lee	http://example.org/contains_relation	http://example.org/was
http://dbpedia.org/resource/The_Shire	http://example.org/contains_relation	http://example.org/beginning
http://example.org/by	http://example.org/pobj	http://example.org/hobbits
http://example.org/led	http://example.org/dobj	http://example.org/critics
http://example.org/architecture	http://example.org/conj	http://example.org/style
http://example.org/was	http://example.org/nsubj	http://example.org/Austen
http://dbpedia.org/resource/J._R._R._Tolkien	http://example.org/contains_relation	http://example.org/identified
http://example.org/with	http://example.org/pobj	http://example.org/them
http://example.org/The_Chronicles_of_Narnia_%28The_Chronicles_of_Narnia%2C_%231-7%29	http://example.org/author	C.S. Lewis
http://example.org/is	http://example.org/attr	http://example.org/fable
http://dbpedia.org/resource/The_Shire	http://dbpedia.org/property/imageSize	http://example.org/240
http://example.org/prevent	http://example.org/dobj	http://example.org/Sauron
http://dbpedia.org/resource/The_Shire	http://dbpedia.org/property/type	http://example.org/Region
http://example.org/of	http://example.org/pobj	http://example.org/Anor
http://example.org/pride	http://example.org/label	pride
http://example.org/Cathedral	http://example.org/ROOT	http://example.org/Cathedral
http://example.org/in	http://example.org/pobj	http://example.org/genre
http://dbpedia.org/resource/The_Hunger_Games	http://example.org/contains_relation	http://example.org/into
http://example.org/was	http://example.org/attr	http://example.org/emperor
http://example.org/is	http://example.org/nsubj	http://example.org/it
http://dbpedia.org/resource/The_Two_Towers	http://example.org/contains_relation	http://example.org/novel
http://example.org/by	http://example.org/pobj	http://example.org/sunlight
http://dbpedia.org/resource/Pride	http://example.org/contains_relation	http://example.org/76176
http://dbpedia.org/resource/Harper_Lee	http://example.org/contains_relation	http://example.org/based
http://example.org/on	http://example.org/pobj	http://example.org/marriage
http://dbpedia.org/resource/Samwise_Gamgee	http://example.org/contains_relation	http://example.org/into
http://dbpedia.org/resource/Bilbo_Baggins	http://example.org/contains_relation	http://example.org/help
http://example.org/of	http://example.org/pobj	http://example.org/children
http://dbpedia.org/resource/Gandalf	http://dbpedia.org/property/image	http://example.org/Der_Berggeist.jpg
http://example.org/integrated	http://example.org/nsubjpass	http://example.org/changes
http://dbpedia.org/resource/Suzanne_Collins	http://dbpedia.org/property/occupation	http://example.org/
http://example.org/The_Fault_in_Our_Stars	http://example.org/contains_relation	http://example.org/Hazel
http://dbpedia.org/resource/Character_class	http://example.org/contains_relation	http://example.org/to
http://dbpedia.org/resource/The_Hobbit	http://example.org/contains_relation	http://example.org/War
http://dbpedia.org/resource/Hermione_Granger	http://example.org/contains_relation	http://example.org/Watson
http://dbpedia.org/resource/The_Chronicles_of_Narnia	http://example.org/contains_relation	http://example.org/radio
http://example.org/race	http://example.org/conj	http://example.org/class
http://dbpedia.org/resource/Frodo_Baggins	http://example.org/contains_relation	http://example.org/selflessness
http://dbpedia.org/resource/Gandalf	http://example.org/contains_relation	http://example.org/Hobbit
http://dbpedia.org/resource/Harry_Potter	http://example.org/contains_relation	http://example.org/by
http://example.org/To_Kill_a_Mockingbird	http://example.org/contains_relation	http://example.org/that
http://dbpedia.org/resource/Gandalf	http://example.org/contains_relation	http://example.org/Narya
http://dbpedia.org/resource/The_Hobbit	http://dbpedia.org/property/illustrator	http://example.org/J._R._R._Tolkien
http://dbpedia.org/resource/Legolas	http://example.org/contains_relation	http://example.org/noted
http://example.org/The_Chronicles_of_Narnia_%28The_Chronicles_of_Narnia%2C_%231-7%29	http://example.org/contains_relation	http://example.org/magic
http://dbpedia.org/resource/Markus_Zusak	http://example.org/contains_relation	http://example.org/Thief
http://dbpedia.org/resource/The_Shire	http://example.org/contains_relation	http://example.org/to
http://dbpedia.org/resource/Samwise_Gamgee	http://example.org/contains_relation	http://example.org/Bywater
http://example.org/1124235010	http://example.org/label	1124235010
http://dbpedia.org/resource/The_Hobbit	http://example.org/contains_relation	http://example.org/romantic
http://dbpedia.org/resource/Gondor	http://example.org/contains_relation	http://example.org/under
http://example.org/novelist	http://example.org/appos	http://example.org/essayist
http://example.org/one_year	http://example.org/label	one year
http://dbpedia.org/resource/North_America	http://example.org/contains_relation	http://example.org/included
http://dbpedia.org/resource/Animal_Farm	http://example.org/contains_relation	http://example.org/rebel
http://dbpedia.org/resource/To_Kill_a_Mockingbird	http://example.org/contains_relation	http://example.org/Monroeville
http://example.org/on	http://example.org/pobj	http://example.org/observations
http://dbpedia.org/resource/Harry_Potter	http://example.org/contains_relation	http://example.org/Hogwarts_School_of_Witchcraft
http://dbpedia.org/resource/Suzanne_Collins	http://example.org/contains_relation	http://example.org/New_York_University
http://example.org/novel	http://example.org/appos	http://example.org/Pride
http://dbpedia.org/resource/Markus_Zusak	http://example.org/contains_relation	http://example.org/2016
http://dbpedia.org/resource/The_Hunger_Games	http://example.org/contains_relation	http://example.org/51
http://example.org/try	http://example.org/nsubj	http://example.org/I
http://example.org/Lady_Catherine_de_Bourgh	http://example.org/label	Lady Catherine de Bourgh
http://dbpedia.org/resource/Stalinism	http://example.org/contains_relation	http://example.org/historians
http://dbpedia.org/resource/Suzanne_Collins	http://example.org/contains_relation	http://example.org/is
http://dbpedia.org/resource/Gondor	http://example.org/contains_relation	http://example.org/city
http://example.org/1943_to_1945	http://example.org/label	1943 to 1945
http://dbpedia.org/resource/Young_adult_fiction	http://example.org/contains_relation	http://example.org/YA
http://example.org/characteristics	http://example.org/conj	http://example.org/country
http://dbpedia.org/resource/Gandalf	http://example.org/contains_relation	http://example.org/like
http://example.org/accompanied	http://example.org/nsubjpass	http://example.org/industrialization
http://example.org/Cathedral	http://example.org/conj	http://example.org/gravestone
http://dbpedia.org/resource/Regency_era	http://example.org/contains_relation	http://example.org/J._M._W._Turner
http://example.org/Georgian	http://example.org/label	Georgian
http://dbpedia.org/resource/The_Shire	http://example.org/contains_relation	http://example.org/the_Fellowship_of_the_Ring%3A_Frodo_Baggins
http://example.org/the_%22Year_Without_a_Summer	http://example.org/label	the "Year Without a Summer
http://example.org/known	http://example.org/nsubjpass	http://example.org/He
http://example.org/is	http://example.org/attr	http://example.org/means
http://dbpedia.org/resource/Gondor	http://example.org/contains_relation	http://example.org/outlined
http://dbpedia.org/resource/Wizardry	http://example.org/contains_relation	http://example.org/were
http://example.org/Granger	http://example.org/conj	http://example.org/Order
http://dbpedia.org/resource/Jane_Austen	http://example.org/contains_relation	http://example.org/Steventon_Rectory%2C_Hampshire%2C_England
http://dbpedia.org/resource/J._R._R._Tolkien	http://example.org/contains_relation	http://example.org/writer
http://example.org/Mr._Underhill	http://example.org/label	Mr. Underhill
http://dbpedia.org/resource/Augustus	http://example.org/contains_relation	http://example.org/born
http://dbpedia.org/resource/Smaug	http://example.org/contains_relation	http://example.org/presume
http://example.org/V%C3%A4in%C3%A4m%C3%B6inen	http://example.org/label	Väinämöinen
http://example.org/by	http://example.org/pobj	http://example.org/Baynes
http://example.org/Middle%3A_Stalin%27s_handwriting%3A_%22%D0%B7%D0%B0%22	http://example.org/label	Middle: Stalin's handwriting: "за"
http://dbpedia.org/resource/Gandalf	http://example.org/contains_relation	http://example.org/took
http://example.org/were	http://example.org/attr	http://example.org/figures
http://example.org/referred	http://example.org/nsubjpass	http://example.org/Stories
http://dbpedia.org/resource/Nazi_Germany	http://example.org/contains_relation	http://example.org/German_Reich
http://example.org/of	http://example.org/pobj	http://example.org/shell
http://dbpedia.org/resource/Elizabeth_Bennet	http://example.org/contains_relation	http://example.org/Lady_Anne_Darcy
http://dbpedia.org/resource/Augustus	http://dbpedia.org/property/title	http://example.org/Roman_consul_II
http://dbpedia.org/resource/Alabama	http://example.org/contains_relation	http://example.org/1124695323
http://example.org/of	http://example.org/pobj	http://example.org/wizard
http://example.org/London	http://example.org/label	London
http://example.org/is	http://example.org/nsubj	http://example.org/amount
http://dbpedia.org/resource/To_Kill_a_Mockingbird	http://example.org/contains_relation	http://example.org/lead
http://example.org/gathered	http://example.org/nsubj	http://example.org/Revolution
http://dbpedia.org/resource/The_Hobbit	http://example.org/contains_relation	http://example.org/radio
http://example.org/love	http://example.org/conj	http://example.org/relationships
http://dbpedia.org/resource/The_Hunger_Games	http://example.org/contains_relation	http://example.org/on
http://dbpedia.org/resource/Stalinism	http://example.org/contains_relation	http://example.org/started
http://example.org/The_Hunger_Games_%28The_Hunger_Games%2C_%231%29	http://example.org/contains_relation	http://example.org/Capitol
http://example.org/in	http://example.org/pobj	http://example.org/poll
http://example.org/losing	http://example.org/dobj	http://example.org/strength
http://dbpedia.org/resource/The_Hunger_Games	http://example.org/contains_relation	http://example.org/three
http://dbpedia.org/resource/Samwise_Gamgee	http://example.org/contains_relation	http://example.org/on
http://dbpedia.org/resource/Academy_Awards	http://example.org/contains_relation	http://example.org/nickname
http://example.org/of	http://example.org/pobj	http://example.org/leaders
http://dbpedia.org/resource/Augustus	http://example.org/contains_relation	http://example.org/first
http://example.org/of	http://example.org/pobj	http://example.org/world
http://example.org/in	http://example.org/pobj	http://example.org/hand
http://example.org/of	http://example.org/pobj	http://example.org/failure
http://dbpedia.org/resource/The_Shire	http://example.org/contains_relation	http://example.org/first
http://example.org/more_than_18_million	http://example.org/label	more than 18 million
http://example.org/of	http://example.org/pobj	http://example.org/Doom
http://example.org/on	http://example.org/pobj	http://example.org/Downs
http://example.org/William_Morris%27s	http://example.org/label	William Morris's
http://example.org/Iceland	http://example.org/label	Iceland
http://example.org/Scott	http://example.org/conj	http://example.org/Shelley
http://example.org/being	http://example.org/attr	http://example.org/goal
http://dbpedia.org/resource/Stalinism	http://example.org/contains_relation	http://example.org/asking
http://example.org/absence	http://example.org/conj	http://example.org/appearance
http://example.org/friend	http://example.org/appos	http://example.org/Capote
http://example.org/of	http://example.org/pobj	http://example.org/praise
http://dbpedia.org/resource/John_Green	http://example.org/contains_relation	http://example.org/August_24%2C_1977
http://dbpedia.org/resource/Augustus	http://dbpedia.org/property/label	http://example.org/Augustus
http://example.org/is	http://example.org/nsubj	http://example.org/Samwise
http://dbpedia.org/resource/Alabama	http://example.org/contains_relation	http://example.org/in
http://example.org/England	http://example.org/label	England
http://dbpedia.org/resource/Alabama	http://example.org/contains_relation	http://example.org/Mississippi
http://dbpedia.org/resource/Wizardry	http://www.w3.org/2000/01/rdf-schema#label	http://example.org/Wizardry
http://dbpedia.org/resource/Suzanne_Collins	http://dbpedia.org/ontology/wikiPageRevisionID	http://example.org/1124235010
http://example.org/are	http://example.org/nsubj	http://example.org/classes
http://dbpedia.org/resource/The_Shire	http://dbpedia.org/property/ruler	http://example.org/Thain%2C_Mayor
http://example.org/Saruman	http://example.org/label	Saruman
http://dbpedia.org/resource/Pride	http://dbpedia.org/property/wikt	http://example.org/yes
http://example.org/Tolkien%27s_illustration_Conversation_with_Smaug	http://example.org/label	Tolkien's illustration Conversation with Smaug
http://example.org/first	http://example.org/label	first
http://dbpedia.org/resource/Pride	http://example.org/contains_relation	http://example.org/in
http://example.org/lived	http://example.org/nsubj	http://example.org/he
http://example.org/After	http://example.org/pobj	http://example.org/death
http://example.org/in	http://example.org/pobj	http://example.org/soil
http://dbpedia.org/resource/Wizardry	http://example.org/contains_relation	http://example.org/to
http://dbpedia.org/resource/Markus_Zusak	http://dbpedia.org/property/birthName	http://example.org/Markus_Frank_Zusak
http://example.org/1124498184	http://example.org/label	1124498184
http://dbpedia.org/resource/The_Hobbit	http://example.org/contains_relation	http://example.org/integrated
http://dbpedia.org/resource/Alabama	http://example.org/contains_relation	http://example.org/303
http://example.org/of	http://example.org/pobj	http://example.org/dwarves
http://dbpedia.org/resource/The_Hunger_Games	http://www.w3.org/1999/02/22-rdf-syntax-ns#type	http://example.org/Entity
http://dbpedia.org/resource/Stalinism	http://example.org/contains_relation	http://example.org/Politburo.jpg
http://example.org/of	http://example.org/pobj	http://example.org/Party
http://example.org/mean	http://example.org/dobj	http://example.org/kinds
http://dbpedia.org/resource/Bilbo_Baggins	http://example.org/contains_relation	http://example.org/Thorin
http://example.org/The_Book_Thief	http://example.org/contains_relation	http://example.org/that
http://dbpedia.org/resource/To_Kill_a_Mockingbird	http://dbpedia.org/property/source	http://example.org/%E2%80%94Allan_Gurganus
http://dbpedia.org/resource/Academy_Awards	http://example.org/contains_relation	http://example.org/International
http://example.org/Losing	http://example.org/means	http://example.org/death
http://example.org/above	http://example.org/pobj	http://example.org/painting
http://example.org/from	http://example.org/pobj	http://example.org/troll
http://dbpedia.org/resource/Alabama	http://example.org/contains_relation	http://example.org/ofDixie
http://example.org/154908	http://example.org/label	154908
http://example.org/for	http://example.org/pobj	http://example.org/Medal
http://example.org/to	http://example.org/pobj	http://example.org/periods
http://example.org/including	http://example.org/pobj	http://example.org/Fault
http://dbpedia.org/resource/The_Two_Towers	http://example.org/contains_relation	http://example.org/George_Allen_%26_Unwin
http://example.org/death	http://example.org/conj	http://example.org/thaw
http://dbpedia.org/resource/Harry_Potter	http://dbpedia.org/property/bSearch	http://example.org/Muggles%27_Guide_to_Harry_Potter
http://example.org/of	http://example.org/pobj	http://example.org/daughters
http://dbpedia.org/resource/Smaug	http://example.org/contains_relation	http://example.org/Book
http://dbpedia.org/resource/George_Orwell	http://dbpedia.org/property/b	http://example.org/no
http://example.org/as	http://example.org/pobj	http://example.org/Reich
http://dbpedia.org/resource/Gondor	http://example.org/contains_relation	http://example.org/Mont_Saint-Michel_France_.jpg
http://example.org/earned	http://example.org/nsubj	http://example.org/use
http://dbpedia.org/resource/Character_class	http://www.w3.org/1999/02/22-rdf-syntax-ns#type	http://example.org/Entity
http://dbpedia.org/resource/J._R._R._Tolkien	http://example.org/contains_relation	http://example.org/Rings
http://dbpedia.org/resource/George_Orwell	http://example.org/contains_relation	http://example.org/journalist
http://example.org/of	http://example.org/pobj	http://example.org/geography
http://example.org/yes	http://example.org/label	yes
http://dbpedia.org/resource/Stalinism	http://example.org/contains_relation	http://example.org/saw
http://dbpedia.org/resource/Augustus	http://example.org/contains_relation	http://example.org/the_Roman_Empire
http://example.org/Nazis	http://example.org/label	Nazis
http://dbpedia.org/resource/Regency_era	http://dbpedia.org/ontology/wikiPageLength	http://example.org/53880
http://example.org/Wizardry_series	http://example.org/label	Wizardry series
http://dbpedia.org/resource/George_Orwell	http://example.org/contains_relation	http://example.org/21_January_1950
http://dbpedia.org/resource/George_Orwell	http://xmlns.com/foaf/0.1/name	http://example.org/George_Orwell
http://dbpedia.org/resource/Regency_era	http://example.org/contains_relation	http://example.org/Constable
http://dbpedia.org/resource/Young_adult_fiction	http://example.org/contains_relation	http://example.org/893310
http://dbpedia.org/resource/Gandalf	http://example.org/contains_relation	http://example.org/Akseli_Gallen-Kallela
http://example.org/of	http://example.org/pobj	http://example.org/Overlord
http://example.org/with	http://example.org/pobj	http://example.org/plaque
http://dbpedia.org/resource/Hogwarts	http://example.org/contains_relation	http://example.org/six
http://example.org/of	http://example.org/pobj	http://example.org/refinement
http://dbpedia.org/resource/Frodo_Baggins	http://example.org/contains_relation	http://example.org/combines
http://example.org/to	http://example.org/pobj	http://example.org/events
http://dbpedia.org/resource/North_America	http://dbpedia.org/property/direction	http://example.org/horizontal
http://dbpedia.org/resource/Smaug	http://example.org/contains_relation	http://example.org/exclaimed
http://example.org/stage	http://example.org/conj	http://example.org/screen
http://example.org/Johnson	http://example.org/ROOT	http://example.org/Johnson
http://example.org/developed	http://example.org/nsubjpass	http://example.org/fiction
http://dbpedia.org/resource/Gandalf	http://dbpedia.org/property/aliases	http://example.org/See_%5B%5B%23Names
http://example.org/Japanese	http://example.org/label	Japanese
http://example.org/irreverent	http://example.org/is	http://example.org/Fault
http://dbpedia.org/resource/Gondor	http://example.org/contains_relation	http://example.org/with
http://dbpedia.org/resource/Hogwarts	http://example.org/contains_relation	http://example.org/with
http://dbpedia.org/resource/Frodo_Baggins	http://example.org/contains_relation	http://example.org/comes
http://example.org/Claudia_Johnson	http://example.org/label	Claudia Johnson
http://example.org/1953	http://example.org/label	1953
http://dbpedia.org/resource/Regency_era	http://example.org/contains_relation	http://example.org/by_Thomas_Lawrence
http://dbpedia.org/resource/Pauline_Baynes	http://dbpedia.org/property/birthPlace	http://example.org/Hove%2C_Sussex%2C_England
http://example.org/Muggles%27_Guide_to_Harry_Potter	http://example.org/label	Muggles' Guide to Harry Potter
http://example.org/book	http://example.org/be	http://example.org/story
http://dbpedia.org/resource/Stalinism	http://example.org/contains_relation	http://example.org/including
http://dbpedia.org/resource/Elizabeth_Bennet	http://example.org/contains_relation	http://example.org/friends
http://dbpedia.org/resource/Harper_Lee	http://dbpedia.org/property/genre	http://example.org/fiction
http://example.org/Chronicles	http://example.org/conj	http://example.org/Games
http://example.org/characterised	http://example.org/nsubjpass	http://example.org/work
http://example.org/model	http://example.org/ROOT	http://example.org/model
http://example.org/J.R.R._Tolkien_4-Book_Boxed_Set%3A_The_Hobbit_and_The_Lord_of_the_Rings	http://example.org/contains_relation	http://example.org/masterpiece
http://example.org/Ballad	http://example.org/ROOT	http://example.org/Ballad
http://dbpedia.org/resource/Jane_Austen	http://example.org/contains_relation	http://example.org/Cathedral
http://dbpedia.org/resource/The_Chronicles_of_Narnia	http://example.org/contains_relation	http://example.org/United_Kingdom
http://dbpedia.org/resource/Hermione_Granger	http://www.w3.org/1999/02/22-rdf-syntax-ns#type	http://example.org/Entity
http://example.org/tells	http://example.org/dobj	http://example.org/story
http://dbpedia.org/resource/Alabama	http://example.org/contains_relation	http://example.org/has
http://dbpedia.org/resource/Animal_Farm	http://example.org/contains_relation	http://example.org/on
http://dbpedia.org/resource/Stalinism	http://example.org/contains_relation	http://example.org/purged
http://example.org/with	http://example.org/pobj	http://example.org/emendations
http://dbpedia.org/resource/Augustus	http://example.org/contains_relation	http://example.org/Romana
http://example.org/21084	http://example.org/label	21084
http://dbpedia.org/resource/The_Chronicles_of_Narnia	http://example.org/contains_relation	http://example.org/Pauline_Baynes
http://example.org/of	http://example.org/pobj	http://example.org/war
http://dbpedia.org/resource/North_America	http://dbpedia.org/property/direction	http://example.org/vertical
http://example.org/51	http://example.org/label	51
http://dbpedia.org/resource/Harry_Potter	http://example.org/contains_relation	http://example.org/the_Ministry_of_Magic
http://dbpedia.org/resource/Character_class	http://example.org/contains_relation	http://example.org/allow
http://dbpedia.org/resource/Hogwarts	http://dbpedia.org/property/type	http://example.org/Boarding_school
http://dbpedia.org/resource/Smaug	http://example.org/contains_relation	http://example.org/Megissogwon
http://dbpedia.org/resource/J._R._R._Tolkien	http://example.org/contains_relation	http://example.org/Michael_Hilary
http://example.org/is	http://example.org/attr	http://example.org/Elf
http://dbpedia.org/resource/Regency_era	http://example.org/contains_relation	http://example.org/lived
http://dbpedia.org/resource/Legolas	http://example.org/contains_relation	http://example.org/He
http://example.org/soul	http://example.org/conj	http://example.org/magnanimity
http://example.org/79375281	http://example.org/label	79375281
http://example.org/To_Kill_a_Mockingbird	http://example.org/contains_relation	http://example.org/story
http://example.org/with	http://example.org/pobj	http://example.org/brother
http://dbpedia.org/resource/Smaug	http://example.org/contains_relation	http://example.org/Unfinished_Tales
http://dbpedia.org/resource/Stalinism	http://example.org/contains_relation	http://example.org/developing
http://example.org/1927	http://example.org/label	1927
http://example.org/by	http://example.org/pobj	http://example.org/Orwell
http://dbpedia.org/resource/Stalinism	http://example.org/contains_relation	http://example.org/at
http://dbpedia.org/resource/Hermione_Granger	http://example.org/contains_relation	http://example.org/uses
http://dbpedia.org/resource/Character_class	http://example.org/contains_relation	http://example.org/change
http://dbpedia.org/resource/Hogwarts	http://dbpedia.org/property/titleColor	http://example.org/Gold
http://example.org/of	http://example.org/pobj	http://example.org/Mockingbird
http://dbpedia.org/resource/Samwise_Gamgee	http://xmlns.com/foaf/0.1/name	http://example.org/Samwise_Gamgee
http://example.org/Animal_Farm	http://example.org/author	George Orwell
http://dbpedia.org/resource/Nazi_Germany	http://example.org/contains_relation	http://example.org/earlier_Holy_Roman_Empire
http://example.org/as	http://example.org/pobj	http://example.org/pilgrimage
http://dbpedia.org/resource/John_Green	http://dbpedia.org/property/birthPlace	http://example.org/Indianapolis%2C_Indiana%2C_U.S.
http://dbpedia.org/resource/Legolas	http://example.org/contains_relation	http://example.org/The_Lord_of_the_Rings
http://dbpedia.org/resource/Gondor	http://example.org/contains_relation	http://example.org/Nimloth_the_fair
http://example.org/received	http://example.org/nsubj	http://example.org/Lee
http://dbpedia.org/resource/Bilbo_Baggins	http://example.org/contains_relation	http://example.org/Tolkien
http://example.org/are	http://example.org/attr	http://example.org/children
http://dbpedia.org/resource/Gandalf	http://example.org/contains_relation	http://example.org/Ring
http://example.org/is	http://example.org/nsubj	http://example.org/volume
http://example.org/Mikhail_Gorbachev	http://example.org/label	Mikhail Gorbachev
http://example.org/called	http://example.org/oprd	http://example.org/Sam
http://example.org/The_Fault_in_Our_Stars	http://example.org/contains_relation	http://example.org/that
http://dbpedia.org/resource/Academy_Awards	http://dbpedia.org/property/image	http://example.org/TechCrunch_Disrupt_2019__.jpg
http://dbpedia.org/resource/Hermione_Granger	http://xmlns.com/foaf/0.1/name	http://example.org/Hermione_Granger
http://example.org/Mika_Zusak	http://example.org/label	Mika Zusak
http://example.org/I	http://example.org/was	http://example.org/positive
http://example.org/between	http://example.org/pobj	http://example.org/novels
http://example.org/destroy	http://example.org/dobj	http://example.org/us
http://dbpedia.org/resource/Augustus	http://example.org/contains_relation	http://example.org/Roman_consul_III%E2%80%93XI
http://dbpedia.org/resource/Nazi_Germany	http://example.org/contains_relation	http://example.org/to
http://example.org/in	http://example.org/pobj	http://example.org/USSR
http://example.org/fiction	http://example.org/label	fiction
http://example.org/third	http://example.org/label	third
http://dbpedia.org/resource/The_Shire	http://example.org/contains_relation	http://example.org/near
http://dbpedia.org/resource/Alabama	http://dbpedia.org/property/name	http://example.org/Alabama
http://dbpedia.org/resource/Stalinism	http://example.org/contains_relation	http://example.org/Soviet_Glasnost
http://example.org/span	http://example.org/nsubj	http://example.org/books
http://example.org/that	http://example.org/bought	http://example.org/her
http://dbpedia.org/resource/The_Hobbit	http://example.org/contains_relation	http://example.org/United_Kingdom
http://example.org/To_Kill_a_Mockingbird	http://www.w3.org/1999/02/22-rdf-syntax-ns#type	http://example.org/Book
http://dbpedia.org/resource/Jane_Austen	http://xmlns.com/foaf/0.1/name	http://example.org/Jane_Austen
http://example.org/53880	http://example.org/label	53880
http://dbpedia.org/resource/Elizabeth_Bennet	http://example.org/contains_relation	http://example.org/Lydia_Bennet
http://example.org/to	http://example.org/pobj	http://example.org/Hallows
http://dbpedia.org/resource/Stalinism	http://example.org/contains_relation	http://example.org/were
http://dbpedia.org/resource/Hermione_Granger	http://example.org/contains_relation	http://example.org/Harry_Potter
http://example.org/call	http://example.org/nsubj	http://example.org/We
http://example.org/set	http://example.org/nsubjpass	http://example.org/series
http://dbpedia.org/resource/Elizabeth_Bennet	http://dbpedia.org/property/name	http://example.org/Elizabeth_Bennet
http://dbpedia.org/resource/The_Two_Towers	http://example.org/contains_relation	http://example.org/272
http://dbpedia.org/resource/George_Orwell	http://example.org/contains_relation	http://example.org/Orwell%27s_press_card_portrait%2C_1943
http://example.org/23141570	http://example.org/label	23141570
http://example.org/Region	http://example.org/label	Region
http://example.org/set	http://example.org/nsubj	http://example.org/who
http://dbpedia.org/resource/Markus_Zusak	http://example.org/contains_relation	http://example.org/US
http://example.org/Esther_Earl_-_Nerdfighter_salute.jpg	http://example.org/label	Esther Earl - Nerdfighter salute.jpg
http://example.org/North_American	http://example.org/label	North American
http://example.org/of	http://example.org/pobj	http://example.org/Bible
http://example.org/Animal_Farm	http://example.org/contains_relation	http://example.org/that
http://dbpedia.org/resource/Smaug	http://example.org/contains_relation	http://example.org/The_Song_of_Hiawatha
http://example.org/for	http://example.org/pobj	http://example.org/it
http://example.org/Winchester_Cathedral	http://example.org/label	Winchester Cathedral
http://dbpedia.org/resource/Regency_era	http://example.org/contains_relation	http://example.org/Ann_Radcliffe
http://example.org/in	http://example.org/pobj	http://example.org/England
http://example.org/were	http://example.org/nsubj	http://example.org/examples
http://example.org/within	http://example.org/pobj	http://example.org/community
http://example.org/30292	http://example.org/label	30292
http://example.org/are	http://example.org/attr	http://example.org/part
http://example.org/of	http://example.org/pobj	http://example.org/genre
http://example.org/provoked	http://example.org/nsubjpass	http://example.org/who
http://example.org/1871%E2%80%931918	http://example.org/label	1871–1918
http://example.org/was	http://example.org/attr	http://example.org/author
http://example.org/of	http://example.org/pobj	http://example.org/youth
http://example.org/on	http://example.org/pobj	http://example.org/street
http://example.org/To_Kill_a_Mockingbird	http://example.org/label	To Kill a Mockingbird
http://dbpedia.org/resource/The_Chronicles_of_Narnia	http://example.org/contains_relation	http://example.org/British
http://example.org/focus	http://example.org/nsubj	http://example.org/that
http://example.org/is	http://example.org/attr	http://example.org/child
http://dbpedia.org/resource/Nazi_Germany	http://example.org/contains_relation	http://example.org/Greater_German_Reich
http://dbpedia.org/resource/Frodo_Baggins	http://example.org/contains_relation	http://example.org/Tolkien
http://example.org/In	http://example.org/pobj	http://example.org/Hobbit
http://example.org/into	http://example.org/pobj	http://example.org/flowers
http://dbpedia.org/resource/Gandalf	http://example.org/contains_relation	http://example.org/In
http://dbpedia.org/resource/Pride	http://example.org/contains_relation	http://example.org/praise
http://dbpedia.org/resource/The_Shire	http://example.org/contains_relation	http://example.org/Bilbo_Baggins
http://example.org/December	http://example.org/appos	http://example.org/July
http://example.org/drawings	http://example.org/conj	http://example.org/paintings
http://dbpedia.org/resource/Gandalf	http://example.org/contains_relation	http://example.org/novels
http://dbpedia.org/resource/Young_adult_fiction	http://dbpedia.org/property/about	http://example.org/yes
http://example.org/author	http://example.org/conj	http://example.org/writer
http://dbpedia.org/resource/Hogwarts	http://example.org/contains_relation	http://example.org/
http://dbpedia.org/resource/Smaug	http://example.org/contains_relation	http://example.org/said
http://dbpedia.org/resource/Stalinism	http://example.org/contains_relation	http://example.org/under
http://dbpedia.org/resource/Gondor	http://example.org/contains_relation	http://example.org/Gondor
http://example.org/reaches	http://example.org/nsubj	http://example.org/Sun
http://example.org/series	http://example.org/appos	http://example.org/Chronicles
http://dbpedia.org/resource/The_Hunger_Games	http://example.org/contains_relation	http://example.org/2008
http://dbpedia.org/resource/To_Kill_a_Mockingbird	http://dbpedia.org/property/name	http://example.org/To_Kill_a_Mockingbird
http://example.org/born	http://example.org/dobj	http://example.org/Octavius
http://example.org/it	http://example.org/is	http://example.org/act
http://example.org/identify	http://example.org/nsubj	http://example.org/psychologists
http://dbpedia.org/resource/J._R._R._Tolkien	http://example.org/contains_relation	http://example.org/Hobbit
http://dbpedia.org/resource/Smaug	http://example.org/contains_relation	http://example.org/Flawless
http://dbpedia.org/resource/Wizardry	http://example.org/contains_relation	http://example.org/ported
http://example.org/of	http://example.org/pobj	http://example.org/tree
http://dbpedia.org/resource/Frodo_Baggins	http://example.org/contains_relation	http://example.org/two_years
http://example.org/Jane_Austen	http://example.org/label	Jane Austen
http://example.org/1950-01-21	http://example.org/label	1950-01-21
http://example.org/approach	http://example.org/dobj	http://example.org/me
http://example.org/right	http://example.org/label	right
http://example.org/seem	http://example.org/nsubj	http://example.org/it
http://example.org/completed	http://example.org/dobj	http://example.org/tasks
http://dbpedia.org/resource/J._R._R._Tolkien	http://example.org/contains_relation	http://example.org/Bournemouth%2C_Hampshire%2C_England
http://example.org/died	http://example.org/nsubj	http://example.org/III
http://example.org/companion	http://example.org/conj	http://example.org/servant
http://example.org/1123383222	http://example.org/label	1123383222
http://example.org/Hobbiton	http://example.org/label	Hobbiton
http://dbpedia.org/resource/The_Hobbit	http://xmlns.com/foaf/0.1/name	http://example.org/The_Hobbit%2C_or
http://example.org/the_Woodland_Realm	http://example.org/label	the Woodland Realm
http://dbpedia.org/resource/Smaug	http://example.org/contains_relation	http://example.org/know
http://dbpedia.org/resource/Samwise_Gamgee	http://example.org/contains_relation	http://example.org/twenty
http://example.org/in	http://example.org/pobj	http://example.org/Gondor
http://dbpedia.org/resource/Regency_era	http://example.org/contains_relation	http://example.org/ends
http://dbpedia.org/resource/Stalinism	http://example.org/contains_relation	http://example.org/to
http://dbpedia.org/resource/The_Two_Towers	http://dbpedia.org/ontology/wikiPageRevisionID	http://example.org/1123548870
http://dbpedia.org/resource/George_Orwell	http://dbpedia.org/property/caption	http://example.org/Orwell%27s_press_card_portrait%2C_1943
http://example.org/Lee	http://example.org/label	Lee
http://example.org/in	http://example.org/pobj	http://example.org/Ne
http://dbpedia.org/resource/Academy_Awards	http://example.org/contains_relation	http://example.org/Arts
http://example.org/describe	http://example.org/dobj	http://example.org/behavior
http://example.org/persecution	http://example.org/conj	http://example.org/cleansing
http://dbpedia.org/resource/Smaug	http://example.org/contains_relation	http://example.org/pierce
http://example.org/through	http://example.org/pobj	http://example.org/deportations
http://example.org/referred	http://example.org/nsubjpass	http://example.org/She
http://example.org/30th	http://example.org/label	30th
http://dbpedia.org/resource/Samwise_Gamgee	http://example.org/contains_relation	http://example.org/began
http://dbpedia.org/resource/Regency_era	http://example.org/contains_relation	http://example.org/John_Constable
http://example.org/In	http://example.org/pobj	http://example.org/States
http://dbpedia.org/resource/The_Chronicles_of_Narnia	http://dbpedia.org/property/books	http://example.org/
http://dbpedia.org/resource/The_Hobbit	http://example.org/contains_relation	http://example.org/Juvenile_fantasy
http://dbpedia.org/resource/Animal_Farm	http://example.org/contains_relation	http://example.org/NPR
http://example.org/Following	http://example.org/pobj	http://example.org/War
http://example.org/won	http://example.org/dobj	http://example.org/Award
http://dbpedia.org/resource/Legolas	http://example.org/contains_relation	http://example.org/serves
http://dbpedia.org/resource/Gondor	http://dbpedia.org/property/blankLabel	http://example.org/Founder
http://dbpedia.org/resource/Jane_Austen	http://example.org/contains_relation	http://example.org/among
http://dbpedia.org/resource/The_Two_Towers	http://dbpedia.org/ontology/dcc	http://example.org/823.914
http://example.org/of	http://example.org/pobj	http://example.org/movement
http://dbpedia.org/resource/North_America	http://example.org/contains_relation	http://example.org/right
http://dbpedia.org/resource/Nazi_Germany	http://example.org/contains_relation	http://example.org/the_Nazi_Party
http://example.org/these	http://example.org/are	http://example.org/times
http://dbpedia.org/resource/Pauline_Baynes	http://dbpedia.org/property/birthDate	http://example.org/1922-09-09
http://dbpedia.org/resource/The_Chronicles_of_Narnia	http://example.org/contains_relation	http://example.org/play
http://example.org/of	http://example.org/pobj	http://example.org/Arts
http://dbpedia.org/resource/Hermione_Granger	http://example.org/contains_relation	http://example.org/lend
http://dbpedia.org/resource/John_Green	http://example.org/contains_relation	http://example.org/YouTube
http://example.org/she	http://example.org/becomes	http://example.org/contender
http://example.org/to	http://example.org/pobj	http://example.org/south
http://dbpedia.org/resource/Bilbo_Baggins	http://dbpedia.org/ontology/wikiPageID	http://example.org/59584
http://dbpedia.org/resource/Bilbo_Baggins	http://xmlns.com/foaf/0.1/name	http://example.org/Bilbo_Baggins
http://example.org/Hollin	http://example.org/label	Hollin
http://example.org/The_Book_Thief	http://www.w3.org/1999/02/22-rdf-syntax-ns#type	http://example.org/Book
http://example.org/modelled	http://example.org/nsubjpass	http://example.org/Return
http://example.org/September_2018	http://example.org/label	September 2018
http://dbpedia.org/resource/Samwise_Gamgee	http://example.org/contains_relation	http://example.org/through
http://example.org/Baggins	http://example.org/whisked_by	http://example.org/Gandalf
http://dbpedia.org/resource/Hogwarts	http://example.org/contains_relation	http://example.org/eleven_to_eighteen
http://dbpedia.org/resource/The_Hunger_Games	http://example.org/contains_relation	http://example.org/12
http://dbpedia.org/resource/Nazi_Germany	http://example.org/contains_relation	http://example.org/making
http://dbpedia.org/resource/Smaug	http://dbpedia.org/property/gender	http://example.org/Male
http://dbpedia.org/resource/Hermione_Granger	http://example.org/contains_relation	http://example.org/45100
http://example.org/Hitler	http://example.org/label	Hitler
http://example.org/is	http://example.org/attr	http://example.org/third
http://dbpedia.org/resource/Pauline_Baynes	http://example.org/contains_relation	http://example.org/The_Chronicles_of_Narnia
http://example.org/of	http://example.org/pobj	http://example.org/value
http://example.org/in	http://example.org/pobj	http://example.org/territories
http://example.org/Roman_consul_II	http://example.org/label	Roman consul II
http://example.org/to	http://example.org/pobj	http://example.org/those
http://dbpedia.org/resource/The_Chronicles_of_Narnia	http://example.org/contains_relation	http://example.org/of
http://example.org/reader	http://example.org/ask_for	http://example.org/what
http://dbpedia.org/resource/J._R._R._Tolkien	http://dbpedia.org/property/genre	http://example.org/
http://dbpedia.org/resource/Alabama	http://dbpedia.org/property/governor	http://example.org/Kay_Ivey
http://example.org/know	http://example.org/nsubj	http://example.org/He
http://dbpedia.org/resource/Regency_era	http://example.org/contains_relation	http://example.org/the_Slave_Trade_Act_1807
http://dbpedia.org/resource/Gondor	http://example.org/contains_relation	http://example.org/the_War_of_the_Ring
http://dbpedia.org/resource/Academy_Awards	http://dbpedia.org/property/name	http://example.org/Academy_Awards
http://example.org/for	http://example.org/pobj	http://example.org/contribution
http://example.org/sold	http://example.org/nsubj	http://example.org/trilogy
http://dbpedia.org/resource/The_Hobbit	http://example.org/contains_relation	http://example.org/There_and_Back_Again
http://dbpedia.org/resource/Animal_Farm	http://example.org/contains_relation	http://example.org/Print
http://example.org/is	http://example.org/nsubj	http://example.org/Collins
http://example.org/adapted	http://example.org/nsubjpass	http://example.org/Chronicles
http://example.org/Author	http://example.org/label	Author
http://dbpedia.org/resource/Harry_Potter	http://example.org/contains_relation	http://example.org/for
http://dbpedia.org/resource/Legolas	http://example.org/contains_relation	http://example.org/1122908238
http://dbpedia.org/resource/Smaug	http://example.org/contains_relation	http://example.org/dare
http://example.org/Five	http://example.org/appos	http://example.org/Baggins
http://example.org/walk	http://example.org/conj	http://example.org/hope
http://dbpedia.org/resource/Alabama	http://www.w3.org/1999/02/22-rdf-syntax-ns#type	http://example.org/Entity
http://example.org/destroyed	http://example.org/nsubjpass	http://example.org/trees
http://dbpedia.org/resource/Gondor	http://example.org/contains_relation	http://example.org/film
http://example.org/YouTube	http://example.org/label	YouTube
http://dbpedia.org/resource/J._R._R._Tolkien	http://example.org/contains_relation	http://example.org/John_Ronald_Reuel_Tolkien
http://example.org/are	http://example.org/conj	http://example.org/identity
http://dbpedia.org/resource/Augustus	http://dbpedia.org/property/spouse	http://example.org/Livia
http://dbpedia.org/resource/Samwise_Gamgee	http://example.org/contains_relation	http://example.org/the_War_of_the_Ring%2C_Sam
http://dbpedia.org/resource/Wizardry	http://example.org/contains_relation	http://example.org/Logo
http://dbpedia.org/resource/Wizardry	http://example.org/contains_relation	http://example.org/Wizrogue%3A_Labyrinth_of_Wizardry
http://example.org/are	http://example.org/nsubj	http://example.org/which
http://dbpedia.org/resource/Young_adult_fiction	http://example.org/contains_relation	http://example.org/no
http://example.org/named	http://example.org/oprd	http://example.org/Napoleon
http://example.org/is	http://example.org/attr	http://example.org/duty
http://dbpedia.org/resource/The_Shire	http://example.org/contains_relation	http://example.org/The_Scouring_of_the_Shire
http://dbpedia.org/resource/The_Chronicles_of_Narnia	http://example.org/contains_relation	http://example.org/The_Last_Battle
http://example.org/agriculture	http://example.org/conj	http://example.org/urbanization
http://dbpedia.org/resource/Pauline_Baynes	http://example.org/contains_relation	http://example.org/to
http://dbpedia.org/resource/Alabama	http://dbpedia.org/property/flag	http://example.org/Flag_of_Alabama.svg
http://dbpedia.org/resource/Gondor	http://dbpedia.org/property/first	http://example.org/The_Lord_of_the_Rings
http://example.org/United_States	http://example.org/label	United States
http://example.org/Horse	http://example.org/conj	http://example.org/Boy
http://example.org/to	http://example.org/pobj	http://example.org/Shire
http://example.org/poem	http://example.org/appos	http://example.org/Song
http://dbpedia.org/resource/Hermione_Granger	http://example.org/contains_relation	http://example.org/2
http://example.org/The_Fault_in_Our_Stars	http://example.org/contains_relation	http://example.org/story
http://dbpedia.org/resource/Harry_Potter	http://example.org/contains_relation	http://example.org/Category%3AHarry_Potter
http://dbpedia.org/resource/Regency_era	http://example.org/contains_relation	http://example.org/the_Industrial_Revolution
http://example.org/employ	http://example.org/nsubj	http://example.org/that
http://dbpedia.org/resource/Pride	http://example.org/contains_relation	http://example.org/conceit
http://dbpedia.org/resource/Legolas	http://example.org/contains_relation	http://example.org/the_Woodland_Realm
http://example.org/is	http://example.org/attr	http://example.org/novel
http://dbpedia.org/resource/Twilight	http://example.org/contains_relation	http://example.org/describe
http://dbpedia.org/resource/The_Hobbit	http://example.org/contains_relation	http://example.org/of
http://example.org/Bilbo%27s_Last_Song	http://example.org/label	Bilbo's Last Song
http://dbpedia.org/resource/Smaug	http://example.org/contains_relation	http://example.org/describes
http://example.org/surpassing	http://example.org/dobj	http://example.org/record
http://example.org/Animal_Farm	http://example.org/contains_relation	http://example.org/stage
http://example.org/during	http://example.org/pobj	http://example.org/Glasnost
http://example.org/in	http://example.org/pobj	http://example.org/hometown
http://dbpedia.org/resource/The_Shire	http://example.org/contains_relation	http://example.org/members
http://example.org/the_North_American_Tectonic_Plate	http://example.org/label	the North American Tectonic Plate
http://example.org/text-indent%3A1em%3B	http://example.org/label	text-indent:1em;
http://example.org/for	http://example.org/pobj	http://example.org/cause
http://dbpedia.org/resource/The_Hobbit	http://example.org/contains_relation	http://example.org/named
http://dbpedia.org/resource/Gandalf	http://example.org/contains_relation	http://example.org/have
http://dbpedia.org/resource/Stalinism	http://example.org/contains_relation	http://example.org/with
http://dbpedia.org/resource/Regency_era	http://example.org/contains_relation	http://example.org/discharge
http://example.org/in	http://example.org/pobj	http://example.org/front
http://example.org/Potter	http://example.org/is	http://example.org/about
http://dbpedia.org/resource/Hermione_Granger	http://example.org/contains_relation	http://example.org/with
http://example.org/to	http://example.org/pobj	http://example.org/itself
http://dbpedia.org/resource/George_Orwell	http://example.org/contains_relation	http://example.org/London%2C_England
http://dbpedia.org/resource/Pride	http://example.org/contains_relation	http://example.org/happiness
http://example.org/near	http://example.org/pobj	http://example.org/Matamata
http://example.org/upon	http://example.org/pobj	http://example.org/release
http://dbpedia.org/resource/Regency_era	http://example.org/contains_relation	http://example.org/Regency_era
http://example.org/21_January_1950	http://example.org/label	21 January 1950
http://example.org/was	http://example.org/nsubj	http://example.org/world
http://dbpedia.org/resource/Frodo_Baggins	http://example.org/contains_relation	http://example.org/changes
http://dbpedia.org/resource/Elizabeth_Bennet	http://example.org/contains_relation	http://example.org/Charles_Bingley
http://example.org/in	http://example.org/pobj	http://example.org/country
http://dbpedia.org/resource/Harper_Lee	http://example.org/contains_relation	http://example.org/2007
http://example.org/Lion	http://example.org/appos	http://example.org/Witch
http://dbpedia.org/resource/Smaug	http://example.org/contains_relation	http://example.org/including
http://example.org/Born	http://example.org/label	Born
http://dbpedia.org/resource/The_Shire	http://example.org/contains_relation	http://example.org/the_Kingdom_of_Arnor
http://dbpedia.org/resource/Markus_Zusak	http://dbpedia.org/ontology/wikiPageRevisionID	http://example.org/1122289374
http://example.org/to	http://example.org/pobj	http://example.org/east
http://example.org/of	http://example.org/pobj	http://example.org/Realm
http://example.org/Green	http://example.org/conj	http://example.org/bus
http://dbpedia.org/resource/Regency_era	http://example.org/contains_relation	http://example.org/few
http://dbpedia.org/resource/Smaug	http://example.org/contains_relation	http://example.org/being
http://example.org/as	http://example.org/pobj	http://example.org/hour
http://dbpedia.org/resource/Nazi_Germany	http://example.org/contains_relation	http://example.org/52.51666641235352
http://dbpedia.org/resource/North_America	http://dbpedia.org/property/captionAlign	http://example.org/center
http://dbpedia.org/resource/Young_adult_fiction	http://example.org/contains_relation	http://example.org/novels
http://example.org/awarded	http://example.org/nsubjpass	http://example.org/which
http://dbpedia.org/resource/George_Orwell	http://dbpedia.org/property/deathPlace	http://example.org/London%2C_England
http://dbpedia.org/resource/Animal_Farm	http://dbpedia.org/property/c	http://example.org/category%3AAnimal_Farm
http://example.org/said	http://example.org/nsubj	http://example.org/he
http://dbpedia.org/resource/The_Two_Towers	http://example.org/contains_relation	http://example.org/preceded
http://dbpedia.org/resource/Smaug	http://dbpedia.org/ontology/wikiPageID	http://example.org/58101
http://dbpedia.org/resource/Samwise_Gamgee	http://example.org/contains_relation	http://example.org/9
http://dbpedia.org/resource/The_Hobbit	http://example.org/contains_relation	http://example.org/remains
http://dbpedia.org/resource/Pauline_Baynes	http://example.org/contains_relation	http://example.org/first
http://example.org/Q3335	http://example.org/label	Q3335
http://example.org/ranked	http://example.org/nsubj	http://example.org/series
http://dbpedia.org/resource/Gandalf	http://dbpedia.org/property/name	http://example.org/Gandalf
http://example.org/George_III%27s	http://example.org/label	George III's
http://example.org/Hove%2C_Sussex%2C_England	http://example.org/label	Hove, Sussex, England
http://dbpedia.org/resource/Young_adult_fiction	http://example.org/contains_relation	http://example.org/include
http://dbpedia.org/resource/Bilbo_Baggins	http://dbpedia.org/property/family	http://example.org/Gerontius_%22The_Old%22_Took
http://example.org/The_Fellowship_of_the_Ring	http://example.org/label	The Fellowship of the Ring
http://dbpedia.org/resource/Samwise_Gamgee	http://example.org/contains_relation	http://example.org/was
http://example.org/Toronto	http://example.org/ROOT	http://example.org/Toronto
http://example.org/Isildur_and_An%C3%A1rion	http://example.org/label	Isildur and Anárion
http://example.org/Megissogwon	http://example.org/label	Megissogwon
http://example.org/stands	http://example.org/nsubj	http://example.org/Hitler
http://dbpedia.org/resource/Stalinism	http://example.org/contains_relation	http://example.org/USSR
http://example.org/Benedict_Cumberbatch	http://example.org/label	Benedict Cumberbatch
http://example.org/be	http://example.org/attr	http://example.org/poem
http://example.org/V%C3%A4in%C3%A4m%C3%B6inen_in_Sammon_puolustus.jpg	http://example.org/label	Väinämöinen in Sammon puolustus.jpg
http://dbpedia.org/resource/John_Green	http://example.org/contains_relation	http://example.org/of
http://dbpedia.org/resource/Gondor	http://example.org/contains_relation	http://example.org/within
http://dbpedia.org/resource/The_Hobbit	http://example.org/contains_relation	http://example.org/introduce
http://dbpedia.org/resource/The_Two_Towers	http://example.org/contains_relation	http://example.org/United_Kingdom
http://dbpedia.org/resource/Elizabeth_Bennet	http://example.org/contains_relation	http://example.org/Charlotte_Lucas_Collins
http://example.org/as	http://example.org/pobj	http://example.org/sequel
http://dbpedia.org/resource/Stalinism	http://example.org/contains_relation	http://example.org/de-Stalinization
http://dbpedia.org/resource/John_Green	http://dbpedia.org/property/signature	http://example.org/John_Green%27s_signature.svg
http://dbpedia.org/resource/Character_class	http://example.org/contains_relation	http://example.org/in
http://example.org/in	http://example.org/pobj	http://example.org/video
http://example.org/reader	http://example.org/ask_in	http://example.org/book
http://dbpedia.org/resource/Regency_era	http://example.org/contains_relation	http://example.org/for
http://example.org/the_early_days	http://example.org/label	the early days
http://dbpedia.org/resource/Samwise_Gamgee	http://example.org/contains_relation	http://example.org/nine
http://dbpedia.org/resource/Augustus	http://example.org/contains_relation	http://example.org/in
http://example.org/are	http://example.org/attr	http://example.org/students
http://dbpedia.org/resource/The_Shire	http://example.org/contains_relation	http://example.org/in
http://example.org/of	http://example.org/pobj	http://example.org/system
http://example.org/56	http://example.org/label	56
http://example.org/Los_Angeles	http://example.org/label	Los Angeles
http://dbpedia.org/resource/Regency_era	http://dbpedia.org/ontology/wikiPageRevisionID	http://example.org/1124110836
http://dbpedia.org/resource/J._R._R._Tolkien	http://example.org/contains_relation	http://example.org/John
http://example.org/by	http://example.org/pobj	http://example.org/era
http://example.org/stated	http://example.org/nsubj	http://example.org/Rowling
http://example.org/defined	http://example.org/dobj	http://example.org/pride
http://dbpedia.org/resource/Gandalf	http://example.org/contains_relation	http://example.org/halted
http://dbpedia.org/resource/The_Hunger_Games	http://dbpedia.org/property/name	http://example.org/The_Hunger_Games
http://dbpedia.org/resource/Legolas	http://example.org/contains_relation	http://example.org/15698
http://dbpedia.org/resource/Smaug	http://example.org/contains_relation	http://example.org/poem
http://example.org/To_Kill_a_Mockingbird	http://example.org/contains_relation	http://example.org/book
http://dbpedia.org/resource/North_America	http://dbpedia.org/property/align	http://example.org/right
http://example.org/Orwell	http://example.org/label	Orwell
http://dbpedia.org/resource/George_Orwell	http://example.org/contains_relation	http://example.org/Saints%27_Church
http://dbpedia.org/resource/Gondor	http://example.org/contains_relation	http://example.org/in
http://dbpedia.org/resource/Hogwarts	http://example.org/contains_relation	http://example.org/in
http://example.org/Tom_Robinson	http://example.org/label	Tom Robinson
http://example.org/with	http://example.org/pobj	http://example.org/templates
http://example.org/The_Hunger_Games	http://example.org/label	The Hunger Games
http://example.org/August_24%2C_1977	http://example.org/label	August 24, 1977
http://example.org/Location	http://example.org/label	Location
http://dbpedia.org/resource/George_Orwell	http://example.org/contains_relation	http://example.org/marked
http://dbpedia.org/resource/Academy_Awards	http://example.org/contains_relation	http://example.org/TechCrunch_Disrupt_2019__.jpg
http://dbpedia.org/resource/Frodo_Baggins	http://example.org/contains_relation	http://example.org/name
http://dbpedia.org/resource/The_Hobbit	http://example.org/contains_relation	http://example.org/World_War_I
http://dbpedia.org/resource/The_Hunger_Games	http://example.org/contains_relation	http://example.org/choose
http://dbpedia.org/resource/The_Hobbit	http://example.org/contains_relation	http://example.org/English
http://example.org/of	http://example.org/pobj	http://example.org/sensibility
http://example.org/wizards	http://example.org/conj	http://example.org/Muggles
http://example.org/made	http://example.org/nsubj	http://example.org/he
http://example.org/LGBT	http://example.org/label	LGBT
http://dbpedia.org/resource/Gondor	http://www.w3.org/2000/01/rdf-schema#label	http://example.org/Gondor
http://example.org/works	http://example.org/conj	http://example.org/mechanisms
http://dbpedia.org/resource/Wizardry	http://example.org/contains_relation	http://example.org/Wizardry_Online
http://dbpedia.org/resource/Young_adult_fiction	http://dbpedia.org/property/onlinebooks	http://example.org/no
http://example.org/May_1945	http://example.org/label	May 1945
http://dbpedia.org/resource/Wizardry	http://example.org/contains_relation	http://example.org/-group/wizardry-games
http://example.org/See_%5B%5B%23Names	http://example.org/label	See [[#Names
http://example.org/By	http://example.org/pobj	http://example.org/time
http://example.org/Year	http://example.org/conj	http://example.org/boom
http://dbpedia.org/resource/Suzanne_Collins	http://dbpedia.org/property/occupation	http://example.org/Author
http://dbpedia.org/resource/The_Hobbit	http://example.org/contains_relation	http://example.org/screen
http://dbpedia.org/resource/Pride	http://example.org/contains_relation	http://example.org/value
http://example.org/Boarding_school	http://example.org/label	Boarding school
http://example.org/Gamgee	http://example.org/appos	http://example.org//%CB%88s%C3%A6m%CB%8Cwa%C9%AAz
http://dbpedia.org/resource/The_Hobbit	http://dbpedia.org/property/congress	http://example.org/PR6039.O32_H63
http://example.org/in	http://example.org/pobj	http://example.org/circle
http://dbpedia.org/resource/Twilight	http://dbpedia.org/property/date	http://example.org/2011-10-14
http://dbpedia.org/resource/George_Orwell	http://example.org/contains_relation	http://example.org/by
http://dbpedia.org/resource/Academy_Awards	http://example.org/contains_relation	http://example.org/
http://dbpedia.org/resource/The_Hunger_Games	http://example.org/contains_relation	http://example.org/bombed
http://dbpedia.org/resource/The_Shire	http://example.org/contains_relation	http://example.org/set
http://example.org/chronicle	http://example.org/conj	http://example.org/friends
http://dbpedia.org/resource/The_Hobbit	http://example.org/contains_relation	http://example.org/Germanic
http://example.org/%E2%80%94J._R._R._Tolkien	http://example.org/label	—J. R. R. Tolkien
http://dbpedia.org/resource/Hermione_Granger	http://example.org/contains_relation	http://example.org/
http://example.org/are	http://example.org/attr	http://example.org/swords
http://example.org/US	http://example.org/label	US
http://example.org/Harry	http://example.org/label	Harry
http://example.org/Lee	http://example.org/appos	http://example.org/February
http://example.org/buried	http://example.org/nsubjpass	http://example.org/Austen
http://dbpedia.org/resource/Wizardry	http://dbpedia.org/ontology/wikiPageLength	http://example.org/46200
http://dbpedia.org/resource/Smaug	http://dbpedia.org/property/data	http://example.org/Unfinished_Tales
http://dbpedia.org/resource/Young_adult_fiction	http://example.org/contains_relation	http://example.org/matter
http://dbpedia.org/resource/The_Hobbit	http://dbpedia.org/property/genre	http://example.org/High_fantasy
http://dbpedia.org/resource/Animal_Farm	http://example.org/contains_relation	http://example.org/England
http://example.org/is	http://example.org/nsubj	http://example.org/Games
http://example.org/of	http://example.org/pobj	http://example.org/Motion
http://dbpedia.org/resource/The_Chronicles_of_Narnia	http://example.org/contains_relation	http://example.org/The_Horse_and_His_Boy
http://example.org/17_August_1945	http://example.org/label	17 August 1945
http://dbpedia.org/resource/Young_adult_fiction	http://dbpedia.org/property/wikititle	http://example.org/young_adult_fiction
http://dbpedia.org/resource/Twilight	http://example.org/contains_relation	http://example.org/31436
http://dbpedia.org/resource/Frodo_Baggins	http://example.org/contains_relation	http://example.org/quest
http://example.org/combines	http://example.org/dobj	http://example.org/courage
http://example.org/1994	http://example.org/label	1994
http://dbpedia.org/resource/Twilight	http://example.org/contains_relation	http://example.org/evening
http://example.org/of	http://example.org/pobj	http://example.org/sense
http://example.org/In	http://example.org/pobj	http://example.org/August
http://example.org/voiced	http://example.org/nsubjpass	http://example.org/Smaug
http://example.org/Lord	http://example.org/tells	http://example.org/wizard
http://dbpedia.org/resource/The_Shire	http://dbpedia.org/ontology/wikiPageLength	http://example.org/40316
http://example.org/1714%E2%80%931837	http://example.org/label	1714–1837
http://dbpedia.org/resource/Animal_Farm	http://example.org/contains_relation	http://example.org/was
http://dbpedia.org/resource/The_Hunger_Games	http://example.org/contains_relation	http://example.org/second
http://dbpedia.org/resource/The_Hobbit	http://example.org/contains_relation	http://example.org/as
http://dbpedia.org/resource/Smaug	http://example.org/contains_relation	http://example.org/to
http://example.org/controlled	http://example.org/dobj	http://example.org/country
http://example.org/Children%27s_literature	http://example.org/label	Children's literature
http://dbpedia.org/resource/Regency_era	http://example.org/contains_relation	http://example.org/George_III%27s
http://dbpedia.org/resource/Animal_Farm	http://dbpedia.org/property/mediaType	http://example.org/Print
http://example.org/by	http://example.org/pobj	http://example.org/Tolkien
http://dbpedia.org/resource/Samwise_Gamgee	http://example.org/contains_relation	http://example.org/J._R._R._Tolkien%27s
http://example.org/creating	http://example.org/dobj	http://example.org/shift
http://example.org/Category%3AHarry_Potter	http://example.org/label	Category:Harry Potter
http://dbpedia.org/resource/George_Orwell	http://example.org/contains_relation	http://example.org/London
http://example.org/Wizardry	http://example.org/ROOT	http://example.org/Wizardry
http://dbpedia.org/resource/Alabama	http://dbpedia.org/property/align	http://example.org/right
http://dbpedia.org/resource/Wizardry	http://example.org/contains_relation	http://example.org/in
http://dbpedia.org/resource/Regency_era	http://example.org/contains_relation	http://example.org/during
http://example.org/Peter_Jackson%27s	http://example.org/label	Peter Jackson's
http://example.org/published	http://example.org/dobj	http://example.org/works
http://dbpedia.org/resource/Harry_Potter	http://dbpedia.org/property/commons	http://example.org/yes
http://example.org/2012	http://example.org/label	2012
http://example.org/in	http://example.org/pobj	http://example.org/V%C3%B6lusp%C3%A1
http://example.org/follows	http://example.org/dobj	http://example.org/quest
http://dbpedia.org/resource/Pride	http://example.org/contains_relation	http://example.org/LGBT
http://dbpedia.org/resource/Harper_Lee	http://example.org/contains_relation	http://example.org/Literature
http://dbpedia.org/resource/Smaug	http://example.org/contains_relation	http://example.org/approach
http://example.org/for	http://example.org/pobj	http://example.org/edition
http://example.org/from	http://example.org/pobj	http://example.org/Stone
http://example.org/in	http://example.org/pobj	http://example.org/states
http://dbpedia.org/resource/Frodo_Baggins	http://example.org/contains_relation	http://example.org/avoiding
http://dbpedia.org/resource/Pride	http://example.org/contains_relation	http://example.org/through
http://example.org/German_Empire	http://example.org/label	German Empire
http://example.org/North_American_cities	http://example.org/label	North American cities
http://example.org/Judaism	http://example.org/label	Judaism
http://dbpedia.org/resource/Samwise_Gamgee	http://dbpedia.org/property/first	http://example.org/The_Lord_of_the_Rings
http://dbpedia.org/resource/Harper_Lee	http://dbpedia.org/property/notableworks	http://example.org/To_Kill_a_Mockingbird
http://example.org/dare	http://example.org/nsubj	http://example.org/that
http://dbpedia.org/resource/Harper_Lee	http://example.org/contains_relation	http://example.org/Monroeville
http://dbpedia.org/resource/Twilight	http://example.org/contains_relation	http://example.org/526237
http://example.org/to	http://example.org/pobj	http://example.org/migration
http://dbpedia.org/resource/The_Two_Towers	http://example.org/contains_relation	http://example.org/is
http://dbpedia.org/resource/Twilight	http://dbpedia.org/ontology/wikiPageRevisionID	http://example.org/1120559442
http://dbpedia.org/resource/Nazi_Germany	http://example.org/contains_relation	http://example.org/1124907212
http://dbpedia.org/resource/The_Hobbit	http://dbpedia.org/property/name	http://example.org/The_Hobbit%2C_or
http://dbpedia.org/resource/Smaug	http://example.org/contains_relation	http://example.org/%E2%80%94J._R._R._Tolkien
http://dbpedia.org/resource/Augustus	http://example.org/contains_relation	http://example.org/BC
http://dbpedia.org/resource/The_Hobbit	http://dbpedia.org/property/coverArtist	http://example.org/J._R._R._Tolkien
http://dbpedia.org/resource/John_Green	http://example.org/contains_relation	http://example.org/Turtles
http://dbpedia.org/resource/Animal_Farm	http://dbpedia.org/property/genre	http://example.org/Political_satire
http://example.org/are	http://example.org/nsubj	http://example.org/that
http://dbpedia.org/resource/North_America	http://example.org/contains_relation	http://example.org/Mexico_City_Reforma_skyline_.jpg
http://dbpedia.org/resource/Augustus	http://dbpedia.org/property/father	http://example.org/
http://example.org/Adolf_Hitler	http://example.org/label	Adolf Hitler
http://dbpedia.org/resource/Harper_Lee	http://example.org/contains_relation	http://example.org/assisted
http://example.org/Pippin_Took	http://example.org/label	Pippin Took
http://dbpedia.org/resource/North_America	http://example.org/contains_relation	http://example.org/South_America
http://example.org/say	http://example.org/dobj	http://example.org/What
http://dbpedia.org/resource/Pride	http://example.org/contains_relation	http://example.org/with
http://example.org/laid	http://example.org/nsubj	http://example.org/I
http://example.org/took	http://example.org/dobj	http://example.org/Gandalf
http://dbpedia.org/resource/Markus_Zusak	http://example.org/contains_relation	http://example.org/2014
http://dbpedia.org/resource/Character_class	http://example.org/contains_relation	http://example.org/into
http://example.org/with	http://example.org/pobj	http://example.org/banners
http://dbpedia.org/resource/Harper_Lee	http://example.org/contains_relation	http://example.org/American
http://dbpedia.org/resource/Bilbo_Baggins	http://example.org/contains_relation	http://example.org/59584
http://dbpedia.org/resource/Gandalf	http://example.org/contains_relation	http://example.org/keep
http://example.org/of	http://example.org/pobj	http://example.org/attitudes
http://example.org/Minas_Tirith	http://example.org/label	Minas Tirith
http://example.org/by	http://example.org/pobj	http://example.org/players
http://example.org/Keats	http://example.org/conj	http://example.org/Nash
http://dbpedia.org/resource/Stalinism	http://dbpedia.org/property/align	http://example.org/right
http://dbpedia.org/resource/Samwise_Gamgee	http://example.org/contains_relation	http://example.org/right
http://dbpedia.org/resource/The_Hunger_Games	http://dbpedia.org/property/country	http://example.org/United_States
http://dbpedia.org/resource/Hogwarts	http://example.org/contains_relation	http://example.org/250
http://example.org/under	http://example.org/pobj	http://example.org/Mountain
http://dbpedia.org/resource/Smaug	http://example.org/contains_relation	http://example.org/thirteen
http://example.org/Compassionate	http://example.org/takes_to	http://example.org/roots
http://dbpedia.org/resource/The_Two_Towers	http://example.org/contains_relation	http://example.org/of
http://example.org/voted	http://example.org/nsubjpass	http://example.org/version
http://dbpedia.org/resource/The_Hobbit	http://example.org/contains_relation	http://example.org/been
http://dbpedia.org/resource/The_Hunger_Games	http://example.org/contains_relation	http://example.org/3
http://example.org/Philosophers	http://example.org/conj	http://example.org/psychologists
http://example.org/Winchester_Cathedral%2C_Hampshire	http://example.org/label	Winchester Cathedral, Hampshire
http://example.org/Flawless	http://example.org/ROOT	http://example.org/Flawless
http://example.org/from	http://example.org/pobj	http://example.org/districts
http://dbpedia.org/resource/Hermione_Granger	http://example.org/contains_relation	http://example.org/Hermione
http://example.org/from	http://example.org/pobj	http://example.org/Tribune
http://example.org/Chicago-00.jpg	http://example.org/label	Chicago-00.jpg
http://example.org/The_Book_Thief	http://example.org/title	The Book Thief
http://example.org/demonstrated	http://example.org/nsubjpass	http://example.org/strength
http://example.org/by	http://example.org/pobj	http://example.org/Stalin
http://example.org/Illustration%2C_mainly_children%27s_books	http://example.org/label	Illustration, mainly children's books
http://dbpedia.org/resource/Smaug	http://example.org/contains_relation	http://example.org/seek
http://dbpedia.org/resource/Gondor	http://example.org/contains_relation	http://example.org/Location
http://dbpedia.org/resource/Stalinism	http://example.org/contains_relation	http://example.org/Stalinism
http://dbpedia.org/resource/The_Hunger_Games	http://dbpedia.org/ontology/wikiPageID	http://example.org/31186643
http://example.org/Literature	http://example.org/label	Literature
http://dbpedia.org/resource/Suzanne_Collins	http://example.org/contains_relation	http://example.org/1962-08-10
http://example.org/by	http://example.org/pobj	http://example.org/Cumberbatch
http://example.org/240	http://example.org/label	240
http://example.org/Indianapolis%2C_Indiana%2C_U.S.	http://example.org/label	Indianapolis, Indiana, U.S.
http://dbpedia.org/resource/Harry_Potter	http://example.org/contains_relation	http://example.org/Prisoner_of_Azkaban
http://example.org/wishes	http://example.org/nsubj	http://example.org/Elizabeth
http://example.org/nine	http://example.org/label	nine
http://dbpedia.org/resource/Regency_era	http://www.w3.org/2000/01/rdf-schema#label	http://example.org/Regency_era
http://dbpedia.org/resource/Augustus	http://example.org/contains_relation	http://example.org/27
http://example.org/of	http://example.org/pobj	http://example.org/Hermione
http://example.org/the_Margaret_A._Edwards_Award	http://example.org/label	the Margaret A. Edwards Award
http://example.org/2008	http://example.org/label	2008
http://dbpedia.org/resource/Stalinism	http://dbpedia.org/property/image	http://example.org/Execute_346_Stalins_resolution.jpg
http://dbpedia.org/resource/Smaug	http://example.org/contains_relation	http://example.org/Tolkien%27s_illustration_Conversation_with_Smaug
http://dbpedia.org/resource/George_Orwell	http://dbpedia.org/property/d	http://example.org/Q3335
http://dbpedia.org/resource/Pride	http://example.org/contains_relation	http://example.org/Philosophers
http://example.org/show	http://example.org/dobj	http://example.org/trials
http://example.org/are	http://example.org/attr	http://example.org/awards
http://example.org/Rohan	http://example.org/label	Rohan
http://example.org//%CB%88ru%CB%90l	http://example.org/appos	http://example.org/keen
http://dbpedia.org/resource/Alabama	http://example.org/contains_relation	http://example.org/-87.0
http://example.org/of	http://example.org/pobj	http://example.org/Stalinism
http://example.org/Bungo_Baggins	http://example.org/label	Bungo Baggins
http://example.org/mounted	http://example.org/dobj	http://example.org/quest
http://example.org/to	http://example.org/pobj	http://example.org/north
http://example.org/63750	http://example.org/label	63750
http://dbpedia.org/resource/John_Green	http://example.org/contains_relation	http://example.org/Kenyon_College
http://dbpedia.org/resource/Nazi_Germany	http://example.org/contains_relation	http://example.org/in
http://dbpedia.org/resource/Gondor	http://example.org/contains_relation	http://example.org/Lifespan
http://example.org/Austen	http://example.org/appos	http://example.org/%CB%88%C9%94%CB%90s-/
http://example.org/included	http://example.org/nsubj	http://example.org/which
http://example.org/considered	http://example.org/nsubjpass	http://example.org/Classes
http://example.org/Markus_Zusak	http://example.org/label	Markus Zusak
http://example.org/of	http://example.org/pobj	http://example.org/Emperors
http://dbpedia.org/resource/Gandalf	http://example.org/contains_relation	http://example.org/is
http://example.org/Dill_Harris	http://example.org/label	Dill Harris
http://example.org/in	http://example.org/pobj	http://example.org/labour
http://dbpedia.org/resource/Bilbo_Baggins	http://example.org/contains_relation	http://example.org/Bag_End
http://example.org/John_Constable	http://example.org/label	John Constable
http://example.org/defeat	http://example.org/nsubj	http://example.org/we
http://dbpedia.org/resource/J._R._R._Tolkien	http://example.org/contains_relation	http://example.org/FRSL
http://example.org/on	http://example.org/pobj	http://example.org/frontiers
http://example.org/included	http://example.org/dobj	http://example.org/creation
http://dbpedia.org/resource/Bilbo_Baggins	http://example.org/contains_relation	http://example.org/1937
http://dbpedia.org/resource/Jane_Austen	http://example.org/contains_relation	http://example.org/for
http://example.org/of	http://example.org/pobj	http://example.org/civilisation
http://dbpedia.org/resource/Nazi_Germany	http://example.org/contains_relation	http://example.org/just_12_years
http://dbpedia.org/resource/Regency_era	http://example.org/contains_relation	http://example.org/coming
http://dbpedia.org/resource/Bilbo_Baggins	http://example.org/contains_relation	http://example.org/Smaug
http://example.org/left/right/center	http://example.org/label	left/right/center
http://example.org/Everdeen	http://example.org/regards_as	http://example.org/sentence
http://example.org/she	http://example.org/stealing_from	http://example.org/burnings
http://example.org/approaching	http://example.org/dobj	http://example.org/end
http://dbpedia.org/resource/Augustus	http://example.org/contains_relation	http://example.org/on
http://example.org/mounted	http://example.org/nsubj	http://example.org/group
http://example.org/part	http://example.org/be	http://example.org/dominant
http://example.org/as	http://example.org/pobj	http://example.org/bearer
http://dbpedia.org/resource/To_Kill_a_Mockingbird	http://example.org/contains_relation	http://example.org/Johnson
http://dbpedia.org/resource/Pride	http://example.org/contains_relation	http://example.org/defined
http://example.org/of	http://example.org/pobj	http://example.org/revolution
http://example.org/John_Keats	http://example.org/label	John Keats
http://example.org/to	http://example.org/pobj	http://example.org/Hogwarts
http://example.org/the_%22Year_of_the_Four_Emperors	http://example.org/label	the "Year of the Four Emperors
http://dbpedia.org/resource/Smaug	http://example.org/contains_relation	http://example.org/thought
http://example.org/seems	http://example.org/nsubj	http://example.org/he
http://dbpedia.org/resource/Gondor	http://example.org/contains_relation	http://example.org/Osgiliath%2C_then_Minas_Tirith
http://example.org/in	http://example.org/pobj	http://example.org/region
http://dbpedia.org/resource/Pride	http://example.org/contains_relation	http://example.org/identify
http://example.org/ended	http://example.org/nsubj	http://example.org/Reich
http://dbpedia.org/resource/Stalinism	http://dbpedia.org/property/width	http://example.org/100
http://dbpedia.org/resource/The_Hobbit	http://example.org/contains_relation	http://example.org/view
http://example.org/appears	http://example.org/nsubj	http://example.org/She
http://dbpedia.org/resource/Wizardry	http://example.org/contains_relation	http://example.org/2014-12-22
http://dbpedia.org/resource/Twilight	http://example.org/contains_relation	http://example.org/Sun
http://example.org/Narnia	http://example.org/label	Narnia
http://dbpedia.org/resource/Gondor	http://example.org/contains_relation	http://example.org/on
http://example.org/novelists	http://example.org/conj	http://example.org/poets
http://example.org/Voldemort	http://example.org/label	Voldemort
http://example.org/	http://example.org/label	
http://example.org/in	http://example.org/pobj	http://example.org/achievements
http://dbpedia.org/resource/Alabama	http://www.w3.org/2003/01/geo/wgs84_pos#lat	http://example.org/33.0
http://example.org/Henry_Wadsworth_Longfellow%27s	http://example.org/label	Henry Wadsworth Longfellow's
http://example.org/were	http://example.org/nsubj	http://example.org/books
http://example.org/Ring-bearer	http://example.org/label	Ring-bearer
http://example.org/artists	http://example.org/conj	http://example.org/musicians
http://dbpedia.org/resource/Hogwarts	http://example.org/contains_relation	http://example.org/Maroon
http://example.org/Bilbo	http://example.org/label	Bilbo
http://dbpedia.org/resource/Hermione_Granger	http://example.org/contains_relation	http://example.org/voted
http://dbpedia.org/resource/Gandalf	http://example.org/contains_relation	http://example.org/of
http://dbpedia.org/resource/The_Shire	http://example.org/contains_relation	http://example.org/find
http://example.org/of	http://example.org/pobj	http://example.org/Fame
http://example.org/fell	http://example.org/nsubj	http://example.org/silence
http://example.org/Bournemouth%2C_Hampshire%2C_England	http://example.org/label	Bournemouth, Hampshire, England
http://example.org/The_first_20_years_to_1815	http://example.org/label	The first 20 years to 1815
http://dbpedia.org/resource/To_Kill_a_Mockingbird	http://dbpedia.org/property/language	http://example.org/English
http://dbpedia.org/resource/The_Chronicles_of_Narnia	http://example.org/contains_relation	http://example.org/The_Magician%27s_Nephew
http://dbpedia.org/resource/Markus_Zusak	http://dbpedia.org/ontology/wikiPageID	http://example.org/6008028
http://example.org/1922-09-09	http://example.org/label	1922-09-09
http://example.org/is	http://example.org/attr	http://example.org/protagonist
http://dbpedia.org/resource/Augustus	http://www.w3.org/1999/02/22-rdf-syntax-ns#type	http://example.org/Entity
http://dbpedia.org/resource/Hogwarts	http://example.org/contains_relation	http://example.org/School
http://dbpedia.org/resource/The_Shire	http://www.w3.org/1999/02/22-rdf-syntax-ns#type	http://example.org/Entity
http://dbpedia.org/resource/J._R._R._Tolkien	http://example.org/contains_relation	http://example.org/3_January_1892
http://example.org/Queen_Victoria	http://example.org/label	Queen Victoria
http://dbpedia.org/resource/Harper_Lee	http://example.org/contains_relation	http://example.org/Pulitzer_Prize
http://example.org/%E2%80%94Scott_Turow	http://example.org/label	—Scott Turow
http://example.org/thought	http://example.org/dobj	http://example.org/what
http://dbpedia.org/resource/Elizabeth_Bennet	http://example.org/contains_relation	http://example.org/Female
http://example.org/the_Secret_Fire	http://example.org/label	the Secret Fire
http://example.org/released	http://example.org/nsubjpass	http://example.org/adaptation
http://dbpedia.org/resource/Academy_Awards	http://example.org/contains_relation	http://example.org/in
http://example.org/Gaius_Octavius	http://example.org/label	Gaius Octavius
http://dbpedia.org/resource/Stalinism	http://example.org/contains_relation	http://example.org/in
http://dbpedia.org/resource/George_Orwell	http://example.org/contains_relation	http://example.org/English
http://dbpedia.org/resource/Jane_Austen	http://example.org/contains_relation	http://example.org/explore
http://example.org/understanding	http://example.org/conj	http://example.org/compassion
http://example.org/Soviet	http://example.org/label	Soviet
http://example.org/as	http://example.org/pobj	http://example.org/conditions
http://dbpedia.org/resource/Gandalf	http://example.org/contains_relation	http://example.org/thrown
http://dbpedia.org/resource/Bilbo_Baggins	http://dbpedia.org/property/home	http://example.org/Bag_End%2C_The_Shire
http://example.org/in	http://example.org/pobj	http://example.org/rest
http://example.org/The_Fault_in_Our_Stars	http://example.org/title	The Fault in Our Stars
http://example.org/in	http://example.org/pobj	http://example.org/atmosphere
http://dbpedia.org/resource/George_Orwell	http://example.org/contains_relation	http://example.org/Eric_Arthur_Blair
http://dbpedia.org/resource/To_Kill_a_Mockingbird	http://example.org/contains_relation	http://example.org/1994
http://dbpedia.org/resource/Hermione_Granger	http://dbpedia.org/property/fullName	http://example.org/Hermione_Jean_Granger
http://dbpedia.org/resource/Augustus	http://example.org/contains_relation	http://example.org/Statue_of_Augustus
http://example.org/Smaug	http://example.org/appos	http://example.org//sma%CA%8A%C9%A1/
http://example.org/as	http://example.org/pobj	http://example.org/Octavian
http://dbpedia.org/resource/The_Shire	http://example.org/contains_relation	http://example.org/at
http://example.org/11987	http://example.org/label	11987
http://example.org/in	http://example.org/pobj	http://example.org/Iceland
http://example.org/Witch	http://example.org/conj	http://example.org/Wardrobe
http://example.org/are	http://example.org/nsubj	http://example.org/genres
http://dbpedia.org/resource/J._R._R._Tolkien	http://example.org/contains_relation	http://example.org/Fantasy
http://example.org/translation	http://example.org/label	translation
http://dbpedia.org/resource/Bilbo_Baggins	http://example.org/contains_relation	http://example.org/wisdom
http://dbpedia.org/resource/Gandalf	http://example.org/contains_relation	http://example.org/Der_Berggeist_by_Josef_Madlener
http://dbpedia.org/resource/Hogwarts	http://dbpedia.org/property/location	http://example.org/Scotland
http://dbpedia.org/resource/George_Orwell	http://example.org/contains_relation	http://example.org/yes
http://example.org/33468	http://example.org/label	33468
http://dbpedia.org/resource/Character_class	http://example.org/contains_relation	http://example.org/RPG
http://example.org/been	http://example.org/nsubj	http://example.org/twilight
http://example.org/John_Nash	http://example.org/label	John Nash
http://example.org/miles	http://example.org/appos	http://example.org/km
http://example.org/y	http://example.org/label	y
http://dbpedia.org/resource/North_America	http://example.org/contains_relation	http://example.org/Greenland
http://example.org/members	http://example.org/appos	http://example.org/Baggins
http://dbpedia.org/resource/J._R._R._Tolkien	http://dbpedia.org/property/deathPlace	http://example.org/Bournemouth%2C_Hampshire%2C_England
http://example.org/appears	http://example.org/nsubj	http://example.org/Tolkien
http://dbpedia.org/resource/Wizardry	http://example.org/contains_relation	http://example.org/on
http://dbpedia.org/resource/Bilbo_Baggins	http://example.org/contains_relation	http://example.org/Frodo_Baggins
http://example.org/Wizardry%3A_Labyrinth_of_Lost_Souls	http://example.org/label	Wizardry: Labyrinth of Lost Souls
http://example.org/for	http://example.org/pobj	http://example.org/Thief
http://example.org/Animal_Farm	http://example.org/title	Animal Farm
http://dbpedia.org/resource/Suzanne_Collins	http://example.org/contains_relation	http://example.org/Suzanne_Collins
http://dbpedia.org/resource/Legolas	http://dbpedia.org/property/data	http://example.org/The_Lord_of_the_Rings
http://dbpedia.org/resource/Harper_Lee	http://example.org/contains_relation	http://example.org/become
http://example.org/home	http://example.org/ROOT	http://example.org/home
http://dbpedia.org/resource/Bilbo_Baggins	http://example.org/contains_relation	http://example.org/reclaim
http://dbpedia.org/resource/Wizardry	http://example.org/contains_relation	http://example.org/the_Mad_Overlord
http://dbpedia.org/resource/Jane_Austen	http://dbpedia.org/property/b	http://example.org/no
http://dbpedia.org/resource/Frodo_Baggins	http://example.org/contains_relation	http://example.org/Bilbo%27s_Last_Song
http://dbpedia.org/resource/To_Kill_a_Mockingbird	http://example.org/contains_relation	http://example.org/%23ACE1AF
http://dbpedia.org/resource/Samwise_Gamgee	http://dbpedia.org/property/align	http://example.org/right
http://example.org/for	http://example.org/pobj	http://example.org/market
http://example.org/33.0	http://example.org/label	33.0
http://example.org/Morris	http://example.org/label	Morris
http://dbpedia.org/resource/Nazi_Germany	http://example.org/contains_relation	http://example.org/The_Third_Reich
http://dbpedia.org/resource/The_Shire	http://example.org/contains_relation	http://example.org/Thain%2C_Mayor
http://example.org/was	http://example.org/nsubj	http://example.org/he
http://example.org/by	http://example.org/pobj	http://example.org/name
http://example.org/it	http://example.org/regarded_as	http://example.org/masterpiece
http://dbpedia.org/resource/Bilbo_Baggins	http://example.org/contains_relation	http://example.org/for
http://example.org/Hobbit	http://example.org/label	Hobbit
http://dbpedia.org/resource/Frodo_Baggins	http://dbpedia.org/ontology/wikiPageID	http://example.org/23140032
http://dbpedia.org/resource/John_Green	http://example.org/contains_relation	http://example.org/credited
http://example.org/film	http://example.org/appos	http://example.org/Lord
http://example.org/in	http://example.org/pobj	http://example.org/writings
http://dbpedia.org/resource/John_Green	http://dbpedia.org/property/image	http://example.org/Vlogbrothers.png
http://dbpedia.org/resource/Harry_Potter	http://example.org/contains_relation	http://example.org/United_Kingdom
http://dbpedia.org/resource/Smaug	http://example.org/contains_relation	http://example.org/Bilbo_Baggins
http://example.org/Regency_era	http://example.org/label	Regency era
http://example.org/mentioned	http://example.org/nsubjpass	http://example.org/He
http://dbpedia.org/resource/Elizabeth_Bennet	http://example.org/contains_relation	http://example.org/second
http://example.org/September_63	http://example.org/label	September 63
http://example.org/viewed	http://example.org/nsubjpass	http://example.org/Pride
http://example.org/Charles_Pryor	http://example.org/label	Charles Pryor
http://example.org/The_Chronicles_of_Narnia_%28The_Chronicles_of_Narnia%2C_%231-7%29	http://example.org/contains_relation	http://example.org/scope
http://example.org/having	http://example.org/dobj	http://example.org/opinion
http://dbpedia.org/resource/The_Hobbit	http://example.org/contains_relation	http://example.org/J._R._R._Tolkien
http://dbpedia.org/resource/Hogwarts	http://example.org/contains_relation	http://example.org/Harry_Potter
http://example.org/published	http://example.org/nsubj	http://example.org/authors
http://dbpedia.org/resource/Animal_Farm	http://example.org/contains_relation	http://example.org/George_Orwell
http://example.org/recognises	http://example.org/nsubj	http://example.org/timespan
http://dbpedia.org/resource/Academy_Awards	http://example.org/contains_relation	http://example.org/Nomadland
http://example.org/between	http://example.org/pobj	http://example.org/c.
http://example.org/am	http://example.org/attr	http://example.org/wielder
http://dbpedia.org/resource/Harry_Potter	http://dbpedia.org/property/name	http://example.org/Harry_Potter
http://example.org/Caesar_Augustus	http://example.org/label	Caesar Augustus
http://dbpedia.org/resource/The_Hunger_Games	http://example.org/contains_relation	http://example.org/the_early_days
http://dbpedia.org/resource/Harry_Potter	http://example.org/contains_relation	http://example.org/Hermione_Granger
http://dbpedia.org/resource/Wizardry	http://www.w3.org/1999/02/22-rdf-syntax-ns#type	http://example.org/Entity
http://example.org/destroy	http://example.org/dobj	http://example.org/Ring
http://example.org/allow	http://example.org/nsubj	http://example.org/games
http://example.org/Suzanne_Collins	http://example.org/label	Suzanne Collins
http://example.org/of	http://example.org/pobj	http://example.org/states
http://dbpedia.org/resource/Academy_Awards	http://dbpedia.org/property/2blank	http://example.org/Winner
http://dbpedia.org/resource/Harper_Lee	http://example.org/contains_relation	http://example.org/the_Deep_South_of_the
http://example.org/trials	http://example.org/conj	http://example.org/executions
http://example.org/Kenyon_College	http://example.org/label	Kenyon College
http://dbpedia.org/resource/Pauline_Baynes	http://example.org/contains_relation	http://example.org/in
http://example.org/of	http://example.org/pobj	http://example.org/friends
http://example.org/Philosopher%27s_Stone	http://example.org/label	Philosopher's Stone
http://dbpedia.org/resource/The_Hobbit	http://example.org/contains_relation	http://example.org/Baggins
http://dbpedia.org/resource/Frodo_Baggins	http://example.org/contains_relation	http://example.org/Frodo_Baggins
http://dbpedia.org/resource/The_Shire	http://example.org/contains_relation	http://example.org/under
http://dbpedia.org/resource/Gondor	http://example.org/contains_relation	http://example.org/volume
http://example.org/is	http://example.org/attr	http://example.org/continent
http://dbpedia.org/resource/The_Hunger_Games	http://example.org/contains_relation	http://example.org/upon
http://dbpedia.org/resource/The_Two_Towers	http://dbpedia.org/property/name	http://example.org/The_Two_Towers
http://dbpedia.org/resource/Character_class	http://dbpedia.org/ontology/wikiPageLength	http://example.org/14805
http://example.org/Rings	http://example.org/label	Rings
http://example.org/Political_satire	http://example.org/label	Political satire
http://dbpedia.org/resource/Twilight	http://example.org/contains_relation	http://example.org/for
http://dbpedia.org/resource/Samwise_Gamgee	http://example.org/contains_relation	http://example.org/supporting
http://dbpedia.org/resource/Young_adult_fiction	http://example.org/contains_relation	http://example.org/is
http://dbpedia.org/resource/Alabama	http://example.org/contains_relation	http://example.org/Florida
http://example.org/sensing	http://example.org/dobj	http://example.org/memory
http://example.org/she	http://example.org/stealing	http://example.org/library
http://example.org/with	http://example.org/pobj	http://example.org/accession
http://dbpedia.org/resource/Academy_Awards	http://example.org/contains_relation	http://example.org/are
http://dbpedia.org/resource/Harper_Lee	http://example.org/contains_relation	http://example.org/Set
http://example.org/Church	http://example.org/conj	http://example.org/Courtenay
http://example.org/was	http://example.org/attr	http://example.org/preserve
http://dbpedia.org/resource/Twilight	http://example.org/contains_relation	http://example.org/photographers
http://dbpedia.org/resource/Hogwarts	http://dbpedia.org/property/type	http://example.org/Secondary_school
http://example.org/tasked	http://example.org/nsubjpass	http://example.org/that
http://example.org/Lydia_Bennet	http://example.org/label	Lydia Bennet
http://example.org/that	http://example.org/weigh_against	http://example.org/love
http://example.org/achieved	http://example.org/dobj	http://example.org/progress
http://dbpedia.org/resource/Regency_era	http://dbpedia.org/property/end	http://example.org/1820
http://dbpedia.org/resource/Bilbo_Baggins	http://dbpedia.org/ontology/wikiPageLength	http://example.org/32715
http://dbpedia.org/resource/Harry_Potter	http://example.org/contains_relation	http://example.org/Half-Blood_Prince
http://dbpedia.org/resource/Alabama	http://example.org/contains_relation	http://example.org/right
http://dbpedia.org/resource/Bilbo_Baggins	http://example.org/contains_relation	http://example.org/selected
http://example.org/August_2008	http://example.org/label	August 2008
http://example.org/of	http://example.org/pobj	http://example.org/sequel
http://dbpedia.org/resource/Smaug	http://example.org/contains_relation	http://example.org/mounted
http://dbpedia.org/resource/Wizardry	http://dbpedia.org/ontology/wikiPageID	http://example.org/170547
http://example.org/push	http://example.org/dobj	http://example.org/her
http://dbpedia.org/resource/North_America	http://example.org/contains_relation	http://example.org/the_Northern_Hemisphere
http://example.org/called	http://example.org/nsubjpass	http://example.org/they
http://dbpedia.org/resource/Harry_Potter	http://dbpedia.org/property/b	http://example.org/yes
http://example.org/1124695323	http://example.org/label	1124695323
http://dbpedia.org/resource/Harper_Lee	http://example.org/contains_relation	http://example.org/friend
http://dbpedia.org/resource/Stalinism	http://example.org/contains_relation	http://example.org/Politburo
http://dbpedia.org/resource/J._R._R._Tolkien	http://dbpedia.org/property/commons	http://example.org/J._R._R._Tolkien
http://example.org/Granger	http://example.org/conj	http://example.org/Weasley
http://example.org/more_than_28_million	http://example.org/label	more than 28 million
http://example.org/supporting	http://example.org/dobj	http://example.org/Frodo
http://example.org/overthrow	http://example.org/dobj	http://example.org/body
http://example.org/Female	http://example.org/label	Female
http://dbpedia.org/resource/The_Shire	http://example.org/contains_relation	http://example.org/Matamata
http://dbpedia.org/resource/Stalinism	http://www.w3.org/2000/01/rdf-schema#label	http://example.org/Stalinism
http://example.org/Deathly_Hallows	http://example.org/label	Deathly Hallows
http://dbpedia.org/resource/Animal_Farm	http://example.org/contains_relation	http://example.org/Q1396889
http://example.org/story	http://example.org/claims	http://example.org/appeal
http://example.org/in	http://example.org/pobj	http://example.org/Stars
http://example.org/in	http://example.org/pobj	http://example.org/schools
http://example.org/soften	http://example.org/dobj	http://example.org/transition
http://example.org/of	http://example.org/pobj	http://example.org/philology
http://dbpedia.org/resource/Young_adult_fiction	http://example.org/contains_relation	http://example.org/of
http://example.org/hobbit	http://example.org/appos	http://example.org/Bilbo
http://dbpedia.org/resource/North_America	http://example.org/contains_relation	http://example.org/North_america_terrain_2003_map.jpg
http://example.org/of	http://example.org/pobj	http://example.org/Empire
http://dbpedia.org/resource/The_Shire	http://example.org/contains_relation	http://example.org/Gamgee
http://example.org/American	http://example.org/label	American
http://example.org/to	http://example.org/pobj	http://example.org/Sigurd
http://example.org/two_years	http://example.org/label	two years
http://dbpedia.org/resource/The_Hunger_Games	http://example.org/contains_relation	http://example.org/By
http://example.org/Lifespan	http://example.org/label	Lifespan
http://dbpedia.org/resource/To_Kill_a_Mockingbird	http://example.org/contains_relation	http://example.org/American
http://dbpedia.org/resource/Alabama	http://example.org/contains_relation	http://example.org/Phenix_City_area
http://dbpedia.org/resource/Stalinism	http://example.org/contains_relation	http://example.org/into
http://example.org/of	http://example.org/pobj	http://example.org/heroism
http://example.org/happiness	http://example.org/conj	http://example.org/joy
http://dbpedia.org/resource/To_Kill_a_Mockingbird	http://example.org/contains_relation	http://example.org/promised
http://example.org/Mockingbird	http://example.org/label	Mockingbird
http://example.org/Blake	http://example.org/conj	http://example.org/Byron
http://dbpedia.org/resource/The_Hunger_Games	http://dbpedia.org/property/language	http://example.org/English
http://example.org/the_Prince_Regent	http://example.org/label	the Prince Regent
http://example.org/story	http://example.org/claims_with	http://example.org/copies
http://dbpedia.org/resource/Alabama	http://dbpedia.org/property/timezone1Location	http://example.org/entire_state
http://example.org/as	http://example.org/pobj	http://example.org/influences
http://example.org/exclaimed	http://example.org/dobj	http://example.org/Bilbo
http://example.org/in	http://example.org/pobj	http://example.org/works
http://dbpedia.org/resource/North_America	http://example.org/contains_relation	http://example.org/North_American
http://dbpedia.org/resource/Nazi_Germany	http://example.org/contains_relation	http://example.org/defeated
http://example.org/as	http://example.org/pobj	http://example.org/author
http://example.org/to	http://example.org/pobj	http://example.org/this
http://example.org/differentiate	http://example.org/dobj	http://example.org/abilities
http://dbpedia.org/resource/To_Kill_a_Mockingbird	http://dbpedia.org/property/country	http://example.org/United_States
http://dbpedia.org/resource/George_Orwell	http://example.org/contains_relation	http://example.org/essayist
http://dbpedia.org/resource/Hogwarts	http://example.org/contains_relation	http://example.org/model
http://example.org/for	http://example.org/pobj	http://example.org/size
http://dbpedia.org/resource/Pride	http://example.org/contains_relation	http://example.org/sending
http://dbpedia.org/resource/The_Hunger_Games	http://example.org/contains_relation	http://example.org/26_million
http://dbpedia.org/resource/Wizardry	http://dbpedia.org/property/name	http://example.org/Wizardry_series
http://example.org/comes	http://example.org/nsubj	http://example.org/name
http://dbpedia.org/resource/Regency_era	http://example.org/contains_relation	http://example.org/collapse
http://dbpedia.org/resource/Regency_era	http://example.org/contains_relation	http://example.org/1714%E2%80%931837
http://dbpedia.org/resource/Samwise_Gamgee	http://example.org/contains_relation	http://example.org/Samwise
http://dbpedia.org/resource/Smaug	http://example.org/contains_relation	http://example.org/The_Return_of_the_King
http://example.org/head	http://example.org/conj	http://example.org/shoulders
http://example.org/Puerta_de_Hierro_ZM_Guadalajara_M%C3%A9xico.jpg	http://example.org/label	Puerta de Hierro ZM Guadalajara México.jpg
http://dbpedia.org/resource/Hogwarts	http://example.org/contains_relation	http://example.org/1124915795
http://example.org/from	http://example.org/pobj	http://example.org/trash
http://example.org/the_German_Reich	http://example.org/label	the German Reich
http://dbpedia.org/resource/Harry_Potter	http://dbpedia.org/property/books	http://example.org/
http://example.org/conducted	http://example.org/nsubj	http://example.org/who
http://dbpedia.org/resource/Pauline_Baynes	http://example.org/contains_relation	http://example.org/drawings
http://dbpedia.org/resource/Nazi_Germany	http://www.w3.org/1999/02/22-rdf-syntax-ns#type	http://example.org/Entity
http://example.org/in	http://example.org/pobj	http://example.org/family
http://dbpedia.org/resource/Stalinism	http://example.org/contains_relation	http://example.org/causing
http://example.org/57074	http://example.org/label	57074
http://dbpedia.org/resource/Pride	http://dbpedia.org/property/wiktSearch	http://example.org/pride
http://dbpedia.org/resource/Harry_Potter	http://dbpedia.org/property/books	http://example.org/Order_of_the_Phoenix
http://dbpedia.org/resource/Stalinism	http://example.org/contains_relation	http://example.org/Execute_346_Stalins_resolution.jpg
http://dbpedia.org/resource/Twilight	http://example.org/contains_relation	http://example.org/during
http://example.org/The_Fault_in_Our_Stars	http://example.org/contains_relation	http://example.org/irreverent
http://example.org/promised	http://example.org/nsubj	http://example.org/I
http://dbpedia.org/resource/Gandalf	http://example.org/contains_relation	http://example.org/two
http://example.org/are	http://example.org/attr	http://example.org/spears
http://example.org/HarperCollins	http://example.org/label	HarperCollins
http://example.org/Glamdring	http://example.org/label	Glamdring
http://example.org/bearing	http://example.org/dobj	http://example.org/tree
http://example.org/for	http://example.org/pobj	http://example.org/reasons
http://example.org/like	http://example.org/pobj	http://example.org/class
http://example.org/United_Kingdom	http://example.org/label	United Kingdom
http://example.org/by	http://example.org/pobj	http://example.org/stealing
http://example.org/written	http://example.org/nsubj	http://example.org/Commentators
http://dbpedia.org/resource/George_Orwell	http://example.org/contains_relation	http://example.org/no
http://example.org/face	http://example.org/dobj	http://example.org/challenges
http://dbpedia.org/resource/North_America	http://example.org/contains_relation	http://example.org/vertical
http://example.org/from	http://example.org/pobj	http://example.org/evil
http://dbpedia.org/resource/George_Orwell	http://example.org/contains_relation	http://example.org/Hill
http://dbpedia.org/resource/Nazi_Germany	http://example.org/contains_relation	http://example.org/at
http://example.org/to	http://example.org/pobj	http://example.org/totalitarianism
http://dbpedia.org/resource/Regency_era	http://example.org/contains_relation	http://example.org/by
http://dbpedia.org/resource/Regency_era	http://dbpedia.org/property/monarchs	http://example.org/
http://example.org/is	http://example.org/attr	http://example.org/area
http://example.org/is	http://example.org/nsubj	http://example.org/This
http://example.org/narrates	http://example.org/dobj	http://example.org/adventures
http://dbpedia.org/resource/Harry_Potter	http://example.org/contains_relation	http://example.org/Voldemort
http://example.org/Harry_Potter_and_the_Order_of_the_Phoenix_%28Harry_Potter%2C_%235%29	http://example.org/contains_relation	http://example.org/he
http://dbpedia.org/resource/Character_class	http://example.org/contains_relation	http://example.org/with
http://dbpedia.org/resource/Stalinism	http://example.org/contains_relation	http://example.org/on
http://dbpedia.org/resource/John_Green	http://example.org/contains_relation	http://example.org/performing
http://dbpedia.org/resource/Gandalf	http://example.org/contains_relation	http://example.org/facing
http://dbpedia.org/resource/Hermione_Granger	http://example.org/contains_relation	http://example.org/on
http://example.org/atheism	http://example.org/conj	http://example.org/persecution
http://dbpedia.org/resource/Harry_Potter	http://example.org/contains_relation	http://example.org/of
http://dbpedia.org/resource/Young_adult_fiction	http://dbpedia.org/ontology/wikiPageLength	http://example.org/34224
http://dbpedia.org/resource/Augustus	http://example.org/contains_relation	http://example.org/with
http://example.org/Pride_and_Prejudice	http://example.org/author	Jane Austen
http://dbpedia.org/resource/Elizabeth_Bennet	http://dbpedia.org/property/relatives	http://example.org/Catherine_%22Kitty%22_Bennet
http://dbpedia.org/resource/Regency_era	http://example.org/contains_relation	http://example.org/died
http://example.org/June	http://example.org/appos	http://example.org/January
http://example.org/of	http://example.org/pobj	http://example.org/communism
http://dbpedia.org/resource/Gondor	http://example.org/contains_relation	http://example.org/Northwest_Middle-earth
http://dbpedia.org/resource/Smaug	http://example.org/contains_relation	http://example.org/58101
http://dbpedia.org/resource/The_Hunger_Games	http://example.org/contains_relation	http://example.org/move
http://example.org/during	http://example.org/pobj	http://example.org/War
http://dbpedia.org/resource/Pauline_Baynes	http://example.org/contains_relation	http://example.org/1922-09-09
http://example.org/peasants	http://example.org/appos	http://example.org/kulaks
http://dbpedia.org/resource/John_Green	http://example.org/contains_relation	http://example.org/have
http://example.org/of	http://example.org/pobj	http://example.org/dogs
http://dbpedia.org/resource/John_Green	http://example.org/contains_relation	http://example.org/being
http://example.org/Final_Fantasy	http://example.org/label	Final Fantasy
http://dbpedia.org/resource/The_Two_Towers	http://dbpedia.org/property/congress	http://example.org/PR6039.O32_L6_1954%2C_v.2
http://example.org/the_Art_Deco	http://example.org/label	the Art Deco
http://example.org/empty	http://example.org/dobj	http://example.org/land
http://dbpedia.org/resource/J._R._R._Tolkien	http://example.org/contains_relation	http://example.org/of
http://example.org/aggregate	http://example.org/nsubj	http://example.org/classes
http://dbpedia.org/resource/Hermione_Granger	http://example.org/contains_relation	http://example.org/save
http://example.org/am	http://example.org/attr	http://example.org/servant
http://example.org/requested	http://example.org/dobj	http://example.org/sequel
http://dbpedia.org/resource/Samwise_Gamgee	http://example.org/contains_relation	http://example.org/served
http://example.org/George_Wickham	http://example.org/label	George Wickham
http://example.org/The_Last_Battle	http://example.org/label	The Last Battle
http://dbpedia.org/resource/Academy_Awards	http://example.org/contains_relation	http://example.org/SDCC_2015_-_Jessica
http://example.org/for	http://example.org/pobj	http://example.org/him
http://dbpedia.org/resource/The_Hunger_Games	http://example.org/contains_relation	http://example.org/Every_year
http://dbpedia.org/resource/The_Hobbit	http://example.org/contains_relation	http://example.org/awarded
http://example.org/J.R.R._Tolkien_4-Book_Boxed_Set%3A_The_Hobbit_and_The_Lord_of_the_Rings	http://example.org/contains_relation	http://example.org/set
http://dbpedia.org/resource/Stalinism	http://example.org/contains_relation	http://example.org/totalitarian
http://example.org/Category%3AGeorge_Orwell	http://example.org/label	Category:George Orwell
http://example.org/constructed	http://example.org/dobj	http://example.org/holes
http://dbpedia.org/resource/Wizardry	http://example.org/contains_relation	http://example.org/Tale_of_the_Forsaken_Land
http://dbpedia.org/resource/Animal_Farm	http://example.org/contains_relation	http://example.org/17_August_1945
http://dbpedia.org/resource/Smaug	http://example.org/contains_relation	http://example.org/in
http://dbpedia.org/resource/Smaug	http://example.org/contains_relation	http://example.org/scales
http://example.org/image	http://example.org/ROOT	http://example.org/image
http://dbpedia.org/resource/Pride	http://example.org/contains_relation	http://example.org/friends
http://dbpedia.org/resource/The_Chronicles_of_Narnia	http://dbpedia.org/property/genre	http://example.org/
http://example.org/was	http://example.org/attr	http://example.org/wonder
http://dbpedia.org/resource/Hermione_Granger	http://example.org/contains_relation	http://example.org/the_Order_of_the_Phoenix
http://dbpedia.org/resource/Gandalf	http://example.org/contains_relation	http://example.org/Unfinished_Tales
http://example.org/The_Chronicles_of_Narnia_%28The_Chronicles_of_Narnia%2C_%231-7%29	http://www.w3.org/1999/02/22-rdf-syntax-ns#type	http://example.org/Book
http://example.org/towards	http://example.org/pobj	http://example.org/wholeness
http://example.org/writer	http://example.org/conj	http://example.org/philologist
http://dbpedia.org/resource/Animal_Farm	http://xmlns.com/foaf/0.1/name	http://example.org/Animal_Farm
http://example.org/vanity	http://example.org/conj	http://example.org/vainglory
http://dbpedia.org/resource/Markus_Zusak	http://example.org/contains_relation	http://example.org/6008028
http://dbpedia.org/resource/Gandalf	http://dbpedia.org/property/first	http://example.org/The_Hobbit
http://dbpedia.org/resource/Wizardry	http://dbpedia.org/property/title	http://example.org/Wizardry
http://dbpedia.org/resource/Young_adult_fiction	http://example.org/contains_relation	http://example.org/yes
http://dbpedia.org/resource/Suzanne_Collins	http://www.w3.org/2000/01/rdf-schema#label	http://example.org/Suzanne_Collins
http://dbpedia.org/resource/George_Orwell	http://dbpedia.org/property/name	http://example.org/George_Orwell
http://dbpedia.org/resource/Gondor	http://example.org/contains_relation	http://example.org/The_Lord_of_the_Rings
http://dbpedia.org/resource/To_Kill_a_Mockingbird	http://example.org/contains_relation	http://example.org/by
http://dbpedia.org/resource/Suzanne_Collins	http://example.org/contains_relation	http://example.org/Charles_Pryor
http://example.org/KennethBranaghApr2011.jpg	http://example.org/label	KennethBranaghApr2011.jpg
http://dbpedia.org/resource/Samwise_Gamgee	http://example.org/contains_relation	http://example.org/captured
http://dbpedia.org/resource/Alabama	http://dbpedia.org/property/anthem	http://example.org/%22Alabama%22
http://dbpedia.org/resource/North_America	http://example.org/contains_relation	http://example.org/left/right/center
http://example.org/are	http://example.org/attr	http://example.org/friends
http://example.org/topped	http://example.org/dobj	http://example.org/lists
http://example.org/towards	http://example.org/pobj	http://example.org/communism
http://example.org/of	http://example.org/pobj	http://example.org/dust
http://example.org/Harry_Potter_and_the_Order_of_the_Phoenix_%28Harry_Potter%2C_%235%29	http://example.org/contains_relation	http://example.org/Dursleys
http://example.org/by	http://example.org/pobj	http://example.org/Smaug
http://dbpedia.org/resource/Pride	http://example.org/contains_relation	http://example.org/are
http://dbpedia.org/resource/Pride	http://example.org/contains_relation	http://example.org/41118
http://example.org/of	http://example.org/pobj	http://example.org/flame
http://dbpedia.org/resource/Regency_era	http://example.org/contains_relation	http://example.org/IV
http://example.org/1124110836	http://example.org/label	1124110836
http://dbpedia.org/resource/The_Hunger_Games	http://example.org/contains_relation	http://example.org/adapted
http://dbpedia.org/resource/Young_adult_fiction	http://example.org/contains_relation	http://example.org/as
http://dbpedia.org/resource/The_Hunger_Games	http://example.org/contains_relation	http://example.org/copies
http://dbpedia.org/resource/Markus_Zusak	http://example.org/contains_relation	http://example.org/for
http://dbpedia.org/resource/Character_class	http://example.org/contains_relation	http://example.org/job
http://dbpedia.org/resource/The_Shire	http://example.org/contains_relation	http://example.org/England
http://example.org/with	http://example.org/pobj	http://example.org/insecurity
http://example.org/of	http://example.org/pobj	http://example.org/them
http://example.org/with	http://example.org/pobj	http://example.org/irrationality
http://dbpedia.org/resource/Smaug	http://example.org/contains_relation	http://example.org/wish
http://example.org/have	http://example.org/dobj	http://example.org/Ring
http://dbpedia.org/resource/Pauline_Baynes	http://dbpedia.org/ontology/wikiPageRevisionID	http://example.org/1123451434
http://example.org/son	http://example.org/appos	http://example.org/George
http://dbpedia.org/resource/The_Two_Towers	http://dbpedia.org/ontology/wikiPageLength	http://example.org/11987
http://example.org/of	http://example.org/pobj	http://example.org/writings
http://dbpedia.org/resource/To_Kill_a_Mockingbird	http://example.org/contains_relation	http://example.org/about
http://example.org/2017	http://example.org/label	2017
http://example.org/had	http://example.org/nsubj	http://example.org/character
http://example.org/led	http://example.org/nsubj	http://example.org/they
http://example.org/of	http://example.org/pobj	http://example.org/Hollin
http://example.org/Hitler	http://example.org/conj	http://example.org/Nazis
http://example.org/elected	http://example.org/oprd	http://example.org/Mayor
http://example.org/the_Regency_Act_1811	http://example.org/label	the Regency Act 1811
http://example.org/In_Cold_Blood	http://example.org/label	In Cold Blood
http://dbpedia.org/resource/Twilight	http://example.org/contains_relation	http://example.org/18
http://example.org/the_Ministry_of_Magic	http://example.org/label	the Ministry of Magic
http://example.org/Bilbo_Baggins	http://example.org/label	Bilbo Baggins
http://dbpedia.org/resource/To_Kill_a_Mockingbird	http://example.org/contains_relation	http://example.org/%E2%80%94Scott_Turow
http://example.org/Monroeville%2C_Alabama%2C_U.S.	http://example.org/label	Monroeville, Alabama, U.S.
http://dbpedia.org/resource/Augustus	http://example.org/contains_relation	http://example.org/was
http://dbpedia.org/resource/Regency_era	http://dbpedia.org/property/caption	http://example.org/by_Thomas_Lawrence
http://dbpedia.org/resource/The_Two_Towers	http://example.org/contains_relation	http://example.org/Two
http://example.org/recalls	http://example.org/nsubj	http://example.org/way
http://example.org/15698	http://example.org/label	15698
http://example.org/defined	http://example.org/nsubj	http://example.org/Taylor
http://example.org/defined	http://example.org/nsubjpass	http://example.org/Pride
http://dbpedia.org/resource/Markus_Zusak	http://dbpedia.org/property/caption	http://example.org/Zusak_in_2019
http://example.org/they	http://example.org/set_With	http://example.org/idealism
http://example.org/concerns	http://example.org/dobj	http://example.org/struggle
http://dbpedia.org/resource/John_Green	http://dbpedia.org/property/notableworks	http://example.org/
http://dbpedia.org/resource/Samwise_Gamgee	http://example.org/contains_relation	http://example.org/6
http://dbpedia.org/resource/Harry_Potter	http://example.org/contains_relation	http://example.org/Muggles%27_Guide_to_Harry_Potter
http://example.org/perish	http://example.org/nsubj	http://example.org/we
http://dbpedia.org/resource/To_Kill_a_Mockingbird	http://example.org/contains_relation	http://example.org/become
http://dbpedia.org/resource/Frodo_Baggins	http://www.w3.org/2000/01/rdf-schema#label	http://example.org/Frodo_Baggins
http://example.org/St._Augustine	http://example.org/label	St. Augustine
http://example.org/Sutton_Courtenay	http://example.org/label	Sutton Courtenay
http://dbpedia.org/resource/Bilbo_Baggins	http://example.org/contains_relation	http://example.org/Bilbo
http://dbpedia.org/resource/Stalinism	http://dbpedia.org/property/align	http://example.org/left
http://example.org/The_Silver_Chair	http://example.org/label	The Silver Chair
http://example.org/School	http://example.org/ROOT	http://example.org/School
http://dbpedia.org/resource/Hermione_Granger	http://example.org/contains_relation	http://example.org/Alice_Keenan
http://example.org/was	http://example.org/attr	http://example.org/writer
http://example.org/of	http://example.org/pobj	http://example.org/animals
http://example.org/of	http://example.org/pobj	http://example.org/warfare
http://dbpedia.org/resource/The_Two_Towers	http://example.org/contains_relation	http://example.org/1954-11-11
http://dbpedia.org/resource/Gandalf	http://example.org/contains_relation	http://example.org/from
http://dbpedia.org/resource/Augustus	http://example.org/contains_relation	http://example.org/
http://example.org/the_Pulitzer_Prize	http://example.org/label	the Pulitzer Prize
http://example.org/returned	http://example.org/nsubj	http://example.org/Sam
http://dbpedia.org/resource/Legolas	http://example.org/contains_relation	http://example.org/Male
http://dbpedia.org/resource/Harper_Lee	http://example.org/contains_relation	http://example.org/for
http://dbpedia.org/resource/Harper_Lee	http://example.org/contains_relation	http://example.org/Alabama
http://dbpedia.org/resource/Regency_era	http://example.org/contains_relation	http://example.org/Turner
http://example.org/in	http://example.org/pobj	http://example.org/Worcestershire
http://dbpedia.org/resource/Samwise_Gamgee	http://example.org/contains_relation	http://example.org/surpassed
http://example.org/gains	http://example.org/nsubj	http://example.org/Bilbo
http://dbpedia.org/resource/J._R._R._Tolkien	http://dbpedia.org/property/n	http://example.org/no
http://example.org/one	http://example.org/conj	http://example.org/choices
http://example.org/16_December_1775	http://example.org/label	16 December 1775
http://dbpedia.org/resource/Pauline_Baynes	http://www.w3.org/1999/02/22-rdf-syntax-ns#type	http://example.org/Entity
http://dbpedia.org/resource/John_Green	http://example.org/contains_relation	http://example.org/more_than_50_million
http://example.org/signed	http://example.org/nsubjpass	http://example.org/decision
http://dbpedia.org/resource/Stalinism	http://example.org/contains_relation	http://example.org/Mikhail_Gorbachev
http://example.org/tells	http://example.org/nsubj	http://example.org/It
http://dbpedia.org/resource/Gandalf	http://example.org/contains_relation	http://example.org/See_%5B%5B%23Names
http://dbpedia.org/resource/J._R._R._Tolkien	http://example.org/contains_relation	http://example.org/English
http://example.org/Shire	http://example.org/ROOT	http://example.org/Shire
http://example.org/First_edition_cover	http://example.org/label	First edition cover
http://dbpedia.org/resource/Stalinism	http://example.org/contains_relation	http://example.org/28621
http://dbpedia.org/resource/Harry_Potter	http://example.org/contains_relation	http://example.org/yes
http://dbpedia.org/resource/Alabama	http://example.org/contains_relation	http://example.org/the_Cotton_State
http://dbpedia.org/resource/Stalinism	http://example.org/contains_relation	http://example.org/imported
http://dbpedia.org/resource/Samwise_Gamgee	http://example.org/contains_relation	http://example.org/replant
http://example.org/23140032	http://example.org/label	23140032
http://dbpedia.org/resource/Nazi_Germany	http://dbpedia.org/property/deputy	http://example.org/Adolf_Hitler
http://dbpedia.org/resource/Harper_Lee	http://dbpedia.org/property/birthPlace	http://example.org/Monroeville%2C_Alabama%2C_U.S.
http://dbpedia.org/resource/The_Hunger_Games	http://example.org/contains_relation	http://example.org/2014
http://dbpedia.org/resource/Gandalf	http://example.org/contains_relation	http://example.org/Sauron
http://example.org/specialized	http://example.org/nsubj	http://example.org/District
http://example.org/call	http://example.org/dobj	http://example.org/strength
http://dbpedia.org/resource/J._R._R._Tolkien	http://example.org/contains_relation	http://example.org/yes
http://dbpedia.org/resource/Gandalf	http://example.org/contains_relation	http://example.org/call
http://example.org/the_Great_Purge	http://example.org/label	the Great Purge
http://example.org/are	http://example.org/attr	http://example.org/ethnicity
http://example.org/from	http://example.org/pobj	http://example.org/Catalogue
http://dbpedia.org/resource/The_Chronicles_of_Narnia	http://example.org/contains_relation	http://example.org/beasts
http://example.org/is	http://example.org/nsubj	http://example.org/It
http://dbpedia.org/resource/The_Hunger_Games	http://example.org/contains_relation	http://example.org/called
http://example.org/Wizardry	http://example.org/appos	http://example.org//%CB%88h%C9%92%C9%A1w%C9%94%CB%90rts/
http://dbpedia.org/resource/Harry_Potter	http://example.org/contains_relation	http://example.org/as
http://dbpedia.org/resource/Stalinism	http://example.org/contains_relation	http://example.org/left
http://example.org/170547	http://example.org/label	170547
http://example.org/with	http://example.org/pobj	http://example.org/hair
http://dbpedia.org/resource/Legolas	http://example.org/contains_relation	http://example.org/Rings
http://dbpedia.org/resource/Harper_Lee	http://example.org/contains_relation	http://example.org/Kill
http://dbpedia.org/resource/Samwise_Gamgee	http://dbpedia.org/ontology/wikiPageRevisionID	http://example.org/1120108747
http://example.org/grows	http://example.org/nsubj	http://example.org/he
http://dbpedia.org/resource/Character_class	http://example.org/contains_relation	http://example.org/considered
http://dbpedia.org/resource/Samwise_Gamgee	http://example.org/contains_relation	http://example.org/called
http://example.org/went	http://example.org/nsubj	http://example.org/He
http://dbpedia.org/resource/The_Chronicles_of_Narnia	http://example.org/contains_relation	http://example.org/is
http://example.org/coming	http://example.org/conj	http://example.org/growth
http://dbpedia.org/resource/The_Shire	http://dbpedia.org/ontology/wikiPageID	http://example.org/23141570
http://dbpedia.org/resource/Nazi_Germany	http://dbpedia.org/property/align	http://example.org/right
http://dbpedia.org/resource/Legolas	http://example.org/contains_relation	http://example.org/Sindar_Elf
http://example.org/play	http://example.org/dobj	http://example.org/roles
http://dbpedia.org/resource/Augustus	http://example.org/contains_relation	http://example.org/considered
http://example.org/were	http://example.org/attr	http://example.org/sellers
http://dbpedia.org/resource/Hermione_Granger	http://dbpedia.org/property/voice	http://example.org/Guy_Harris
http://example.org/Capitol	http://example.org/label	Capitol
http://dbpedia.org/resource/Young_adult_fiction	http://example.org/contains_relation	http://example.org/1123383222
http://dbpedia.org/resource/The_Hunger_Games	http://example.org/contains_relation	http://example.org/led
http://example.org/Awards_for_Harper_Lee	http://example.org/label	Awards for Harper Lee
http://dbpedia.org/resource/J._R._R._Tolkien	http://example.org/contains_relation	http://example.org/as
http://example.org/In	http://example.org/pobj	http://example.org/Field
http://example.org/by	http://example.org/pobj	http://example.org/features
http://dbpedia.org/resource/The_Two_Towers	http://example.org/contains_relation	http://example.org/book
http://dbpedia.org/resource/To_Kill_a_Mockingbird	http://example.org/contains_relation	http://example.org/observations
http://dbpedia.org/resource/Nazi_Germany	http://example.org/contains_relation	http://example.org/through
http://dbpedia.org/resource/Samwise_Gamgee	http://example.org/contains_relation	http://example.org/Lord
http://example.org/Hermione_Jean_Granger	http://example.org/label	Hermione Jean Granger
http://dbpedia.org/resource/Bilbo_Baggins	http://example.org/contains_relation	http://example.org/Shire
http://example.org/Winning	http://example.org/means	http://example.org/fame
http://dbpedia.org/resource/Markus_Zusak	http://dbpedia.org/property/name	http://example.org/Markus_Zusak
http://example.org/24th	http://example.org/label	24th
http://dbpedia.org/resource/Gondor	http://dbpedia.org/property/image	http://example.org/Mont_Saint-Michel_France_.jpg
http://dbpedia.org/resource/The_Hunger_Games	http://example.org/contains_relation	http://example.org/2012
http://dbpedia.org/resource/Wizardry	http://example.org/contains_relation	http://example.org/was
http://example.org/is	http://example.org/nsubj	http://example.org/Lord
http://dbpedia.org/resource/Alabama	http://dbpedia.org/ontology/wikiPageRevisionID	http://example.org/1124695323
http://example.org/began	http://example.org/nsubj	http://example.org/-
http://example.org/stood	http://example.org/nsubj	http://example.org/Gandalf
http://example.org/of	http://example.org/pobj	http://example.org/works
http://dbpedia.org/resource/Harry_Potter	http://example.org/contains_relation	http://example.org/against
http://example.org/of	http://example.org/pobj	http://example.org/expansion
http://example.org/Muggles	http://example.org/appos	http://example.org/people
http://example.org/seized	http://example.org/nsubjpass	http://example.org/which
http://dbpedia.org/resource/Gandalf	http://example.org/contains_relation	http://example.org/perish
http://example.org/in	http://example.org/pobj	http://example.org/slums
http://example.org/CODA	http://example.org/label	CODA
http://example.org/Stalin	http://example.org/label	Stalin
http://dbpedia.org/resource/Regency_era	http://example.org/contains_relation	http://example.org/the_years_1811_to_1820
http://dbpedia.org/resource/Nazi_Germany	http://dbpedia.org/property/statYear	http://example.org/1939
http://dbpedia.org/resource/Hermione_Granger	http://dbpedia.org/property/voice	http://example.org/Erica_Luttrell
http://dbpedia.org/resource/Pauline_Baynes	http://example.org/contains_relation	http://example.org/contributed
http://dbpedia.org/resource/The_Hunger_Games	http://example.org/contains_relation	http://example.org/Catching_Fire
http://dbpedia.org/resource/Nazi_Germany	http://example.org/contains_relation	http://example.org/Realm
http://example.org/14805	http://example.org/label	14805
http://dbpedia.org/resource/Nazi_Germany	http://example.org/contains_relation	http://example.org/with
http://example.org/included	http://example.org/nsubj	http://example.org/response
http://dbpedia.org/resource/Harper_Lee	http://example.org/contains_relation	http://example.org/Awards_for_Harper_Lee
http://dbpedia.org/resource/Wizardry	http://dbpedia.org/property/spinoffs	http://example.org/Nemesis%3A_The_Wizardry_Adventure
http://dbpedia.org/resource/Alabama	http://dbpedia.org/property/former	http://example.org/Alabama_Territory
http://example.org/is	http://example.org/nsubj	http://example.org/Farm
http://dbpedia.org/resource/Suzanne_Collins	http://dbpedia.org/property/signature	http://example.org/Suzanne_Collins_signature.png
http://example.org/Ariana_DeBose	http://example.org/label	Ariana DeBose
http://example.org/of	http://example.org/pobj	http://example.org/ideology
http://example.org/copies	http://example.org/conj	http://example.org/copies
http://dbpedia.org/resource/Academy_Awards	http://example.org/contains_relation	http://example.org/called
http://example.org/hybridize	http://example.org/dobj	http://example.org/them
http://dbpedia.org/resource/The_Hobbit	http://example.org/contains_relation	http://example.org/is
http://example.org/of	http://example.org/pobj	http://example.org/family
http://example.org/in	http://example.org/pobj	http://example.org/market
http://dbpedia.org/resource/Alabama	http://example.org/contains_relation	http://example.org/%22Alabama%22
http://example.org/in	http://example.org/pobj	http://example.org/Shadows
http://dbpedia.org/resource/Stalinism	http://example.org/contains_relation	http://example.org/began
http://example.org/on	http://example.org/pobj	http://example.org/games
http://dbpedia.org/resource/Gondor	http://example.org/contains_relation	http://example.org/J._R._R._Tolkien%27s
http://dbpedia.org/resource/The_Hobbit	http://example.org/contains_relation	http://example.org/fey
http://dbpedia.org/resource/Smaug	http://xmlns.com/foaf/0.1/name	http://example.org/Smaug
http://dbpedia.org/resource/John_Green	http://example.org/contains_relation	http://example.org/known
http://example.org/for	http://example.org/pobj	http://example.org/books
http://dbpedia.org/resource/Frodo_Baggins	http://example.org/contains_relation	http://example.org/Shire
http://example.org/2008-08-01	http://example.org/label	2008-08-01
http://dbpedia.org/resource/Bilbo_Baggins	http://dbpedia.org/property/name	http://example.org/Bilbo_Baggins
http://example.org/undertakes	http://example.org/dobj	http://example.org/quest
http://dbpedia.org/resource/Young_adult_fiction	http://example.org/contains_relation	http://example.org/between
http://example.org/Baggins	http://example.org/conj	http://example.org/members
http://dbpedia.org/resource/The_Hunger_Games	http://example.org/contains_relation	http://example.org/North_American
http://dbpedia.org/resource/Bilbo_Baggins	http://example.org/contains_relation	http://example.org/Belladonna_Took
http://example.org/of	http://example.org/pobj	http://example.org/attachment
http://dbpedia.org/resource/Twilight	http://example.org/contains_relation	http://example.org/occurs
http://example.org/competence	http://example.org/conj	http://example.org/wisdom
http://example.org/delineates	http://example.org/nsubj	http://example.org/Lee
http://example.org/being	http://example.org/attr	http://example.org/novelist
http://example.org/English	http://example.org/label	English
http://example.org/seven	http://example.org/label	seven
http://example.org/interpreted	http://example.org/nsubjpass	http://example.org/quest
http://example.org/Edward	http://example.org/was	http://example.org/vampire
http://example.org/64_years	http://example.org/label	64 years
http://example.org/New_Zealand	http://example.org/label	New Zealand
http://dbpedia.org/resource/Stalinism	http://example.org/contains_relation	http://example.org/included
http://dbpedia.org/resource/Stalinism	http://example.org/contains_relation	http://example.org/through
http://example.org/is	http://example.org/nsubj	http://example.org/He
http://example.org/the_United_States	http://example.org/label	the United States
http://dbpedia.org/resource/Suzanne_Collins	http://example.org/contains_relation	http://example.org/Hartford%2C_Connecticut%2C_U.S.
http://dbpedia.org/resource/To_Kill_a_Mockingbird	http://dbpedia.org/property/source	http://example.org/%E2%80%94Scott_Turow
http://example.org/toward	http://example.org/pobj	http://example.org/group
http://dbpedia.org/resource/Samwise_Gamgee	http://example.org/contains_relation	http://example.org/The_Lord_of_the_Rings
http://example.org/the_Gulf_of_Mexico	http://example.org/label	the Gulf of Mexico
http://example.org/of	http://example.org/pobj	http://example.org/edition
http://example.org/shock	http://example.org/appos	http://example.org/hurricane
http://example.org/Hobbit	http://example.org/conj	http://example.org/narrator
http://example.org/of	http://example.org/pobj	http://example.org/economy
http://example.org/under	http://example.org/pobj	http://example.org/control
http://dbpedia.org/resource/Gondor	http://dbpedia.org/property/image	http://example.org/Roturn_King-Minas_Tirith.jpg
http://example.org/Michael_Hilary	http://example.org/label	Michael Hilary
http://example.org/the_Party_Field	http://example.org/label	the Party Field
http://example.org/prose	http://example.org/conj	http://example.org/criticism
http://dbpedia.org/resource/The_Chronicles_of_Narnia	http://example.org/contains_relation	http://example.org/narrates
http://example.org/Animal_Farm	http://example.org/contains_relation	http://example.org/they
http://example.org/Atticus	http://example.org/label	Atticus
http://example.org/Academy_Awards	http://example.org/label	Academy Awards
http://example.org/was	http://example.org/nsubj	http://example.org/it
http://dbpedia.org/resource/Legolas	http://example.org/contains_relation	http://example.org/sensing
http://example.org/reaches	http://example.org/nsubj	http://example.org/story
http://dbpedia.org/resource/Hermione_Granger	http://example.org/contains_relation	http://example.org/Deathly_Hallows
http://example.org/volume	http://example.org/appos	http://example.org/Return
http://example.org/in	http://example.org/pobj	http://example.org/match
http://example.org/Claudia	http://example.org/label	Claudia
http://example.org/annually	http://example.org/label	annually
http://dbpedia.org/resource/Young_adult_fiction	http://example.org/contains_relation	http://example.org/from
http://dbpedia.org/resource/John_Green	http://example.org/contains_relation	http://example.org/is
http://example.org/Alabama	http://example.org/label	Alabama
http://dbpedia.org/resource/The_Hunger_Games	http://example.org/contains_relation	http://example.org/split
http://dbpedia.org/resource/Augustus	http://dbpedia.org/property/title	http://example.org/Princeps_Civitatis
http://example.org/The_Chronicles_of_Narnia_%28The_Chronicles_of_Narnia%2C_%231-7%29	http://example.org/contains_relation	http://example.org/reader
http://example.org/Vlogbrothers	http://example.org/appos	http://example.org/Earl
http://example.org/discharge	http://example.org/dobj	http://example.org/functions
http://dbpedia.org/resource/Animal_Farm	http://dbpedia.org/property/language	http://example.org/English
http://example.org/Istari	http://example.org/label	Istari
http://example.org/developing	http://example.org/dobj	http://example.org/basis
http://example.org/250	http://example.org/label	250
http://dbpedia.org/resource/Jane_Austen	http://example.org/contains_relation	http://example.org/realism
http://example.org/The_Chronicles_of_Narnia_%28The_Chronicles_of_Narnia%2C_%231-7%29	http://example.org/contains_relation	http://example.org/Chronicles
http://dbpedia.org/resource/Nazi_Germany	http://example.org/contains_relation	http://example.org/was
http://dbpedia.org/resource/Smaug	http://www.w3.org/1999/02/22-rdf-syntax-ns#type	http://example.org/Entity
http://example.org/changes	http://example.org/nsubj	http://example.org/He
http://example.org/for	http://example.org/pobj	http://example.org/love
http://example.org/towards	http://example.org/pobj	http://example.org/crowd
http://dbpedia.org/resource/The_Shire	http://example.org/contains_relation	http://example.org/within
http://example.org/remembered	http://example.org/nsubjpass	http://example.org/era
http://example.org/Aslan	http://example.org/label	Aslan
http://example.org/imported	http://example.org/nsubj	http://example.org/Stalin
http://example.org/SDCC	http://example.org/ROOT	http://example.org/SDCC
http://example.org/rolled	http://example.org/nsubj	http://example.org/dragon
http://dbpedia.org/resource/Academy_Awards	http://example.org/contains_relation	http://example.org/Bibhu_Mohapatra
http://dbpedia.org/resource/Nazi_Germany	http://example.org/contains_relation	http://example.org/
http://dbpedia.org/resource/To_Kill_a_Mockingbird	http://example.org/contains_relation	http://example.org/do
http://dbpedia.org/resource/Samwise_Gamgee	http://example.org/contains_relation	http://example.org/1954%E2%80%931955
http://example.org/against	http://example.org/pobj	http://example.org/sky
http://example.org/Oxfordshire	http://example.org/label	Oxfordshire
http://dbpedia.org/resource/The_Hobbit	http://example.org/contains_relation	http://example.org/Bilbo_Baggins
http://dbpedia.org/resource/Bilbo_Baggins	http://example.org/contains_relation	http://example.org/by
http://example.org/approximately_half	http://example.org/label	approximately half
http://example.org/at	http://example.org/pobj	http://example.org/podium
http://example.org/initiated	http://example.org/nsubj	http://example.org/reign
http://example.org/to	http://example.org/pobj	http://example.org/pride
http://dbpedia.org/resource/Samwise_Gamgee	http://dbpedia.org/property/width	http://example.org/40.0
http://dbpedia.org/resource/Jane_Austen	http://example.org/contains_relation	http://example.org/of
http://example.org/to	http://example.org/pobj	http://example.org/which
http://example.org/To_Kill_a_Mockingbird	http://example.org/author	Harper Lee
http://dbpedia.org/resource/J._R._R._Tolkien	http://example.org/contains_relation	http://example.org/no
http://example.org/was	http://example.org/nsubj	http://example.org/She
http://dbpedia.org/resource/The_Hunger_Games	http://example.org/contains_relation	http://example.org/Coriolanus_Snow
http://dbpedia.org/resource/Wizardry	http://example.org/contains_relation	http://example.org/Wizardry%3A_Labyrinth_of_Lost_Souls
http://example.org/Napoleon	http://example.org/label	Napoleon
http://example.org/captured	http://example.org/nsubjpass	http://example.org/Frodo
http://dbpedia.org/resource/Bilbo_Baggins	http://example.org/contains_relation	http://example.org/William_Morris%27s
http://dbpedia.org/resource/Suzanne_Collins	http://dbpedia.org/property/occupation	http://example.org/Journalist
http://example.org/417741	http://example.org/label	417741
http://dbpedia.org/resource/Samwise_Gamgee	http://example.org/contains_relation	http://example.org/Rings
http://dbpedia.org/resource/Markus_Zusak	http://example.org/contains_relation	http://example.org/became
http://example.org/NPR	http://example.org/appos	http://example.org/Award
http://example.org/of	http://example.org/pobj	http://example.org/quest
http://example.org/photographers	http://example.org/conj	http://example.org/painters
http://example.org/Hampstead	http://example.org/label	Hampstead
http://dbpedia.org/resource/Augustus	http://dbpedia.org/property/reign	http://example.org/
http://dbpedia.org/resource/J._R._R._Tolkien	http://example.org/contains_relation	http://example.org/Christopher_John
http://example.org/George	http://example.org/label	George
http://example.org/family	http://example.org/hides_in	http://example.org/basement
http://dbpedia.org/resource/Gandalf	http://example.org/contains_relation	http://example.org/gleamed
http://dbpedia.org/resource/Samwise_Gamgee	http://dbpedia.org/property/name	http://example.org/Samwise_Gamgee
http://dbpedia.org/resource/Academy_Awards	http://example.org/contains_relation	http://example.org/Los_Angeles
http://dbpedia.org/resource/Pauline_Baynes	http://example.org/contains_relation	http://example.org/August_2008
http://dbpedia.org/resource/Stalinism	http://example.org/contains_relation	http://example.org/January_1940
http://example.org/Twilight_%28The_Twilight_Saga%2C_%231%29	http://example.org/contains_relation	http://example.org/I
http://example.org/The_Fault_in_Our_Stars	http://example.org/contains_relation	http://example.org/chapter
http://dbpedia.org/resource/Bilbo_Baggins	http://example.org/contains_relation	http://example.org/become
http://example.org/play	http://example.org/nsubj	http://example.org/who
http://example.org/called	http://example.org/dobj	http://example.org/it
http://dbpedia.org/resource/Twilight	http://example.org/contains_relation	http://example.org/by
http://example.org/more_than_200	http://example.org/label	more than 200
http://example.org/Hobbit	http://example.org/conj	http://example.org/treasure
http://dbpedia.org/resource/Regency_era	http://example.org/contains_relation	http://example.org/Throughout
http://example.org/is	http://example.org/attr	http://example.org/patch
http://example.org/year-long	http://example.org/label	year-long
http://example.org/the_Hebrew_Bible	http://example.org/label	the Hebrew Bible
http://example.org/inspired	http://example.org/nsubjpass	http://example.org/It
http://example.org/Amazon	http://example.org/label	Amazon
http://example.org/the_Deep_South_of_the	http://example.org/label	the Deep South of the
http://dbpedia.org/resource/North_America	http://dbpedia.org/property/headerAlign	http://example.org/left/right/center
http://dbpedia.org/resource/To_Kill_a_Mockingbird	http://dbpedia.org/property/genre	http://example.org/
http://example.org/are	http://example.org/nsubj	http://example.org/awards
http://example.org/Harry	http://example.org/enjoys	http://example.org/holidays
http://example.org/to	http://example.org/pobj	http://example.org/rights
http://dbpedia.org/resource/John_Green	http://example.org/contains_relation	http://example.org/John_Green%27s_signature.svg
http://dbpedia.org/resource/Frodo_Baggins	http://example.org/contains_relation	http://example.org/by
http://example.org/identified	http://example.org/conj	http://example.org/Fafnir
http://dbpedia.org/resource/Stalinism	http://dbpedia.org/property/direction	http://example.org/horizontal
http://example.org/disagree	http://example.org/nsubj	http://example.org/historians
http://example.org/purged	http://example.org/dobj	http://example.org/society
http://example.org/to	http://example.org/pobj	http://example.org/Hobbiton
http://example.org/The_Lord_of_the_Rings%3A_The_Return_of_the_King%2C_Gondor%27s	http://example.org/label	The Lord of the Rings: The Return of the King, Gondor's
http://example.org/age	http://example.org/conj	http://example.org/experience
http://dbpedia.org/resource/Hogwarts	http://example.org/contains_relation	http://example.org/%28Hogwarts_Express%29
http://dbpedia.org/resource/The_Hunger_Games	http://example.org/contains_relation	http://example.org/Games
http://example.org/Hill	http://example.org/appos	http://example.org/London
http://dbpedia.org/resource/To_Kill_a_Mockingbird	http://example.org/contains_relation	http://example.org/Cover
http://dbpedia.org/resource/Stalinism	http://example.org/contains_relation	http://example.org/After
http://dbpedia.org/resource/Regency_era	http://example.org/contains_relation	http://example.org/George%2C_Prince_Regent
http://dbpedia.org/resource/Harry_Potter	http://example.org/contains_relation	http://example.org/subjugate
http://dbpedia.org/resource/Animal_Farm	http://xmlns.com/foaf/0.1/name	http://example.org/Animal_Farm%3A_A_Fairy_Story
http://example.org/1122289374	http://example.org/label	1122289374
http://dbpedia.org/resource/Harper_Lee	http://example.org/contains_relation	http://example.org/1926-04-28
http://example.org/won	http://example.org/nsubj	http://example.org/It
http://example.org/by	http://example.org/pobj	http://example.org/coming
http://example.org/the_Philosopher%27s_Stone	http://example.org/label	the Philosopher's Stone
http://dbpedia.org/resource/To_Kill_a_Mockingbird	http://example.org/contains_relation	http://example.org/for
http://dbpedia.org/resource/To_Kill_a_Mockingbird	http://example.org/contains_relation	http://example.org/Alabama
http://dbpedia.org/resource/Smaug	http://example.org/contains_relation	http://example.org/under
http://dbpedia.org/resource/Animal_Farm	http://example.org/contains_relation	http://example.org/plusfifty-n-z.html%23orwell
http://dbpedia.org/resource/The_Shire	http://example.org/contains_relation	http://example.org/the_White_Downs
http://dbpedia.org/resource/Pride	http://dbpedia.org/property/d	http://example.org/yes
http://dbpedia.org/resource/Gandalf	http://example.org/contains_relation	http://example.org/to
http://dbpedia.org/resource/Wizardry	http://example.org/contains_relation	http://example.org/the_Apple_II
http://example.org/Sam_Gamgee	http://example.org/label	Sam Gamgee
http://example.org/by	http://example.org/pobj	http://example.org/countryside
http://example.org/be	http://example.org/nsubj	http://example.org/source
http://dbpedia.org/resource/Harry_Potter	http://example.org/contains_relation	http://example.org/Witchcraft
http://dbpedia.org/resource/Augustus	http://dbpedia.org/property/title	http://example.org/Roman_consul_III%E2%80%93XI
http://example.org/Victorian	http://example.org/label	Victorian
http://example.org/accelerate	http://example.org/dobj	http://example.org/development
http://example.org/is	http://example.org/nsubj	http://example.org/Potter
http://example.org/of	http://example.org/pobj	http://example.org/treasure
http://dbpedia.org/resource/Stalinism	http://dbpedia.org/property/direction	http://example.org/vertical
http://dbpedia.org/resource/Gandalf	http://example.org/contains_relation	http://example.org/Catalogue
http://dbpedia.org/resource/Pride	http://example.org/contains_relation	http://example.org/called
http://example.org/put	http://example.org/nsubj	http://example.org/he
http://example.org/on	http://example.org/pobj	http://example.org/Plate
http://example.org/Hank	http://example.org/label	Hank
http://example.org/by	http://example.org/pobj	http://example.org/membership
http://example.org/spears	http://example.org/appos	http://example.org/shock
http://example.org/Rachel_Sternberg	http://example.org/label	Rachel Sternberg
http://example.org/Charlotte_Lucas_Collins	http://example.org/label	Charlotte Lucas Collins
http://dbpedia.org/resource/The_Chronicles_of_Narnia	http://example.org/contains_relation	http://example.org/stage
http://example.org/during	http://example.org/pobj	http://example.org/Gorbachev
http://dbpedia.org/resource/Wizardry	http://example.org/contains_relation	http://example.org/1121477499
http://example.org/took	http://example.org/dobj	http://example.org/name
http://dbpedia.org/resource/To_Kill_a_Mockingbird	http://example.org/contains_relation	http://example.org/winning
http://dbpedia.org/resource/Pride	http://example.org/contains_relation	http://example.org/characteristics
http://example.org/The_Chronicles_of_Narnia_%28The_Chronicles_of_Narnia%2C_%231-7%29	http://example.org/contains_relation	http://example.org/that
http://example.org/rebel	http://example.org/nsubj	http://example.org/who
http://example.org/of	http://example.org/pobj	http://example.org/Ud%C3%BBn
http://example.org/to	http://example.org/pobj	http://example.org/1930s
http://example.org/1926-04-28	http://example.org/label	1926-04-28
http://dbpedia.org/resource/Bilbo_Baggins	http://example.org/contains_relation	http://example.org/Rings
http://example.org/823.914	http://example.org/label	823.914
http://example.org/with	http://example.org/pobj	http://example.org/age
http://dbpedia.org/resource/The_Hunger_Games	http://example.org/contains_relation	http://example.org/Ballad
http://dbpedia.org/resource/Wizardry	http://example.org/contains_relation	http://example.org/170547
http://example.org/with	http://example.org/pobj	http://example.org/systems
http://example.org/bait	http://example.org/nsubj	http://example.org/ourselves
http://dbpedia.org/resource/Harper_Lee	http://example.org/contains_relation	http://example.org/character
http://dbpedia.org/resource/Character_class	http://example.org/contains_relation	http://example.org/are
http://example.org/Courtenay	http://example.org/appos	http://example.org/England
http://dbpedia.org/resource/Stalinism	http://example.org/contains_relation	http://example.org/Purge
http://dbpedia.org/resource/J._R._R._Tolkien	http://example.org/contains_relation	http://example.org/J._R._R._Tolkien
http://dbpedia.org/resource/Nazi_Germany	http://example.org/contains_relation	http://example.org/alluded
http://example.org/conducted	http://example.org/dobj	http://example.org/activities
http://dbpedia.org/resource/Frodo_Baggins	http://example.org/contains_relation	http://example.org/Male
http://dbpedia.org/resource/Jane_Austen	http://example.org/contains_relation	http://example.org/English
http://dbpedia.org/resource/The_Two_Towers	http://dbpedia.org/property/dewey	http://example.org/823.914
http://dbpedia.org/resource/Augustus	http://example.org/contains_relation	http://example.org/Claudia
http://example.org/1122895110	http://example.org/label	1122895110
http://dbpedia.org/resource/To_Kill_a_Mockingbird	http://example.org/contains_relation	http://example.org/Kill
http://example.org/George_III	http://example.org/label	George III
http://example.org/with	http://example.org/pobj	http://example.org/photographers
http://dbpedia.org/resource/John_Green	http://example.org/contains_relation	http://example.org/podcaster
http://example.org/76176	http://example.org/label	76176
http://dbpedia.org/resource/Gandalf	http://dbpedia.org/property/caption	http://example.org/Der_Berggeist_by_Josef_Madlener
http://example.org/are	http://example.org/attr	http://example.org/themes
http://example.org/Georgia	http://example.org/label	Georgia
http://example.org/raised	http://example.org/dobj	http://example.org/whip
http://example.org/correlate	http://example.org/nsubj	http://example.org/matter
http://example.org/included	http://example.org/nsubjpass	http://example.org/Greenland
http://dbpedia.org/resource/Hermione_Granger	http://example.org/contains_relation	http://example.org/Philosopher%27s_Stone
http://dbpedia.org/resource/Hermione_Granger	http://example.org/contains_relation	http://example.org/2016
http://example.org/stage	http://example.org/set_for	http://example.org/one
http://dbpedia.org/resource/Jane_Austen	http://example.org/contains_relation	http://example.org/yes
http://dbpedia.org/resource/Bilbo_Baggins	http://example.org/contains_relation	http://example.org/150
http://dbpedia.org/resource/Nazi_Germany	http://example.org/contains_relation	http://example.org/after
http://dbpedia.org/resource/Animal_Farm	http://example.org/contains_relation	http://example.org/PR6029.R8_A63_2003b
http://dbpedia.org/resource/Gandalf	http://dbpedia.org/property/source	http://example.org/The_Return_of_the_King
http://dbpedia.org/resource/Bilbo_Baggins	http://example.org/contains_relation	http://example.org/grows
http://example.org/she	http://example.org/picks	http://example.org/object
http://dbpedia.org/resource/North_America	http://example.org/contains_relation	http://example.org/Los_Angeles_with_Mount_Baldy.jpg
http://dbpedia.org/resource/Nazi_Germany	http://example.org/contains_relation	http://example.org/right
http://dbpedia.org/resource/The_Hobbit	http://example.org/contains_relation	http://example.org/stage
http://example.org/Elizabeth	http://example.org/label	Elizabeth
http://example.org/the_Academy_of_Motion_Picture_Arts_and_Sciences	http://example.org/label	the Academy of Motion Picture Arts and Sciences
http://example.org/The_Hunger_Games_%28The_Hunger_Games%2C_%231%29	http://example.org/contains_relation	http://example.org/Everdeen
http://dbpedia.org/resource/Harry_Potter	http://dbpedia.org/property/commonsSearch	http://example.org/Category%3AHarry_Potter
http://example.org/name	http://example.org/appos	http://example.org/Fr%C3%B3da
http://example.org/North_America_bedrock_and_terrain	http://example.org/label	North America bedrock and terrain
http://dbpedia.org/resource/Suzanne_Collins	http://www.w3.org/1999/02/22-rdf-syntax-ns#type	http://example.org/Entity
http://example.org/tobacco	http://example.org/conj	http://example.org/service
http://example.org/designer	http://example.org/appos	http://example.org/travels
http://example.org/on	http://example.org/pobj	http://example.org/way
http://example.org/defeated	http://example.org/dobj	http://example.org/Germany
http://dbpedia.org/resource/Stalinism	http://example.org/contains_relation	http://example.org/second
http://dbpedia.org/resource/Frodo_Baggins	http://example.org/contains_relation	http://example.org/Rings
http://example.org/made	http://example.org/dobj	http://example.org/accommodations
http://example.org/to	http://example.org/pobj	http://example.org/realism
http://example.org/Beasts	http://example.org/appos	http://example.org/Secrets
http://example.org/is	http://example.org/nsubj	http://example.org/Smaug
http://dbpedia.org/resource/Harry_Potter	http://example.org/contains_relation	http://example.org/Goblet_of_Fire
http://dbpedia.org/resource/Harper_Lee	http://example.org/contains_relation	http://example.org/the_mid_1950s
http://dbpedia.org/resource/Bilbo_Baggins	http://example.org/contains_relation	http://example.org/Edwardian
http://example.org/by	http://example.org/pobj	http://example.org/Wilberforce
http://example.org/by	http://example.org/pobj	http://example.org/Ocean
http://example.org/a_Sindar_Elf	http://example.org/label	a Sindar Elf
http://dbpedia.org/resource/Regency_era	http://example.org/contains_relation	http://example.org/In
http://dbpedia.org/resource/Suzanne_Collins	http://example.org/contains_relation	http://example.org/Author
http://dbpedia.org/resource/Regency_era	http://example.org/contains_relation	http://example.org/53880
http://example.org/reaches	http://example.org/dobj	http://example.org/stature
http://dbpedia.org/resource/Hogwarts	http://dbpedia.org/property/titleBgColor	http://example.org/Maroon
http://example.org/won	http://example.org/nsubj	http://example.org/He
http://dbpedia.org/resource/Academy_Awards	http://example.org/contains_relation	http://example.org/regarded
http://example.org/he	http://example.org/do	http://example.org/something
http://example.org/is	http://example.org/nsubj	http://example.org/Hobbit
http://example.org/Percy_Bysshe_Shelley	http://example.org/label	Percy Bysshe Shelley
http://dbpedia.org/resource/Markus_Zusak	http://example.org/contains_relation	http://example.org/University_of_New_South_Wales
http://example.org/recognises	http://example.org/dobj	http://example.org/aspects
http://example.org/Aristotle	http://example.org/label	Aristotle
http://dbpedia.org/resource/George_Orwell	http://example.org/contains_relation	http://example.org/of
http://example.org/is	http://example.org/attr	http://example.org/category
http://dbpedia.org/resource/Samwise_Gamgee	http://example.org/contains_relation	http://example.org/Rose_Cotton
http://dbpedia.org/resource/The_Hobbit	http://dbpedia.org/ontology/wikiPageID	http://example.org/30292
http://dbpedia.org/resource/Markus_Zusak	http://dbpedia.org/property/children	http://example.org/3
http://example.org/eaten	http://example.org/nsubj	http://example.org/I
http://dbpedia.org/resource/Elizabeth_Bennet	http://example.org/contains_relation	http://example.org/Jane_Bennet
http://dbpedia.org/resource/North_America	http://example.org/contains_relation	http://example.org/the_North_American_Tectonic_Plate
http://example.org/46200	http://example.org/label	46200
http://dbpedia.org/resource/Animal_Farm	http://example.org/contains_relation	http://example.org/ends
http://example.org/on	http://example.org/pobj	http://example.org/horizon
http://example.org/1816	http://example.org/label	1816
http://dbpedia.org/resource/Hermione_Granger	http://example.org/contains_relation	http://example.org/Rachel_Sternberg
http://dbpedia.org/resource/Jane_Austen	http://example.org/contains_relation	http://example.org/Winchester_Cathedral_view_1.jpg
http://dbpedia.org/resource/Smaug	http://dbpedia.org/property/name	http://example.org/Smaug
http://example.org/sold	http://example.org/dobj	http://example.org/copies
http://example.org/identified	http://example.org/dobj	http://example.org/parallels
http://dbpedia.org/resource/George_Orwell	http://dbpedia.org/property/signatureAlt	http://example.org/Eric_Blair
http://dbpedia.org/resource/Elizabeth_Bennet	http://example.org/contains_relation	http://example.org/Georgiana_Darcy
http://example.org/Bennet	http://example.org/ROOT	http://example.org/Bennet
http://example.org/Luchtfoto_van_Lower_Manhattan.jpg	http://example.org/label	Luchtfoto van Lower Manhattan.jpg
http://example.org/The_Hollywood_Reporter	http://example.org/label	The Hollywood Reporter
http://dbpedia.org/resource/Pride	http://example.org/contains_relation	http://example.org/Category%3APride
http://example.org/109518183	http://example.org/label	109518183
http://dbpedia.org/resource/The_Two_Towers	http://purl.org/dc/elements/1.1/publisher	http://example.org/George_Allen_%26_Unwin
http://example.org/of	http://example.org/pobj	http://example.org/conflict
http://example.org/Character_class	http://example.org/label	Character class
http://dbpedia.org/resource/Bilbo_Baggins	http://example.org/contains_relation	http://example.org/Bag_End%2C_The_Shire
http://dbpedia.org/resource/Pauline_Baynes	http://example.org/contains_relation	http://example.org/Chronicles_of_Narnia
http://dbpedia.org/resource/John_Green	http://xmlns.com/foaf/0.1/name	http://example.org/John_Green
http://example.org/Legolas	http://example.org/label	Legolas
http://dbpedia.org/resource/Samwise_Gamgee	http://example.org/contains_relation	http://example.org/paid
http://dbpedia.org/resource/Smaug	http://example.org/contains_relation	http://example.org/with
http://dbpedia.org/resource/Academy_Awards	http://dbpedia.org/property/afterElection	http://example.org/CODA
http://dbpedia.org/resource/Nazi_Germany	http://dbpedia.org/property/yearLeader	http://example.org/1934
http://dbpedia.org/resource/Jane_Austen	http://example.org/contains_relation	http://example.org/Watercolour-and-pencil_portrait_of_Jane_Austen
http://dbpedia.org/resource/Stalinism	http://example.org/contains_relation	http://example.org/right
http://example.org/magic	http://example.org/meets	http://example.org/reality
http://dbpedia.org/resource/George_Orwell	http://example.org/contains_relation	http://example.org/criticism
http://example.org/Porta	http://example.org/label	Porta
http://example.org/blamed	http://example.org/nsubj	http://example.org/historians
http://example.org/52.51666641235352	http://example.org/label	52.51666641235352
http://dbpedia.org/resource/The_Chronicles_of_Narnia	http://dbpedia.org/property/genre	http://example.org/Children%27s_literature
http://dbpedia.org/resource/Academy_Awards	http://dbpedia.org/property/country	http://example.org/United_States
http://example.org/needed	http://example.org/nsubj	http://example.org/society
http://example.org/as	http://example.org/pobj	http://example.org/love
http://dbpedia.org/resource/Markus_Zusak	http://example.org/contains_relation	http://example.org/University
http://dbpedia.org/resource/To_Kill_a_Mockingbird	http://example.org/contains_relation	http://example.org/Tom_Robinson
http://example.org/under	http://example.org/pobj	http://example.org/supervision
http://example.org/state	http://example.org/appos	http://example.org/Year
http://dbpedia.org/resource/Smaug	http://example.org/contains_relation	http://example.org/kill
http://dbpedia.org/resource/Markus_Zusak	http://example.org/contains_relation	http://example.org/German
http://dbpedia.org/resource/Gondor	http://dbpedia.org/property/blankLabel	http://example.org/Location
http://example.org/with	http://example.org/pobj	http://example.org/events
http://dbpedia.org/resource/The_Shire	http://example.org/contains_relation	http://example.org/on
http://example.org/Samwise_Gamgee	http://example.org/label	Samwise Gamgee
http://dbpedia.org/resource/Smaug	http://example.org/contains_relation	http://example.org/he
http://dbpedia.org/resource/Markus_Zusak	http://example.org/contains_relation	http://example.org/Markus_Frank_Zusak
http://example.org/is	http://example.org/nsubj	http://example.org/King
http://example.org/800%E2%80%931806	http://example.org/label	800–1806
http://example.org/to	http://example.org/pobj	http://example.org/that
http://dbpedia.org/resource/The_Hunger_Games	http://example.org/contains_relation	http://example.org/announced
http://dbpedia.org/resource/George_Orwell	http://www.w3.org/1999/02/22-rdf-syntax-ns#type	http://example.org/Entity
http://dbpedia.org/resource/Bilbo_Baggins	http://example.org/contains_relation	http://example.org/illustration
http://example.org/crust	http://example.org/appos	http://example.org/fabric
http://example.org/In	http://example.org/pobj	http://example.org/foreground
http://dbpedia.org/resource/Hermione_Granger	http://example.org/contains_relation	http://example.org/Harper_Marshall
http://example.org/is	http://example.org/nsubj	http://example.org/Elizabeth
http://dbpedia.org/resource/Samwise_Gamgee	http://example.org/contains_relation	http://example.org/Frodo_Baggins
http://dbpedia.org/resource/Stalinism	http://example.org/contains_relation	http://example.org/intensification
http://example.org/is	http://example.org/attr	http://example.org/kingdom
http://dbpedia.org/resource/Gandalf	http://example.org/contains_relation	http://example.org/sent
http://dbpedia.org/resource/Bilbo_Baggins	http://example.org/contains_relation	http://example.org/Hobbit
http://dbpedia.org/resource/The_Chronicles_of_Narnia	http://example.org/contains_relation	http://example.org/from
http://example.org/pride	http://example.org/appos	http://example.org/greatness
http://example.org/face	http://example.org/nsubj	http://example.org/officials
http://example.org/executions	http://example.org/conj	http://example.org/imprisonment
http://example.org/empty	http://example.org/nsubj	http://example.org/he
http://dbpedia.org/resource/Samwise_Gamgee	http://example.org/contains_relation	http://example.org/elected
http://dbpedia.org/resource/To_Kill_a_Mockingbird	http://example.org/contains_relation	http://example.org/done
http://example.org/Tolkien	http://example.org/label	Tolkien
http://dbpedia.org/resource/Gondor	http://example.org/contains_relation	http://example.org/Peter_Jackson%27s
http://dbpedia.org/resource/The_Hunger_Games	http://example.org/contains_relation	http://example.org/fourth
http://dbpedia.org/resource/Frodo_Baggins	http://example.org/contains_relation	http://example.org/cousin
http://dbpedia.org/resource/Harry_Potter	http://example.org/contains_relation	http://example.org/Harry_Potter_tourism
http://dbpedia.org/resource/Samwise_Gamgee	http://example.org/contains_relation	http://example.org/for
http://dbpedia.org/resource/Gondor	http://dbpedia.org/property/blankLabel	http://example.org/Lifespan
http://example.org/games	http://example.org/appos	http://example.org/RPGs
http://dbpedia.org/resource/George_Orwell	http://example.org/contains_relation	http://example.org/Courtenay
http://dbpedia.org/resource/Bilbo_Baggins	http://example.org/contains_relation	http://example.org/like
http://example.org/of	http://example.org/pobj	http://example.org/grace
http://dbpedia.org/resource/Jane_Austen	http://dbpedia.org/property/restingPlace	http://example.org/Winchester_Cathedral%2C_Hampshire
http://dbpedia.org/resource/The_Hobbit	http://example.org/contains_relation	http://example.org/games
http://example.org/is	http://example.org/nsubj	http://example.org/Alabama
http://dbpedia.org/resource/Gondor	http://example.org/contains_relation	http://example.org/Capital
http://dbpedia.org/resource/Smaug	http://example.org/contains_relation	http://example.org/Gandalf
http://example.org/of	http://example.org/pobj	http://example.org/life
http://dbpedia.org/resource/Nazi_Germany	http://example.org/contains_relation	http://example.org/1943_to_1945
http://example.org/of	http://example.org/pobj	http://example.org/Erebor
http://dbpedia.org/resource/Gondor	http://dbpedia.org/property/caption	http://example.org/Nimloth_the_fair
http://dbpedia.org/resource/Frodo_Baggins	http://example.org/contains_relation	http://example.org/1122063268
http://example.org/Fellowship	http://example.org/ROOT	http://example.org/Fellowship
http://example.org/Scribonia	http://example.org/label	Scribonia
http://example.org/elected	http://example.org/nsubjpass	http://example.org/He
http://example.org/Ud%C3%BBn	http://example.org/label	Udûn
http://example.org/employ	http://example.org/dobj	http://example.org/classes
http://example.org/John_Green	http://example.org/label	John Green
http://dbpedia.org/resource/The_Hunger_Games	http://example.org/contains_relation	http://example.org/US
http://dbpedia.org/resource/Frodo_Baggins	http://example.org/contains_relation	http://example.org/mentioned
http://example.org/led	http://example.org/nsubj	http://example.org/themes
http://dbpedia.org/resource/The_Hunger_Games	http://example.org/contains_relation	http://example.org/The_Hunger_Games
http://dbpedia.org/resource/Harper_Lee	http://example.org/contains_relation	http://example.org/by
http://dbpedia.org/resource/George_Orwell	http://example.org/contains_relation	http://example.org/home
http://example.org/in	http://example.org/pobj	http://example.org/stories
http://dbpedia.org/resource/Stalinism	http://example.org/contains_relation	http://example.org/caused
http://example.org/Catherine_%22Kitty%22_Bennet	http://example.org/label	Catherine "Kitty" Bennet
http://dbpedia.org/resource/Stalinism	http://example.org/contains_relation	http://example.org/346_Berias
http://dbpedia.org/resource/Alabama	http://example.org/contains_relation	http://example.org/miles
http://example.org/bourgeoisie	http://example.org/conj	http://example.org/peasants
http://example.org/of	http://example.org/pobj	http://example.org/fantasy
http://dbpedia.org/resource/Nazi_Germany	http://dbpedia.org/property/align	http://example.org/left
http://dbpedia.org/resource/The_Hobbit	http://example.org/contains_relation	http://example.org/stumbled
http://dbpedia.org/resource/Augustus	http://example.org/contains_relation	http://example.org/initiated
http://example.org/she	http://example.org/stealing	http://example.org/books
http://dbpedia.org/resource/Regency_era	http://example.org/contains_relation	http://example.org/George_IV.
http://dbpedia.org/resource/Nazi_Germany	http://example.org/contains_relation	http://example.org/Under
http://example.org/BC	http://example.org/label	BC
http://dbpedia.org/resource/Pride	http://example.org/contains_relation	http://example.org/used
http://example.org/31436	http://example.org/label	31436
http://example.org/state	http://example.org/conj	http://example.org/industrialization
http://dbpedia.org/resource/The_Hobbit	http://example.org/contains_relation	http://example.org/from
http://example.org/people	http://example.org/conj	http://example.org/families
http://dbpedia.org/resource/North_America	http://dbpedia.org/property/caption	http://example.org/North_America_bedrock_and_terrain
http://example.org/selected	http://example.org/nsubjpass	http://example.org/Hobbit
http://dbpedia.org/resource/The_Hunger_Games	http://dbpedia.org/property/numberOfBooks	http://example.org/3
http://dbpedia.org/resource/Augustus	http://example.org/contains_relation	http://example.org/one
http://example.org/paid	http://example.org/nsubj	http://example.org/he
http://example.org/ported	http://example.org/nsubjpass	http://example.org/games
http://dbpedia.org/resource/The_Hunger_Games	http://example.org/contains_relation	http://example.org/the_Harry_Potter
http://example.org/from	http://example.org/pobj	http://example.org/nostrils
http://dbpedia.org/resource/Alabama	http://example.org/contains_relation	http://example.org/the_State_of_Alabama.svg
http://dbpedia.org/resource/Stalinism	http://example.org/contains_relation	http://example.org/the_Soviet_Union
http://dbpedia.org/resource/John_Green	http://dbpedia.org/property/notableworks	http://example.org/Crash_Course
http://dbpedia.org/resource/Elizabeth_Bennet	http://dbpedia.org/property/gender	http://example.org/Female
http://dbpedia.org/resource/Pride	http://example.org/contains_relation	http://example.org/Judaism
http://example.org/with	http://example.org/pobj	http://example.org/capture
http://dbpedia.org/resource/Pride	http://example.org/contains_relation	http://example.org/St._Augustine
http://dbpedia.org/resource/Nazi_Germany	http://xmlns.com/foaf/0.1/name	http://example.org/German_Reich
http://example.org/in	http://example.org/pobj	http://example.org/Battle
http://example.org/few	http://example.org/appos	http://example.org/those
http://example.org/George_IV.	http://example.org/label	George IV.
http://dbpedia.org/resource/The_Hunger_Games	http://example.org/contains_relation	http://example.org/selected
http://dbpedia.org/resource/Twilight	http://example.org/contains_relation	http://example.org/as
http://dbpedia.org/resource/The_Hunger_Games	http://example.org/contains_relation	http://example.org/establishing
http://example.org/create	http://example.org/dobj	http://example.org/society
http://dbpedia.org/resource/Smaug	http://dbpedia.org/property/author	http://example.org/%E2%80%94J.R.R._Tolkien
http://dbpedia.org/resource/The_Shire	http://example.org/contains_relation	http://example.org/The_Hobbit
http://dbpedia.org/resource/Jane_Austen	http://example.org/contains_relation	http://example.org/no
http://dbpedia.org/resource/Harry_Potter	http://example.org/contains_relation	http://example.org/Wizardry
http://dbpedia.org/resource/Smaug	http://example.org/contains_relation	http://example.org/
http://example.org/State_of_Alabama	http://example.org/label	State of Alabama
http://dbpedia.org/resource/Frodo_Baggins	http://example.org/contains_relation	http://example.org/seems
http://dbpedia.org/resource/Hermione_Granger	http://example.org/contains_relation	http://example.org/2001
http://dbpedia.org/resource/Pauline_Baynes	http://example.org/contains_relation	http://example.org/September_1922
http://dbpedia.org/resource/North_America	http://dbpedia.org/property/image	http://example.org/Mexico_City_Reforma_skyline_.jpg
http://dbpedia.org/resource/George_Orwell	http://dbpedia.org/property/commons	http://example.org/Category%3AGeorge_Orwell
http://dbpedia.org/resource/Augustus	http://dbpedia.org/property/alt	http://example.org/Statue_of_Augustus
http://example.org/for	http://example.org/pobj	http://example.org/II
http://dbpedia.org/resource/Bilbo_Baggins	http://example.org/contains_relation	http://example.org/novel
http://dbpedia.org/resource/Elizabeth_Bennet	http://example.org/contains_relation	http://example.org/wishes
http://example.org/Bibhu_Mohapatra	http://example.org/label	Bibhu Mohapatra
http://example.org/was	http://example.org/nsubj	http://example.org/He
http://example.org/Catching_Fire	http://example.org/label	Catching Fire
http://example.org/Vlogbrothers	http://example.org/ROOT	http://example.org/Vlogbrothers
http://example.org/Lizzy	http://example.org/label	Lizzy
http://dbpedia.org/resource/The_Chronicles_of_Narnia	http://example.org/contains_relation	http://example.org/Lion
http://example.org/life	http://example.org/changed_By	http://example.org/graveside
http://example.org/won	http://example.org/dobj	http://example.org/Prize
http://dbpedia.org/resource/Stalinism	http://example.org/contains_relation	http://example.org/materials
http://dbpedia.org/resource/Stalinism	http://example.org/contains_relation	http://example.org/face
http://example.org/at	http://example.org/pobj	http://example.org/root
http://dbpedia.org/resource/Bilbo_Baggins	http://example.org/contains_relation	http://example.org/features
http://example.org/that	http://example.org/records_to	http://example.org/totalitarianism
http://example.org/2020	http://example.org/label	2020
http://dbpedia.org/resource/Nazi_Germany	http://example.org/contains_relation	http://example.org/Empire
http://example.org/Prince_Caspian	http://example.org/label	Prince Caspian
http://dbpedia.org/resource/Stalinism	http://example.org/contains_relation	http://example.org/the_late_1920s
http://dbpedia.org/resource/The_Chronicles_of_Narnia	http://example.org/contains_relation	http://example.org/July_2021
http://example.org/Joseph_Stalin	http://example.org/label	Joseph Stalin
http://dbpedia.org/resource/Stalinism	http://example.org/contains_relation	http://example.org/Middle%3A_Stalin%27s_handwriting%3A_%22%D0%B7%D0%B0%22
http://dbpedia.org/resource/Alabama	http://example.org/contains_relation	http://example.org/entire_state
http://dbpedia.org/resource/Nazi_Germany	http://example.org/contains_relation	http://example.org/Hitler
http://example.org/Walter_Scott	http://example.org/label	Walter Scott
http://example.org/Bywater	http://example.org/label	Bywater
http://dbpedia.org/resource/J._R._R._Tolkien	http://www.w3.org/2000/01/rdf-schema#label	http://example.org/J._R._R._Tolkien
http://example.org/summer	http://example.org/is	http://example.org/worse
http://example.org/upon	http://example.org/pobj	http://example.org/gentry
http://example.org/Journeys	http://example.org/ask_in	http://example.org/book
http://example.org/Steventon_Rectory%2C_Hampshire%2C_England	http://example.org/label	Steventon Rectory, Hampshire, England
http://example.org/1813	http://example.org/label	1813
http://example.org/known	http://example.org/nsubjpass	http://example.org/pride
http://dbpedia.org/resource/Gandalf	http://example.org/contains_relation	http://example.org/Dvergatal
http://dbpedia.org/resource/Twilight	http://example.org/contains_relation	http://example.org/against
http://dbpedia.org/resource/Suzanne_Collins	http://dbpedia.org/property/notableworks	http://example.org/The_Underland_Chronicles
http://dbpedia.org/resource/The_Hunger_Games	http://example.org/contains_relation	http://example.org/31186643
http://dbpedia.org/resource/Harry_Potter	http://dbpedia.org/property/books	http://example.org/Deathly_Hallows
http://dbpedia.org/resource/Bilbo_Baggins	http://example.org/contains_relation	http://example.org/Dwarves
http://dbpedia.org/resource/Bilbo_Baggins	http://example.org/contains_relation	http://example.org/tobacco
http://dbpedia.org/resource/Stalinism	http://example.org/contains_relation	http://example.org/converted
http://example.org/signature	http://example.org/ROOT	http://example.org/signature
http://dbpedia.org/resource/Legolas	http://example.org/contains_relation	http://example.org/One
http://dbpedia.org/resource/To_Kill_a_Mockingbird	http://example.org/contains_relation	http://example.org/One
http://example.org/by	http://example.org/pobj	http://example.org/Return
http://example.org/The_Return_of_the_King	http://example.org/label	The Return of the King
http://example.org/Rose_Cotton	http://example.org/label	Rose Cotton
http://dbpedia.org/resource/Nazi_Germany	http://example.org/contains_relation	http://example.org/into
http://example.org/of	http://example.org/pobj	http://example.org/action
http://example.org/topped	http://example.org/nsubj	http://example.org/Mockingjay
http://dbpedia.org/resource/Regency_era	http://example.org/contains_relation	http://example.org/artists
http://example.org/becomes	http://example.org/attr	http://example.org/twilight
http://example.org/Politburo	http://example.org/label	Politburo
http://dbpedia.org/resource/Wizardry	http://dbpedia.org/property/publisher	http://example.org/Sir-Tech
http://dbpedia.org/resource/The_Chronicles_of_Narnia	http://example.org/contains_relation	http://example.org/Narnian
http://example.org/45100	http://example.org/label	45100
http://example.org/of	http://example.org/pobj	http://example.org/some
http://example.org/1123548870	http://example.org/label	1123548870
http://dbpedia.org/resource/To_Kill_a_Mockingbird	http://example.org/contains_relation	http://example.org/have
http://example.org/58101	http://example.org/label	58101
http://example.org/of	http://example.org/pobj	http://example.org/beauty
http://dbpedia.org/resource/The_Shire	http://example.org/contains_relation	http://example.org/Saruman
http://dbpedia.org/resource/Frodo_Baggins	http://dbpedia.org/property/gender	http://example.org/Male
http://example.org/is	http://example.org/attr	http://example.org/series
http://example.org/2007	http://example.org/label	2007
http://example.org/Stalinism	http://example.org/label	Stalinism
http://example.org/brother	http://example.org/appos	http://example.org/IV
http://dbpedia.org/resource/Nazi_Germany	http://dbpedia.org/ontology/wikiPageRevisionID	http://example.org/1124907212
http://example.org/through	http://example.org/pobj	http://example.org/quest
http://dbpedia.org/resource/J._R._R._Tolkien	http://example.org/contains_relation	http://example.org/signature
http://dbpedia.org/resource/Hogwarts	http://dbpedia.org/property/type	http://example.org/Selective_school
http://example.org/of	http://example.org/pobj	http://example.org/soul
http://dbpedia.org/resource/Academy_Awards	http://dbpedia.org/property/2data	http://example.org/
http://dbpedia.org/resource/The_Shire	http://example.org/contains_relation	http://example.org/climate
http://example.org/say	http://example.org/nsubj	http://example.org/you
http://example.org/of	http://example.org/pobj	http://example.org/inspiration
http://example.org/introduce	http://example.org/dobj	http://example.org/creature
http://example.org/Hogwarts_School_of_Witchcraft	http://example.org/label	Hogwarts School of Witchcraft
http://dbpedia.org/resource/Regency_era	http://example.org/contains_relation	http://example.org/succumbed
http://dbpedia.org/resource/Twilight	http://example.org/contains_relation	http://example.org/been
http://dbpedia.org/resource/J._R._R._Tolkien	http://dbpedia.org/property/genre	http://example.org/translation
http://dbpedia.org/resource/Bilbo_Baggins	http://example.org/contains_relation	http://example.org/liked
http://dbpedia.org/resource/Hogwarts	http://example.org/contains_relation	http://example.org/Beasts
http://dbpedia.org/resource/Jane_Austen	http://example.org/contains_relation	http://example.org/Winchester%2C_Hampshire%2C_England
http://example.org/save	http://example.org/dobj	http://example.org/her
http://dbpedia.org/resource/Frodo_Baggins	http://example.org/contains_relation	http://example.org/33468
http://example.org/make	http://example.org/nsubj	http://example.org/We
http://example.org/as	http://example.org/pobj	http://example.org/setting
http://example.org/59584	http://example.org/label	59584
http://example.org/1945	http://example.org/label	1945
http://dbpedia.org/resource/Nazi_Germany	http://example.org/contains_relation	http://example.org/cars
http://dbpedia.org/resource/Augustus	http://example.org/contains_relation	http://example.org/Octavian
http://dbpedia.org/resource/Pride	http://example.org/contains_relation	http://example.org/consider
http://dbpedia.org/resource/Elizabeth_Bennet	http://example.org/contains_relation	http://example.org/Lady_Catherine_de_Bourgh
http://dbpedia.org/resource/The_Shire	http://example.org/contains_relation	http://example.org/Michel_Delving
http://dbpedia.org/resource/Regency_era	http://example.org/contains_relation	http://example.org/1816
http://example.org/was	http://example.org/nsubj	http://example.org/Baynes
http://example.org/1933	http://example.org/label	1933
http://dbpedia.org/resource/Young_adult_fiction	http://example.org/contains_relation	http://example.org/fiction
http://dbpedia.org/resource/Legolas	http://example.org/contains_relation	http://example.org/Greenleaf
http://dbpedia.org/resource/John_Green	http://example.org/contains_relation	http://example.org/Vlogbrothers
http://dbpedia.org/resource/Academy_Awards	http://example.org/contains_relation	http://example.org/depicting
http://example.org/twenty	http://example.org/label	twenty
http://example.org/from	http://example.org/pobj	http://example.org/world
http://example.org/like	http://example.org/pobj	http://example.org/shields
http://dbpedia.org/resource/Harry_Potter	http://example.org/contains_relation	http://example.org/British
http://example.org/Eric_Arthur_Blair	http://example.org/label	Eric Arthur Blair
http://dbpedia.org/resource/Nazi_Germany	http://example.org/contains_relation	http://example.org/Nazis
http://dbpedia.org/resource/John_Green	http://example.org/contains_relation	http://example.org/Hank_Green
http://example.org/Chronicles_of_Narnia	http://example.org/label	Chronicles of Narnia
http://dbpedia.org/resource/Nazi_Germany	http://example.org/contains_relation	http://example.org/on
http://dbpedia.org/resource/Nazi_Germany	http://example.org/contains_relation	http://example.org/Nazi_Germany
http://example.org/destroy	http://example.org/nsubj	http://example.org/it
http://example.org/Flag_of_Alabama.svg	http://example.org/label	Flag of Alabama.svg
http://example.org/of	http://example.org/pobj	http://example.org/whom
http://example.org/of	http://example.org/pobj	http://example.org/District
http://example.org/blamed	http://example.org/dobj	http://example.org/policies
http://example.org/Most_recent_Academy_Award_winners	http://example.org/label	Most recent Academy Award winners
http://dbpedia.org/resource/Bilbo_Baggins	http://example.org/contains_relation	http://example.org/interpreted
http://dbpedia.org/resource/Harper_Lee	http://example.org/contains_relation	http://example.org/July_2015
http://dbpedia.org/resource/Hogwarts	http://dbpedia.org/ontology/wikiPageLength	http://example.org/57074
http://dbpedia.org/resource/John_Green	http://example.org/contains_relation	http://example.org/2020
http://dbpedia.org/resource/Frodo_Baggins	http://dbpedia.org/property/aliases	http://example.org/Mr._Underhill
http://example.org/into	http://example.org/pobj	http://example.org/which
http://example.org/Two	http://example.org/label	Two
http://example.org/Nomadland	http://example.org/label	Nomadland
http://dbpedia.org/resource/Alabama	http://example.org/contains_relation	http://example.org/2%2C400_km
http://example.org/Ron_Weasley	http://example.org/label	Ron Weasley
http://example.org/By	http://example.org/pobj	http://example.org/analogy
http://example.org/British	http://example.org/label	British
http://dbpedia.org/resource/To_Kill_a_Mockingbird	http://example.org/contains_relation	http://example.org/the_United_States
http://example.org/friendship	http://example.org/conj	http://example.org/love
http://dbpedia.org/resource/Stalinism	http://example.org/contains_relation	http://example.org/people
http://dbpedia.org/resource/Pride	http://example.org/contains_relation	http://example.org/reflection
http://example.org/neighbors	http://example.org/conj	http://example.org/event
http://example.org/Laws	http://example.org/appos	http://example.org/Act
http://dbpedia.org/resource/North_America	http://example.org/contains_relation	http://example.org/by
http://dbpedia.org/resource/Augustus	http://example.org/contains_relation	http://example.org/Scribonia
http://example.org/36870	http://example.org/label	36870
http://example.org/Pride_and_Prejudice	http://example.org/contains_relation	http://example.org/clash
http://example.org/represented	http://example.org/nsubjpass	http://example.org/Shire
http://example.org/ending	http://example.org/dobj	http://example.org/II
http://dbpedia.org/resource/Stalinism	http://example.org/contains_relation	http://example.org/Left
http://example.org/Eriador	http://example.org/label	Eriador
http://dbpedia.org/resource/The_Hobbit	http://example.org/contains_relation	http://example.org/including
http://example.org/Coriolanus_Snow	http://example.org/label	Coriolanus Snow
http://example.org/of	http://example.org/pobj	http://example.org/people
http://example.org/liked	http://example.org/dobj	http://example.org/comforts
http://example.org/to	http://example.org/pobj	http://example.org/abilities
http://example.org/governing	http://example.org/conj	http://example.org/policies
http://dbpedia.org/resource/Twilight	http://www.w3.org/1999/02/22-rdf-syntax-ns#type	http://example.org/Entity
http://dbpedia.org/resource/Harry_Potter	http://example.org/contains_relation	http://example.org/is
http://dbpedia.org/resource/North_America	http://example.org/contains_relation	http://example.org/horizontal
http://example.org/save	http://example.org/nsubj	http://example.org/Harry
http://example.org/Markus_Frank_Zusak	http://example.org/label	Markus Frank Zusak
http://dbpedia.org/resource/Markus_Zusak	http://example.org/contains_relation	http://example.org/Bachelors
http://dbpedia.org/resource/The_Chronicles_of_Narnia	http://example.org/contains_relation	http://example.org/seven
http://dbpedia.org/resource/Stalinism	http://example.org/contains_relation	http://example.org/brand
http://dbpedia.org/resource/Elizabeth_Bennet	http://example.org/contains_relation	http://example.org/Elizabeth
http://dbpedia.org/resource/Smaug	http://example.org/contains_relation	http://example.org/right
http://example.org/of	http://example.org/pobj	http://example.org/characters
http://example.org/of	http://example.org/pobj	http://example.org/Narnia
http://example.org/The_Scouring_of_the_Shire	http://example.org/label	The Scouring of the Shire
http://dbpedia.org/resource/Alabama	http://dbpedia.org/property/colors	http://example.org/Red%2C_white
http://dbpedia.org/resource/Gondor	http://example.org/contains_relation	http://example.org/the_end_of_the_Third_Age
http://example.org/Smaug	http://example.org/appos	http://example.org/Impenetrable
http://dbpedia.org/resource/Young_adult_fiction	http://www.w3.org/1999/02/22-rdf-syntax-ns#type	http://example.org/Entity
http://example.org/Alabama_Territory	http://example.org/label	Alabama Territory
http://example.org/In	http://example.org/pobj	http://example.org/Blood
http://dbpedia.org/resource/J._R._R._Tolkien	http://dbpedia.org/property/b	http://example.org/no
http://dbpedia.org/resource/Frodo_Baggins	http://example.org/contains_relation	http://example.org/during
http://dbpedia.org/resource/The_Chronicles_of_Narnia	http://dbpedia.org/property/genre	http://example.org/High_fantasy
http://example.org/of	http://example.org/pobj	http://example.org/trilogy
http://example.org/2009	http://example.org/label	2009
http://example.org/appointed	http://example.org/oprd	http://example.org/Regent
http://example.org/1997	http://example.org/label	1997
http://example.org/Truman	http://example.org/label	Truman
http://example.org/of	http://example.org/pobj	http://example.org/era
http://dbpedia.org/resource/Frodo_Baggins	http://example.org/contains_relation	http://example.org/Ring
http://example.org/split	http://example.org/nsubj	http://example.org/adaptation
http://example.org/by	http://example.org/pobj	http://example.org/Tennessee
http://dbpedia.org/resource/The_Chronicles_of_Narnia	http://example.org/contains_relation	http://example.org/The_Chronicles_of_Narnia
http://example.org/plusfifty-n-z.html%23orwell	http://example.org/label	plusfifty-n-z.html#orwell
http://example.org/of	http://example.org/pobj	http://example.org/Stalinization
http://dbpedia.org/resource/Hogwarts	http://dbpedia.org/property/title	http://example.org/%28Hogwarts_Express%29
http://dbpedia.org/resource/Regency_era	http://example.org/contains_relation	http://example.org/Percy_Bysshe_Shelley
http://dbpedia.org/resource/Gandalf	http://dbpedia.org/property/source	http://example.org/The_Fellowship_of_the_Ring
http://dbpedia.org/resource/Suzanne_Collins	http://example.org/contains_relation	http://example.org/
http://dbpedia.org/resource/Elizabeth_Bennet	http://example.org/contains_relation	http://example.org/for
http://dbpedia.org/resource/Jane_Austen	http://example.org/contains_relation	http://example.org/Portrait%2C
http://dbpedia.org/resource/Academy_Awards	http://example.org/contains_relation	http://example.org/SDCC
http://dbpedia.org/resource/The_Hobbit	http://example.org/contains_relation	http://example.org/published
http://dbpedia.org/resource/Harper_Lee	http://example.org/contains_relation	http://example.org/occurred
http://example.org/Jane_Bennet	http://example.org/label	Jane Bennet
http://example.org/are	http://example.org/nsubj	http://example.org/sons
http://example.org/352	http://example.org/label	352
http://example.org/trusts	http://example.org/nsubj	http://example.org/she
http://example.org/are	http://example.org/attr	http://example.org/adults
http://example.org/in	http://example.org/pobj	http://example.org/Lord
http://dbpedia.org/resource/The_Chronicles_of_Narnia	http://example.org/contains_relation	http://example.org/Aslan
http://dbpedia.org/resource/Gondor	http://example.org/contains_relation	http://example.org/The_South-kingdom
http://dbpedia.org/resource/Pauline_Baynes	http://dbpedia.org/property/works	http://example.org/The_Chronicles_of_Narnia
http://dbpedia.org/resource/Regency_era	http://example.org/contains_relation	http://example.org/Regency
http://dbpedia.org/resource/North_America	http://example.org/contains_relation	http://example.org/west
http://example.org/23_June_1975	http://example.org/label	23 June 1975
http://example.org/J._K._Rowling	http://example.org/label	J. K. Rowling
http://dbpedia.org/resource/Nazi_Germany	http://xmlns.com/foaf/0.1/name	http://example.org/Greater_German_Reich
http://example.org/as	http://example.org/pobj	http://example.org/Oscars
http://dbpedia.org/resource/Hermione_Granger	http://dbpedia.org/property/name	http://example.org/Hermione_Granger
http://example.org/Augustus	http://example.org/appos	http://example.org/century
http://example.org/Richard_Taylor	http://example.org/label	Richard Taylor
http://example.org/1122063268	http://example.org/label	1122063268
http://dbpedia.org/resource/John_Green	http://example.org/contains_relation	http://example.org/including
http://dbpedia.org/resource/Nazi_Germany	http://dbpedia.org/property/symbolType	http://example.org/
http://dbpedia.org/resource/Young_adult_fiction	http://example.org/contains_relation	http://example.org/soften
http://dbpedia.org/resource/Alabama	http://example.org/contains_relation	http://example.org/Ala.
http://example.org/Pride_and_Prejudice	http://example.org/contains_relation	http://example.org/Pride
http://example.org/that	http://example.org/records	http://example.org/evolution
http://dbpedia.org/resource/Regency_era	http://example.org/contains_relation	http://example.org/Nash
http://dbpedia.org/resource/Animal_Farm	http://example.org/contains_relation	http://example.org/category%3AAnimal_Farm
http://dbpedia.org/resource/Harper_Lee	http://example.org/contains_relation	http://example.org/In_Cold_Blood
http://dbpedia.org/resource/Samwise_Gamgee	http://example.org/contains_relation	http://example.org/bark
http://dbpedia.org/resource/Markus_Zusak	http://example.org/contains_relation	http://example.org/Australian
http://example.org/by	http://example.org/pobj	http://example.org/dragon
http://dbpedia.org/resource/Smaug	http://example.org/contains_relation	http://example.org/spears
http://dbpedia.org/resource/Gandalf	http://example.org/contains_relation	http://example.org/in
http://dbpedia.org/resource/Character_class	http://example.org/contains_relation	http://example.org/detail
http://dbpedia.org/resource/The_Chronicles_of_Narnia	http://example.org/contains_relation	http://example.org/between_1950_and_1956
http://dbpedia.org/resource/John_Green	http://example.org/contains_relation	http://example.org/Turtles_All_The_Way_Down
http://dbpedia.org/resource/The_Shire	http://example.org/contains_relation	http://example.org/Location_The_Shire_3019_TA.svg
http://example.org/based	http://example.org/dobj	http://example.org/Bilbo
http://example.org/line	http://example.org/dobj	http://example.org/roadway
http://dbpedia.org/resource/Regency_era	http://example.org/contains_relation	http://example.org/spanned
http://dbpedia.org/resource/Regency_era	http://example.org/contains_relation	http://example.org/British
http://dbpedia.org/resource/Young_adult_fiction	http://dbpedia.org/property/date	http://example.org/2020-11-06
http://dbpedia.org/resource/The_Chronicles_of_Narnia	http://example.org/contains_relation	http://example.org/to
http://dbpedia.org/resource/Augustus	http://example.org/contains_relation	http://example.org/more_than_two_centuries
http://dbpedia.org/resource/To_Kill_a_Mockingbird	http://example.org/contains_relation	http://example.org/plot
http://dbpedia.org/resource/Harry_Potter	http://dbpedia.org/property/books	http://example.org/Philosopher%27s_Stone
http://example.org/Realm	http://example.org/conj	http://example.org/Empire
http://example.org/Kill	http://example.org/dobj	http://example.org/Mockingbird
http://dbpedia.org/resource/Frodo_Baggins	http://example.org/contains_relation	http://example.org/Mr._Underhill
http://dbpedia.org/resource/Augustus	http://example.org/contains_relation	http://example.org/1st_century
http://example.org/of	http://example.org/pobj	http://example.org/periodisation
http://dbpedia.org/resource/Young_adult_fiction	http://example.org/contains_relation	http://example.org/targeted
http://dbpedia.org/resource/Pride	http://example.org/contains_relation	http://example.org/vanity
http://example.org/regarded	http://example.org/nsubjpass	http://example.org/awards
http://dbpedia.org/resource/The_Shire	http://example.org/contains_relation	http://example.org/Five
http://example.org/25_June_1903	http://example.org/label	25 June 1903
http://example.org/of	http://example.org/pobj	http://example.org/books
http://example.org/J.R.R._Tolkien_4-Book_Boxed_Set%3A_The_Hobbit_and_The_Lord_of_the_Rings	http://example.org/contains_relation	http://example.org/himself
http://dbpedia.org/resource/Legolas	http://xmlns.com/foaf/0.1/name	http://example.org/Legolas
http://example.org/Megissogwon	http://example.org/appos	http://example.org/spirit
http://dbpedia.org/resource/Pride	http://example.org/contains_relation	http://example.org/soul
http://example.org/in	http://example.org/pobj	http://example.org/languages
http://example.org/Twilight_%28The_Twilight_Saga%2C_%231%29	http://example.org/contains_relation	http://example.org/Twilight
http://dbpedia.org/resource/Harper_Lee	http://example.org/contains_relation	http://example.org/as
http://dbpedia.org/resource/Jane_Austen	http://dbpedia.org/property/caption	http://example.org/Portrait%2C
http://dbpedia.org/resource/Gondor	http://example.org/contains_relation	http://example.org/The_Lord_of_the_Rings%3A_The_Return_of_the_King%2C_Gondor%27s
http://example.org/destroyed	http://example.org/nsubjpass	http://example.org/which
http://example.org/the_Arctic_Ocean	http://example.org/label	the Arctic Ocean
http://dbpedia.org/resource/Markus_Zusak	http://example.org/contains_relation	http://example.org/I
http://example.org/The_Chronicles_of_Narnia_%28The_Chronicles_of_Narnia%2C_%231-7%29	http://example.org/contains_relation	http://example.org/book
http://example.org/Regency	http://example.org/label	Regency
http://dbpedia.org/resource/Gandalf	http://example.org/contains_relation	http://example.org/reached
http://example.org/caught	http://example.org/nsubj	http://example.org/hobbit
http://dbpedia.org/resource/Stalinism	http://example.org/contains_relation	http://example.org/conducted
http://example.org/Fantasy	http://example.org/conj	http://example.org/Quest
http://example.org/The_Chronicles_of_Narnia_%28The_Chronicles_of_Narnia%2C_%231-7%29	http://example.org/title	The Chronicles of Narnia (The Chronicles of Narnia, #1-7)
http://example.org/establishing	http://example.org/dobj	http://example.org/series
http://dbpedia.org/resource/The_Chronicles_of_Narnia	http://dbpedia.org/property/publisher	http://example.org/HarperCollins
http://example.org/Wizard_staff	http://example.org/label	Wizard staff
http://example.org/overlapped	http://example.org/nsubj	http://example.org/era
http://dbpedia.org/resource/Regency_era	http://example.org/contains_relation	http://example.org/is
http://dbpedia.org/resource/The_Shire	http://example.org/contains_relation	http://example.org/The_Shire
http://dbpedia.org/resource/Stalinism	http://example.org/contains_relation	http://example.org/one
http://dbpedia.org/resource/Regency_era	http://example.org/contains_relation	http://example.org/son
http://example.org/like	http://example.org/pobj	http://example.org/availability
http://example.org/of	http://example.org/pobj	http://example.org/reign
http://example.org/classes	http://example.org/conj	http://example.org/levels
http://example.org/3_January_1892	http://example.org/label	3 January 1892
http://example.org/of	http://example.org/pobj	http://example.org/creature
http://dbpedia.org/resource/The_Hunger_Games	http://example.org/contains_relation	http://example.org/specialized
http://example.org/from	http://example.org/pobj	http://example.org/happiness
http://example.org/be	http://example.org/nsubj	http://example.org/Lee
http://example.org/thrown	http://example.org/nsubjpass	http://example.org/d%C3%BBr
http://example.org/of	http://example.org/pobj	http://example.org/status
http://example.org/Der_Berggeist.jpg	http://example.org/label	Der Berggeist.jpg
http://dbpedia.org/resource/Gandalf	http://example.org/contains_relation	http://example.org/V%C3%B6lusp%C3%A1
http://dbpedia.org/resource/Stalinism	http://example.org/contains_relation	http://example.org/non-Soviet
http://dbpedia.org/resource/The_Hobbit	http://example.org/contains_relation	http://example.org/to
http://example.org/featuring	http://example.org/dobj	http://example.org/Snow
http://example.org/Hogwarts	http://example.org/label	Hogwarts
http://example.org/Roman	http://example.org/label	Roman
http://dbpedia.org/resource/The_Shire	http://example.org/contains_relation	http://example.org/Worcestershire
http://example.org/said	http://example.org/nsubj	http://example.org/Bilbo
http://dbpedia.org/resource/Nazi_Germany	http://example.org/contains_relation	http://example.org/left
http://example.org/of	http://example.org/pobj	http://example.org/protagonists
http://example.org/Lord	http://example.org/appos	http://example.org/Havens
http://example.org/conceit	http://example.org/conj	http://example.org/arrogance
http://example.org/of	http://example.org/pobj	http://example.org/period
http://dbpedia.org/resource/The_Shire	http://example.org/contains_relation	http://example.org/lived
http://dbpedia.org/resource/Gandalf	http://example.org/contains_relation	http://example.org/Anor
http://dbpedia.org/resource/Stalinism	http://example.org/contains_relation	http://example.org/resulted
http://dbpedia.org/resource/Smaug	http://example.org/contains_relation	http://example.org/invaded
http://example.org/for	http://example.org/pobj	http://example.org/security
http://example.org/Harper_Lee	http://example.org/label	Harper Lee
http://dbpedia.org/resource/Harper_Lee	http://dbpedia.org/property/genre	http://example.org/
http://dbpedia.org/resource/Smaug	http://example.org/contains_relation	http://example.org/pleased
http://dbpedia.org/resource/Animal_Farm	http://dbpedia.org/property/name	http://example.org/Animal_Farm
http://dbpedia.org/resource/Regency_era	http://example.org/contains_relation	http://example.org/Byron
http://example.org/Pride_and_Prejudice	http://www.w3.org/1999/02/22-rdf-syntax-ns#type	http://example.org/Book
http://dbpedia.org/resource/Gandalf	http://example.org/contains_relation	http://example.org/Eye
http://dbpedia.org/resource/The_Two_Towers	http://example.org/contains_relation	http://example.org/352
http://dbpedia.org/resource/Nazi_Germany	http://example.org/contains_relation	http://example.org/1871%E2%80%931918
http://dbpedia.org/resource/Regency_era	http://example.org/contains_relation	http://example.org/Shelley
http://example.org/including	http://example.org/pobj	http://example.org/Medal
http://dbpedia.org/resource/Samwise_Gamgee	http://example.org/contains_relation	http://example.org/Shire
http://example.org/assisted	http://example.org/nsubj	http://example.org/which
http://dbpedia.org/resource/Hermione_Granger	http://example.org/contains_relation	http://example.org/Hollywood
http://dbpedia.org/resource/John_Green	http://example.org/contains_relation	http://example.org/Green
http://dbpedia.org/resource/Animal_Farm	http://dbpedia.org/property/n	http://example.org/no
http://dbpedia.org/resource/North_America	http://dbpedia.org/property/image	http://example.org/North_america_terrain_2003_map.jpg
http://dbpedia.org/resource/The_Hunger_Games	http://example.org/contains_relation	http://example.org/American
http://example.org/podcaster	http://example.org/conj	http://example.org/philanthropist
http://dbpedia.org/resource/To_Kill_a_Mockingbird	http://example.org/contains_relation	http://example.org/1960
http://dbpedia.org/resource/North_America	http://example.org/contains_relation	http://example.org/September_2018
http://example.org/is	http://example.org/nsubj	http://example.org/Shire
http://dbpedia.org/resource/The_Chronicles_of_Narnia	http://example.org/contains_relation	http://example.org/protect
http://dbpedia.org/resource/Hogwarts	http://example.org/contains_relation	http://example.org/Boarding_school
http://dbpedia.org/resource/Pauline_Baynes	http://example.org/contains_relation	http://example.org/illustrator
http://dbpedia.org/resource/The_Hunger_Games	http://example.org/contains_relation	http://example.org/more_than_19_million
http://dbpedia.org/resource/Regency_era	http://example.org/contains_relation	http://example.org/of
http://example.org/Scotland	http://example.org/label	Scotland
http://example.org/The_Book_Thief	http://example.org/contains_relation	http://example.org/country
http://example.org/value	http://example.org/conj	http://example.org/status
http://example.org/critique	http://example.org/dobj	http://example.org/novels
http://example.org/Austen	http://example.org/label	Austen
http://dbpedia.org/resource/The_Shire	http://example.org/contains_relation	http://example.org/based
http://example.org/to	http://example.org/pobj	http://example.org/crisis
http://example.org/in	http://example.org/pobj	http://example.org/films
http://example.org/that	http://example.org/has	http://example.org/it
http://example.org/Europe	http://example.org/conj	http://example.org/States
http://dbpedia.org/resource/Gandalf	http://example.org/contains_relation	http://example.org/said
http://dbpedia.org/resource/Harper_Lee	http://example.org/contains_relation	http://example.org/Harper_Lee_signature.svg
http://example.org/by	http://example.org/pobj	http://example.org/collectivization
http://example.org/Harry_Potter_and_the_Order_of_the_Phoenix_%28Harry_Potter%2C_%235%29	http://example.org/contains_relation	http://example.org/Harry
http://dbpedia.org/resource/Harper_Lee	http://example.org/contains_relation	http://example.org/To_Kill_a_Mockingbird
http://dbpedia.org/resource/Regency_era	http://example.org/contains_relation	http://example.org/Laws
http://example.org/keep	http://example.org/nsubj	http://example.org/we
http://dbpedia.org/resource/To_Kill_a_Mockingbird	http://example.org/contains_relation	http://example.org/be
http://dbpedia.org/resource/The_Hobbit	http://example.org/contains_relation	http://example.org/requested
http://dbpedia.org/resource/Legolas	http://example.org/contains_relation	http://example.org/is
http://example.org/823505	http://example.org/label	823505
http://dbpedia.org/resource/The_Hunger_Games	http://example.org/contains_relation	http://example.org/seem
http://example.org/Red%2C_white	http://example.org/label	Red, white
http://example.org/twist	http://example.org/appears_at	http://example.org/Group
http://example.org/Suzanne_Collins_signature.png	http://example.org/label	Suzanne Collins signature.png
http://example.org/of	http://example.org/pobj	http://example.org/waterways
http://example.org/in	http://example.org/pobj	http://example.org/hurry
http://example.org/Location_of_Gondor_3019_TA.svg	http://example.org/label	Location of Gondor 3019 TA.svg
http://example.org/12_to_18_years_of_age	http://example.org/label	12 to 18 years of age
http://example.org/C._E._Brock	http://example.org/label	C. E. Brock
http://dbpedia.org/resource/Smaug	http://example.org/contains_relation	http://example.org/are
http://example.org/of	http://example.org/pobj	http://example.org/Mexico
http://dbpedia.org/resource/John_Green	http://example.org/contains_relation	http://example.org/to
http://dbpedia.org/resource/The_Hobbit	http://example.org/contains_relation	http://example.org/encompasses
http://dbpedia.org/resource/Jane_Austen	http://dbpedia.org/property/name	http://example.org/Jane_Austen
http://example.org/the_Roman_Empire	http://example.org/label	the Roman Empire
http://dbpedia.org/resource/Bilbo_Baggins	http://example.org/contains_relation	http://example.org/character
http://dbpedia.org/resource/Augustus	http://example.org/contains_relation	http://example.org/Roman_consul_XII
http://example.org/of	http://example.org/pobj	http://example.org/Cathedral
http://example.org/August_2012	http://example.org/label	August 2012
http://dbpedia.org/resource/The_Shire	http://dbpedia.org/property/blankLabel	http://example.org/Capital
http://example.org/purged	http://example.org/nsubj	http://example.org/regime
http://example.org/from	http://example.org/pobj	http://example.org/chapters
http://example.org/of	http://example.org/pobj	http://example.org/Monroeville
http://dbpedia.org/resource/Nazi_Germany	http://example.org/contains_relation	http://example.org/1933
http://dbpedia.org/resource/Stalinism	http://example.org/contains_relation	http://example.org/assisted
http://dbpedia.org/resource/Pride	http://dbpedia.org/property/commonsSearch	http://example.org/Category%3APride
http://dbpedia.org/resource/Gandalf	http://dbpedia.org/property/weapon	http://example.org/
http://dbpedia.org/resource/Character_class	http://example.org/contains_relation	http://example.org/aggregate
http://dbpedia.org/resource/The_Chronicles_of_Narnia	http://dbpedia.org/property/publisher	http://example.org/The_Bodley_Head
http://example.org/Book	http://example.org/label	Book
http://example.org/Lion	http://example.org/label	Lion
http://example.org/of	http://example.org/pobj	http://example.org/women
http://example.org/1975-06-23	http://example.org/label	1975-06-23
http://dbpedia.org/resource/Hermione_Granger	http://example.org/contains_relation	http://example.org/Born
http://example.org/related	http://example.org/nsubjpass	http://example.org/This
http://dbpedia.org/resource/Stalinism	http://example.org/contains_relation	http://example.org/ideas
http://dbpedia.org/resource/J._R._R._Tolkien	http://example.org/contains_relation	http://example.org/ROOL_TOL-keen
http://example.org/emulate	http://example.org/dobj	http://example.org/them
http://dbpedia.org/resource/Gondor	http://example.org/contains_relation	http://example.org/Mont_Saint-Michel
http://example.org/was	http://example.org/attr	http://example.org/man
http://example.org/against	http://example.org/pobj	http://example.org/Voldemort
http://dbpedia.org/resource/The_Hobbit	http://example.org/contains_relation	http://example.org/PR6039.O32_H63
http://dbpedia.org/resource/Frodo_Baggins	http://example.org/contains_relation	http://example.org/One
http://example.org/Q36322	http://example.org/label	Q36322
http://dbpedia.org/resource/Smaug	http://example.org/contains_relation	http://example.org/voiced
http://dbpedia.org/resource/To_Kill_a_Mockingbird	http://example.org/contains_relation	http://example.org/1936
http://example.org/inherits	http://example.org/nsubj	http://example.org/who
http://dbpedia.org/resource/Samwise_Gamgee	http://example.org/contains_relation	http://example.org/gave
http://example.org/Green	http://example.org/label	Green
http://example.org/asked	http://example.org/nsubj	http://example.org/which
http://example.org/as	http://example.org/pobj	http://example.org/classic
http://dbpedia.org/resource/Legolas	http://example.org/contains_relation	http://example.org/of
http://dbpedia.org/resource/To_Kill_a_Mockingbird	http://example.org/contains_relation	http://example.org/of
http://example.org/Nemesis%3A_The_Wizardry_Adventure	http://example.org/label	Nemesis: The Wizardry Adventure
http://example.org/led	http://example.org/dobj	http://example.org/rebellion
http://example.org/the_Slavery_Abolition_Act_1833	http://example.org/label	the Slavery Abolition Act 1833
http://example.org/September_1922	http://example.org/label	September 1922
http://example.org/with	http://example.org/pobj	http://example.org/realism
http://dbpedia.org/resource/Jane_Austen	http://example.org/contains_relation	http://example.org/signature
http://example.org/essayist	http://example.org/conj	http://example.org/journalist
http://example.org/BC	http://example.org/appos	http://example.org/AD
http://dbpedia.org/resource/Frodo_Baggins	http://example.org/contains_relation	http://example.org/understanding
http://dbpedia.org/resource/The_Two_Towers	http://www.w3.org/1999/02/22-rdf-syntax-ns#type	http://example.org/Entity
http://dbpedia.org/resource/The_Hunger_Games	http://dbpedia.org/property/books	http://example.org/Mockingjay
http://example.org/novels	http://example.org/appos	http://example.org/Hobbit
http://dbpedia.org/resource/To_Kill_a_Mockingbird	http://example.org/contains_relation	http://example.org/Lee
http://dbpedia.org/resource/Samwise_Gamgee	http://example.org/contains_relation	http://example.org/Following
http://example.org/logo	http://example.org/conj	http://example.org/series
http://example.org/Johnson	http://example.org/appos	http://example.org/Boundaries
http://example.org/clash	http://example.org/is	http://example.org/performance
http://example.org/used	http://example.org/nsubjpass	http://example.org/twilight
http://dbpedia.org/resource/Elizabeth_Bennet	http://example.org/contains_relation	http://example.org/five
http://example.org/1960	http://example.org/label	1960
http://example.org/lives	http://example.org/nsubj	http://example.org/he
http://example.org/of	http://example.org/pobj	http://example.org/half
http://dbpedia.org/resource/Stalinism	http://example.org/contains_relation	http://example.org/220
http://example.org/Lion	http://example.org/ROOT	http://example.org/Lion
http://example.org/Oxford	http://example.org/label	Oxford
http://example.org/I	http://example.org/appos	http://example.org/novels
http://dbpedia.org/resource/Legolas	http://dbpedia.org/property/race	http://example.org/Sindar_Elf
http://dbpedia.org/resource/The_Shire	http://example.org/contains_relation	http://example.org/J._R._R._Tolkien%27s
http://dbpedia.org/resource/The_Hunger_Games	http://example.org/contains_relation	http://example.org/2010
http://example.org/Hobbit	http://example.org/conj	http://example.org/Lord
http://example.org/Twilight_%28The_Twilight_Saga%2C_%231%29	http://example.org/contains_relation	http://example.org/that
http://example.org/reported	http://example.org/nsubj	http://example.org/publisher
http://dbpedia.org/resource/Nazi_Germany	http://example.org/contains_relation	http://example.org/633786
http://example.org/of	http://example.org/pobj	http://example.org/transition
http://dbpedia.org/resource/John_Green	http://example.org/contains_relation	http://example.org/Esther_Earl_-_Nerdfighter_salute.jpg
http://example.org/laid	http://example.org/dobj	http://example.org/warriors
http://dbpedia.org/resource/Hogwarts	http://dbpedia.org/ontology/wikiPageRevisionID	http://example.org/1124915795
http://dbpedia.org/resource/To_Kill_a_Mockingbird	http://example.org/contains_relation	http://example.org/showing
http://example.org/Harry_Potter_tourism	http://example.org/label	Harry Potter tourism
http://example.org/Chronicles	http://example.org/transcended	http://example.org/genre
http://example.org/1954%E2%80%931955	http://example.org/label	1954–1955
http://dbpedia.org/resource/George_Orwell	http://example.org/contains_relation	http://example.org/Sutton_Courtenay
http://example.org/Half-Blood_Prince	http://example.org/label	Half-Blood Prince
http://example.org/2014	http://example.org/label	2014
http://example.org/Pride	http://example.org/label	Pride
http://dbpedia.org/resource/The_Hobbit	http://example.org/contains_relation	http://example.org/the_Carnegie_Medal
http://example.org/George_IV	http://example.org/label	George IV
http://dbpedia.org/resource/Bilbo_Baggins	http://example.org/contains_relation	http://example.org/recalls
http://dbpedia.org/resource/George_Orwell	http://example.org/contains_relation	http://example.org/novelist
http://example.org/by	http://example.org/pobj	http://example.org/lion
http://dbpedia.org/resource/The_Hobbit	http://example.org/contains_relation	http://example.org/maturity
http://example.org/is	http://example.org/attr	http://example.org/state
http://example.org/To_Kill_a_Mockingbird	http://example.org/contains_relation	http://example.org/it
http://example.org/cars	http://example.org/conj	http://example.org/motorcycles
http://dbpedia.org/resource/Twilight	http://example.org/contains_relation	http://example.org/twilight
http://dbpedia.org/resource/The_Hunger_Games	http://example.org/contains_relation	http://example.org/by
http://dbpedia.org/resource/Hermione_Granger	http://example.org/contains_relation	http://example.org/Emma_Watson
http://example.org/In	http://example.org/pobj	http://example.org/background
http://dbpedia.org/resource/Jane_Austen	http://example.org/contains_relation	http://example.org/18_July_1817
http://dbpedia.org/resource/Jane_Austen	http://example.org/contains_relation	http://example.org/British
http://dbpedia.org/resource/Samwise_Gamgee	http://example.org/contains_relation	http://example.org/by
http://example.org/Oscars	http://example.org/label	Oscars
http://example.org/Harper_Marshall	http://example.org/label	Harper Marshall
http://example.org/Commons.svg	http://example.org/label	Commons.svg
http://dbpedia.org/resource/Frodo_Baggins	http://example.org/contains_relation	http://example.org/Valinor
http://dbpedia.org/resource/Jane_Austen	http://example.org/contains_relation	http://example.org/Winchester_Cathedral
http://dbpedia.org/resource/Frodo_Baggins	http://example.org/contains_relation	http://example.org/Mount_Doom
http://dbpedia.org/resource/Pride	http://example.org/contains_relation	http://example.org/status
http://example.org/Male	http://example.org/label	Male
http://dbpedia.org/resource/Nazi_Germany	http://example.org/contains_relation	http://example.org/109518183
http://example.org/10	http://example.org/label	10
http://example.org/of	http://example.org/pobj	http://example.org/Lord
http://dbpedia.org/resource/North_America	http://example.org/contains_relation	http://example.org/M%C3%A9xico.jpg
http://example.org/it	http://example.org/published_in	http://example.org/1960
http://dbpedia.org/resource/Suzanne_Collins	http://dbpedia.org/property/education	http://example.org/Indiana_University_Bloomington
http://dbpedia.org/resource/The_Chronicles_of_Narnia	http://example.org/contains_relation	http://example.org/
http://example.org/Harry_Potter	http://example.org/label	Harry Potter
http://dbpedia.org/resource/Nazi_Germany	http://example.org/contains_relation	http://example.org/between_1933_and_1945
http://example.org/1937	http://example.org/label	1937
http://dbpedia.org/resource/Smaug	http://example.org/contains_relation	http://example.org/on
http://dbpedia.org/resource/The_Hunger_Games	http://example.org/contains_relation	http://example.org/via
http://example.org/on	http://example.org/pobj	http://example.org/May
http://example.org/used	http://example.org/nsubjpass	http://example.org/pride
http://example.org/in	http://example.org/pobj	http://example.org/Oxfordshire
http://example.org/of	http://example.org/pobj	http://example.org/neighbourhood
http://example.org/for	http://example.org/pobj	http://example.org/work
http://example.org/nickname	http://example.org/appos	http://example.org/Oscar
http://dbpedia.org/resource/Pride	http://example.org/contains_relation	http://example.org/one
http://dbpedia.org/resource/Markus_Zusak	http://example.org/contains_relation	http://example.org/won
http://example.org/targeted	http://example.org/nsubjpass	http://example.org/genre
http://dbpedia.org/resource/John_Green	http://www.w3.org/1999/02/22-rdf-syntax-ns#type	http://example.org/Entity
http://dbpedia.org/resource/The_Hunger_Games	http://example.org/contains_relation	http://example.org/about
http://example.org/demonstrated	http://example.org/dobj	http://example.org/sympathies
http://example.org/reaches	http://example.org/dobj	http://example.org/climax
http://dbpedia.org/resource/George_Orwell	http://example.org/contains_relation	http://example.org/Photograph
http://example.org/used	http://example.org/nsubjpass	http://example.org/which
http://dbpedia.org/resource/Regency_era	http://example.org/contains_relation	http://example.org/third
http://example.org/Nelle_Harper_Lee	http://example.org/label	Nelle Harper Lee
http://example.org/with	http://example.org/pobj	http://example.org/purposes
http://dbpedia.org/resource/Regency_era	http://example.org/contains_relation	http://example.org/as
http://example.org/Mockingjay	http://example.org/label	Mockingjay
http://example.org/between_1933_and_1945	http://example.org/label	between 1933 and 1945
http://example.org/eight	http://example.org/label	eight
http://example.org/applying	http://example.org/dobj	http://example.org/wits
http://dbpedia.org/resource/Hogwarts	http://dbpedia.org/property/imageSize	http://example.org/250
http://dbpedia.org/resource/Harper_Lee	http://example.org/contains_relation	http://example.org/In
http://dbpedia.org/resource/Hermione_Granger	http://example.org/contains_relation	http://example.org/insecurity
http://dbpedia.org/resource/To_Kill_a_Mockingbird	http://example.org/contains_relation	http://example.org/occurred
http://example.org/is	http://example.org/nsubj	http://example.org/Part
http://example.org/AD_14	http://example.org/label	AD 14
http://dbpedia.org/resource/Legolas	http://dbpedia.org/property/aliases	http://example.org/Greenleaf
http://dbpedia.org/resource/Stalinism	http://example.org/contains_relation	http://example.org/setting
http://example.org/in	http://example.org/pobj	http://example.org/conflict
http://dbpedia.org/resource/The_Hobbit	http://example.org/contains_relation	http://example.org/progressed
http://example.org/by	http://example.org/pobj	http://example.org/Ring
http://dbpedia.org/resource/Gandalf	http://www.w3.org/1999/02/22-rdf-syntax-ns#type	http://example.org/Entity
http://dbpedia.org/resource/Pride	http://example.org/contains_relation	http://example.org/George_Bernard_Shaw
http://example.org/at	http://example.org/pobj	http://example.org/times
http://dbpedia.org/resource/Smaug	http://dbpedia.org/property/lbl	http://example.org/Book
http://example.org/by	http://example.org/pobj	http://example.org/America
http://dbpedia.org/resource/To_Kill_a_Mockingbird	http://example.org/contains_relation	http://example.org/English
http://dbpedia.org/resource/Alabama	http://example.org/contains_relation	http://example.org/State_of_Alabama
http://dbpedia.org/resource/Wizardry	http://example.org/contains_relation	http://example.org/46200
http://dbpedia.org/resource/Stalinism	http://example.org/contains_relation	http://example.org/346
http://dbpedia.org/resource/Smaug	http://dbpedia.org/property/data	http://example.org/The_Return_of_the_King
http://example.org/demonstrated	http://example.org/nsubj	http://example.org/who
http://example.org/is	http://example.org/nsubj	http://example.org/Chronicles
http://dbpedia.org/resource/Stalinism	http://example.org/contains_relation	http://example.org/1124498184
http://dbpedia.org/resource/Jane_Austen	http://example.org/contains_relation	http://example.org/interpret
http://example.org/It	http://example.org/is	http://example.org/1939
http://example.org/July_2015	http://example.org/label	July 2015
http://example.org/about	http://example.org/pobj	http://example.org/writing
http://dbpedia.org/resource/Harper_Lee	http://example.org/contains_relation	http://example.org/won
http://dbpedia.org/resource/The_Shire	http://www.w3.org/2000/01/rdf-schema#label	http://example.org/The_Shire
http://example.org/of	http://example.org/pobj	http://example.org/span
http://example.org/The_Book_Thief	http://example.org/contains_relation	http://example.org/these
http://dbpedia.org/resource/Gandalf	http://example.org/contains_relation	http://example.org/at
http://example.org/South_America	http://example.org/label	South America
http://example.org/represent	http://example.org/dobj	http://example.org/archetypes
http://dbpedia.org/resource/Character_class	http://example.org/contains_relation	http://example.org/differentiate
http://example.org/that	http://example.org/records_from	http://example.org/revolution
http://example.org/frontiers	http://example.org/conj	http://example.org/war
http://dbpedia.org/resource/Nazi_Germany	http://example.org/contains_relation	http://example.org/stands
http://example.org/Academy	http://example.org/label	Academy
http://dbpedia.org/resource/Jane_Austen	http://example.org/contains_relation	http://example.org/Austen
http://example.org/Animal_Farm	http://example.org/label	Animal Farm
http://example.org/lead	http://example.org/dobj	http://example.org/her
http://dbpedia.org/resource/Pride	http://example.org/contains_relation	http://example.org/noted
http://example.org/pleased	http://example.org/nsubj	http://example.org/Smaug
http://dbpedia.org/resource/Samwise_Gamgee	http://example.org/contains_relation	http://example.org/%CB%88%C9%A1%C3%A6m%CB%8Cd%CA%92i%CB%90/
http://dbpedia.org/resource/Stalinism	http://example.org/contains_relation	http://example.org/horizontal
http://dbpedia.org/resource/Harry_Potter	http://example.org/contains_relation	http://example.org/Muggles
http://dbpedia.org/resource/Nazi_Germany	http://dbpedia.org/property/statArea	http://example.org/823505
http://example.org/at	http://example.org/pobj	http://example.org/Studios
http://dbpedia.org/resource/The_Hobbit	http://example.org/contains_relation	http://example.org/received
http://dbpedia.org/resource/Pauline_Baynes	http://dbpedia.org/property/name	http://example.org/Pauline_Diana_Baynes
http://dbpedia.org/resource/Stalinism	http://example.org/contains_relation	http://example.org/July_2022
http://dbpedia.org/resource/George_Orwell	http://example.org/contains_relation	http://example.org/to
http://example.org/you	http://example.org/appos	http://example.org/flame
http://dbpedia.org/resource/Suzanne_Collins	http://dbpedia.org/property/birthDate	http://example.org/1962-08-10
http://example.org/Hank_Green	http://example.org/label	Hank Green
http://dbpedia.org/resource/Nazi_Germany	http://example.org/contains_relation	http://example.org/ended
http://example.org/with	http://example.org/pobj	http://example.org/Bachelors
http://example.org/in	http://example.org/pobj	http://example.org/June
http://example.org/1999	http://example.org/label	1999
http://example.org/attain	http://example.org/dobj	http://example.org/classes
http://dbpedia.org/resource/Young_adult_fiction	http://dbpedia.org/property/date	http://example.org/2012-04-03
http://example.org/purged	http://example.org/conj	http://example.org/those
http://example.org/caused	http://example.org/nsubj	http://example.org/which
http://example.org/Green	http://example.org/ROOT	http://example.org/Green
http://example.org/In	http://example.org/pobj	http://example.org/games
http://dbpedia.org/resource/Legolas	http://example.org/contains_relation	http://example.org/as
http://example.org/The_Book_Thief	http://example.org/contains_relation	http://example.org/it
http://example.org/considered	http://example.org/nsubjpass	http://example.org/Augustus
http://example.org/Wizrogue%3A_Labyrinth_of_Wizardry	http://example.org/label	Wizrogue: Labyrinth of Wizardry
http://dbpedia.org/resource/The_Two_Towers	http://dbpedia.org/property/country	http://example.org/United_Kingdom
http://example.org/including	http://example.org/pobj	http://example.org/books
http://dbpedia.org/resource/Legolas	http://dbpedia.org/property/name	http://example.org/Legolas
http://dbpedia.org/resource/Markus_Zusak	http://dbpedia.org/ontology/activeYearsEndYear	http://example.org/2016
http://dbpedia.org/resource/Smaug	http://example.org/contains_relation	http://example.org/The_Hobbit
http://dbpedia.org/resource/The_Chronicles_of_Narnia	http://example.org/contains_relation	http://example.org/film
http://example.org/The_Third_Reich	http://example.org/label	The Third Reich
http://dbpedia.org/resource/Animal_Farm	http://example.org/contains_relation	http://example.org/by
http://dbpedia.org/resource/Pride	http://example.org/contains_relation	http://example.org/defines
http://example.org/three	http://example.org/label	three
http://example.org/His_Boy	http://example.org/label	His Boy
http://dbpedia.org/resource/Stalinism	http://example.org/contains_relation	http://example.org/vertical
http://dbpedia.org/resource/George_Orwell	http://example.org/contains_relation	http://example.org/Category%3AGeorge_Orwell
http://example.org/Under	http://example.org/pobj	http://example.org/rule
http://example.org/as	http://example.org/pobj	http://example.org/Ministry
http://example.org/150	http://example.org/label	150
http://dbpedia.org/resource/Regency_era	http://example.org/contains_relation	http://example.org/the_Regency_Act_1811
http://dbpedia.org/resource/Stalinism	http://example.org/contains_relation	http://example.org/accelerate
http://example.org/close	http://example.org/nsubj	http://example.org/jaws
http://dbpedia.org/resource/Legolas	http://dbpedia.org/ontology/wikiPageRevisionID	http://example.org/1122908238
http://example.org/sin	http://example.org/nsubj	http://example.org/form
http://dbpedia.org/resource/Elizabeth_Bennet	http://example.org/contains_relation	http://example.org/Elizabeth_Bennet
http://example.org/Fire	http://example.org/conj	http://example.org/Mockingjay
http://dbpedia.org/resource/To_Kill_a_Mockingbird	http://example.org/contains_relation	http://example.org/against
http://example.org/is	http://example.org/attr	http://example.org/set
http://example.org/Marxist	http://example.org/label	Marxist
http://dbpedia.org/resource/Frodo_Baggins	http://example.org/contains_relation	http://example.org/take
http://dbpedia.org/resource/Elizabeth_Bennet	http://example.org/contains_relation	http://example.org/Colonel_Fitzwilliam
http://dbpedia.org/resource/Twilight	http://example.org/contains_relation	http://example.org/Twilight
http://example.org/seek	http://example.org/dobj	http://example.org/marriage
http://example.org/in	http://example.org/pobj	http://example.org/wisdom
http://example.org/for	http://example.org/pobj	http://example.org/terms
http://dbpedia.org/resource/Stalinism	http://example.org/contains_relation	http://example.org/Soviet
http://example.org/Lord	http://example.org/conj	http://example.org/works
http://dbpedia.org/resource/J._R._R._Tolkien	http://example.org/contains_relation	http://example.org/from
http://dbpedia.org/resource/The_Chronicles_of_Narnia	http://example.org/contains_relation	http://example.org/The_Silver_Chair
http://example.org/agreed	http://example.org/nsubj	http://example.org/They
http://example.org/imported	http://example.org/dobj	http://example.org/materials
http://dbpedia.org/resource/Jane_Austen	http://dbpedia.org/property/deathPlace	http://example.org/Winchester%2C_Hampshire%2C_England
http://dbpedia.org/resource/Smaug	http://example.org/contains_relation	http://example.org/provoked
http://example.org/Jessie_Braviner	http://example.org/label	Jessie Braviner
http://example.org/on	http://example.org/pobj	http://example.org/staff
http://example.org/critique	http://example.org/nsubj	http://example.org/works
http://dbpedia.org/resource/Academy_Awards	http://example.org/contains_relation	http://example.org/annually
http://example.org/Twilight_%28The_Twilight_Saga%2C_%231%29	http://example.org/author	Stephenie Meyer
http://dbpedia.org/resource/Hogwarts	http://example.org/contains_relation	http://example.org/for
http://dbpedia.org/resource/Alabama	http://example.org/contains_relation	http://example.org/Flag_of_Alabama.svg
http://dbpedia.org/resource/North_America	http://example.org/contains_relation	http://example.org/America
http://dbpedia.org/resource/Academy_Awards	http://example.org/contains_relation	http://example.org/Oscars
http://dbpedia.org/resource/The_Hobbit	http://example.org/contains_relation	http://example.org/gains
http://example.org/journalist	http://example.org/conj	http://example.org/critic
http://dbpedia.org/resource/Harry_Potter	http://example.org/contains_relation	http://example.org/wizards
http://dbpedia.org/resource/The_Hobbit	http://dbpedia.org/property/genre	http://example.org/Juvenile_fantasy
http://dbpedia.org/resource/Bilbo_Baggins	http://example.org/contains_relation	http://example.org/is
http://example.org/opposition	http://example.org/conj	http://example.org/support
http://dbpedia.org/resource/The_Hunger_Games	http://dbpedia.org/ontology/wikiPageLength	http://example.org/36870
http://dbpedia.org/resource/Markus_Zusak	http://dbpedia.org/ontology/wikiPageLength	http://example.org/9171
http://example.org/Turtles_All_The_Way_Down	http://example.org/label	Turtles All The Way Down
http://example.org/Hobbit	http://example.org/appos	http://example.org/character
http://example.org/in	http://example.org/pobj	http://example.org/adaptations
http://dbpedia.org/resource/Wizardry	http://dbpedia.org/property/latestReleaseVersion	http://example.org/Wizrogue%3A_Labyrinth_of_Wizardry
http://example.org/Soviet_Glasnost	http://example.org/label	Soviet Glasnost
http://dbpedia.org/resource/Legolas	http://example.org/contains_relation	http://example.org/Book
http://example.org/serves	http://example.org/nsubj	http://example.org/Legolas
http://example.org/drives	http://example.org/nsubj	http://example.org/convoy
http://dbpedia.org/resource/Jane_Austen	http://example.org/contains_relation	http://example.org/standing
http://dbpedia.org/resource/J._R._R._Tolkien	http://dbpedia.org/property/mw	http://example.org/no
http://example.org/four	http://example.org/label	four
http://example.org/nears	http://example.org/nsubj	http://example.org/it
http://dbpedia.org/resource/To_Kill_a_Mockingbird	http://example.org/contains_relation	http://example.org/To_Kill_a_Mockingbird
http://example.org/18	http://example.org/label	18
http://example.org/fey	http://example.org/conj	http://example.org/sides
http://example.org/Mississippi	http://example.org/label	Mississippi
http://dbpedia.org/resource/Elizabeth_Bennet	http://example.org/contains_relation	http://example.org/Anne_de_Bourgh
http://example.org/Pride_and_Prejudice	http://example.org/contains_relation	http://example.org/Austen
http://dbpedia.org/resource/Pauline_Baynes	http://example.org/contains_relation	http://example.org/author
http://dbpedia.org/resource/John_Green	http://example.org/contains_relation	http://example.org/Earl
http://dbpedia.org/resource/Stalinism	http://dbpedia.org/property/bot	http://example.org/medic
http://dbpedia.org/resource/Regency_era	http://www.w3.org/1999/02/22-rdf-syntax-ns#type	http://example.org/Entity
http://example.org/hybridize	http://example.org/nsubj	http://example.org/others
http://example.org/of	http://example.org/pobj	http://example.org/YA
http://dbpedia.org/resource/Jane_Austen	http://dbpedia.org/property/birthPlace	http://example.org/Steventon_Rectory%2C_Hampshire%2C_England
http://example.org/of	http://example.org/pobj	http://example.org/Rings
http://dbpedia.org/resource/The_Shire	http://dbpedia.org/property/locatedIn	http://example.org/Northwest_of_Middle-earth
http://example.org/Worcestershire	http://example.org/label	Worcestershire
http://example.org/losing	http://example.org/nsubj	http://example.org/something
http://example.org/Twilight_%28The_Twilight_Saga%2C_%231%29	http://www.w3.org/1999/02/22-rdf-syntax-ns#type	http://example.org/Book
http://example.org/303	http://example.org/label	303
http://example.org/with	http://example.org/pobj	http://example.org/roots
http://example.org/led	http://example.org/nsubj	http://example.org/Tolkien
http://dbpedia.org/resource/Suzanne_Collins	http://example.org/contains_relation	http://example.org/Indiana_University_Bloomington
http://example.org/received	http://example.org/nsubjpass	http://example.org/novels
http://example.org/Collins_in_2010	http://example.org/label	Collins in 2010
http://dbpedia.org/resource/Jane_Austen	http://dbpedia.org/property/bgcolor	http://example.org/%23FFFFF0
http://example.org/referred	http://example.org/nsubj	http://example.org/Hitler
http://example.org/leaped	http://example.org/nsubj	http://example.org/sapling
http://example.org/consider	http://example.org/nsubj	http://example.org/religions
http://dbpedia.org/resource/Pauline_Baynes	http://example.org/contains_relation	http://example.org/Hove%2C_Sussex%2C_England
http://example.org/J.R.R._Tolkien_4-Book_Boxed_Set%3A_The_Hobbit_and_The_Lord_of_the_Rings	http://example.org/contains_relation	http://example.org/Lord
http://dbpedia.org/resource/Regency_era	http://example.org/contains_relation	http://example.org/between
http://dbpedia.org/resource/Young_adult_fiction	http://dbpedia.org/ontology/wikiPageRevisionID	http://example.org/1123383222
http://dbpedia.org/resource/Hermione_Granger	http://example.org/contains_relation	http://example.org/Harry
http://dbpedia.org/resource/Harper_Lee	http://example.org/contains_relation	http://example.org/race
http://dbpedia.org/resource/Elizabeth_Bennet	http://example.org/contains_relation	http://example.org/referred
http://example.org/characters	http://example.org/conj	http://example.org/creatures
http://example.org/called	http://example.org/oprd	http://example.org/Games
http://example.org/Vlogbrothers	http://example.org/label	Vlogbrothers
http://dbpedia.org/resource/George_Orwell	http://example.org/contains_relation	http://example.org/25_June_1903
http://dbpedia.org/resource/Twilight	http://example.org/contains_relation	http://example.org/is
http://example.org/the_mid_1950s	http://example.org/label	the mid 1950s
http://dbpedia.org/resource/Bilbo_Baggins	http://example.org/contains_relation	http://example.org/of
http://example.org/by_Thomas_Lawrence	http://example.org/label	by Thomas Lawrence
http://dbpedia.org/resource/Markus_Zusak	http://example.org/contains_relation	http://example.org/23_June_1975
http://dbpedia.org/resource/Markus_Zusak	http://example.org/contains_relation	http://example.org/Markus_Zusak
http://example.org/M%C3%A9xico.jpg	http://example.org/ROOT	http://example.org/M%C3%A9xico.jpg
http://dbpedia.org/resource/Frodo_Baggins	http://example.org/contains_relation	http://example.org/is
http://example.org/the_Harry_Potter	http://example.org/label	the Harry Potter
http://example.org/became	http://example.org/attr	http://example.org/state
http://example.org/is	http://example.org/attr	http://example.org/wizard
http://example.org/of	http://example.org/pobj	http://example.org/miles
http://dbpedia.org/resource/Hermione_Granger	http://example.org/contains_relation	http://example.org/Potter
http://dbpedia.org/resource/J._R._R._Tolkien	http://dbpedia.org/property/occupation	http://example.org/Author
http://dbpedia.org/resource/Nazi_Germany	http://example.org/contains_relation	http://example.org/May_1945
http://dbpedia.org/resource/Smaug	http://example.org/contains_relation	http://example.org/snapped
http://dbpedia.org/resource/Bilbo_Baggins	http://example.org/contains_relation	http://example.org/named
http://dbpedia.org/resource/Suzanne_Collins	http://example.org/contains_relation	http://example.org/Journalist
http://dbpedia.org/resource/Pauline_Baynes	http://example.org/contains_relation	http://example.org/was
http://dbpedia.org/resource/Pride	http://example.org/contains_relation	http://example.org/among
http://example.org/being	http://example.org/attr	http://example.org/founder
http://example.org/from	http://example.org/pobj	http://example.org/peril
http://dbpedia.org/resource/Gandalf	http://example.org/contains_relation	http://example.org/the_Old_Norse_%22Catalogue_of_Dwarves
http://example.org/with	http://example.org/pobj	http://example.org/motifs
http://dbpedia.org/resource/Pauline_Baynes	http://dbpedia.org/ontology/wikiPageLength	http://example.org/63634
http://dbpedia.org/resource/Character_class	http://example.org/contains_relation	http://example.org/1122710668
http://example.org/Der_Berggeist_by_Josef_Madlener	http://example.org/label	Der Berggeist by Josef Madlener
http://example.org/meaning	http://example.org/dobj	http://example.org/Realm
http://example.org/FRSL	http://example.org/appos	http://example.org/January
http://example.org/of	http://example.org/pobj	http://example.org/Games
http://dbpedia.org/resource/Wizardry	http://example.org/contains_relation	http://example.org/2001
http://example.org/the_%22Academy_Award_of_Merit	http://example.org/label	the "Academy Award of Merit
http://dbpedia.org/resource/Pauline_Baynes	http://example.org/contains_relation	http://example.org/Baynes
http://example.org/Animal_Farm	http://example.org/contains_relation	http://example.org/it
http://example.org/is	http://example.org/nsubj	http://example.org/Sun
http://example.org/was	http://example.org/nsubj	http://example.org/she
http://dbpedia.org/resource/John_Green	http://example.org/contains_relation	http://example.org/Indianapolis%2C_Indiana%2C_U.S.
http://dbpedia.org/resource/Regency_era	http://example.org/contains_relation	http://example.org/overlapped
http://example.org/Hazel	http://example.org/been	http://example.org/anything
http://dbpedia.org/resource/Young_adult_fiction	http://example.org/contains_relation	http://example.org/at
http://example.org/Germany	http://example.org/conj	http://example.org/Reich
http://dbpedia.org/resource/Bilbo_Baggins	http://example.org/contains_relation	http://example.org/1123955794
http://example.org/by	http://example.org/pobj	http://example.org/Brock
http://example.org/of	http://example.org/pobj	http://example.org/each
http://example.org/21212	http://example.org/label	21212
http://example.org/became	http://example.org/attr	http://example.org/destination
http://dbpedia.org/resource/Elizabeth_Bennet	http://dbpedia.org/property/relatives	http://example.org/George_Wickham
http://dbpedia.org/resource/The_Chronicles_of_Narnia	http://example.org/contains_relation	http://example.org/in
http://dbpedia.org/resource/Regency_era	http://example.org/contains_relation	http://example.org/John_Keats
http://example.org/city	http://example.org/appos	http://example.org/Tirith
http://dbpedia.org/resource/Gandalf	http://dbpedia.org/property/align	http://example.org/right
http://example.org/Twilight	http://example.org/is	http://example.org/story
http://example.org/are	http://example.org/nsubj	http://example.org/kin
http://dbpedia.org/resource/Gondor	http://example.org/contains_relation	http://example.org/during
http://dbpedia.org/resource/Elizabeth_Bennet	http://example.org/contains_relation	http://example.org/by
http://dbpedia.org/resource/Twilight	http://example.org/contains_relation	http://example.org/of
http://example.org/at	http://example.org/pobj	http://example.org/Hill
http://dbpedia.org/resource/Samwise_Gamgee	http://example.org/contains_relation	http://example.org/the_Party_Field
http://dbpedia.org/resource/Bilbo_Baggins	http://dbpedia.org/property/imageSize	http://example.org/150
http://example.org/wizard	http://example.org/conj	http://example.org/Potter
http://example.org/greets	http://example.org/nsubj	http://example.org/crowd
http://example.org/with	http://example.org/pobj	http://example.org/relation
http://example.org/Purge	http://example.org/conj	http://example.org/campaign
http://dbpedia.org/resource/Academy_Awards	http://example.org/contains_relation	http://example.org/sculpted
http://example.org/the_end_of_the_18th_century	http://example.org/label	the end of the 18th century
http://dbpedia.org/resource/Samwise_Gamgee	http://example.org/contains_relation	http://example.org/having
http://dbpedia.org/resource/Frodo_Baggins	http://example.org/contains_relation	http://example.org/of
http://example.org/Selective_school	http://example.org/label	Selective school
http://dbpedia.org/resource/Smaug	http://dbpedia.org/property/source	http://example.org/The_Hobbit
http://dbpedia.org/resource/Samwise_Gamgee	http://example.org/contains_relation	http://example.org/do
http://example.org/is	http://example.org/nsubj	http://example.org/timespan
http://dbpedia.org/resource/Regency_era	http://example.org/contains_relation	http://example.org/June_1837
http://example.org/of	http://example.org/pobj	http://example.org/square
http://example.org/The_Book_Thief	http://example.org/author	Markus Zusak
http://example.org/Greenleaf	http://example.org/label	Greenleaf
http://dbpedia.org/resource/Wizardry	http://dbpedia.org/property/caption	http://example.org/Logo
http://dbpedia.org/resource/Gandalf	http://example.org/contains_relation	http://example.org/with
http://example.org/Turtles	http://example.org/ROOT	http://example.org/Turtles
http://example.org/of	http://example.org/pobj	http://example.org/head
http://dbpedia.org/resource/The_Chronicles_of_Narnia	http://example.org/contains_relation	http://example.org/Prince_Caspian
http://dbpedia.org/resource/Harper_Lee	http://dbpedia.org/property/title	http://example.org/Awards_for_Harper_Lee
http://example.org/awarded	http://example.org/dobj	http://example.org/copy
http://dbpedia.org/resource/Samwise_Gamgee	http://example.org/contains_relation	http://example.org/April
http://dbpedia.org/resource/The_Chronicles_of_Narnia	http://example.org/contains_relation	http://example.org/set
http://example.org/for	http://example.org/pobj	http://example.org/readers
http://example.org/Baynes	http://example.org/appos	http://example.org/September
http://dbpedia.org/resource/The_Hobbit	http://example.org/contains_relation	http://example.org/in
http://example.org/wits	http://example.org/conj	http://example.org/sense
http://dbpedia.org/resource/The_Hunger_Games	http://example.org/contains_relation	http://example.org/1116765436
http://dbpedia.org/resource/Harper_Lee	http://dbpedia.org/ontology/birthDate	http://example.org/1926-04-28
http://dbpedia.org/resource/Frodo_Baggins	http://example.org/contains_relation	http://example.org/Fr%C3%B3da
http://example.org/saw	http://example.org/dobj	http://example.org/what
http://example.org/games	http://example.org/conj	http://example.org/games
http://example.org/August_10%2C_1962	http://example.org/label	August 10, 1962
http://dbpedia.org/resource/The_Shire	http://example.org/contains_relation	http://example.org/Northwest_of_Middle-earth
http://dbpedia.org/resource/Augustus	http://example.org/contains_relation	http://example.org/despite
http://example.org/Dwarves_and_Elves	http://example.org/label	Dwarves and Elves
http://example.org/illustrator	http://example.org/conj	http://example.org/author
http://example.org/was	http://example.org/attr	http://example.org/companion
http://dbpedia.org/resource/Nazi_Germany	http://example.org/contains_relation	http://example.org/behind
http://example.org/author	http://example.org/label	author
http://example.org/relationships	http://example.org/conj	http://example.org/identity
http://dbpedia.org/resource/Harper_Lee	http://dbpedia.org/property/signature	http://example.org/Harper_Lee_signature.svg
http://example.org/resembles	http://example.org/dobj	http://example.org/herself
http://example.org/of	http://example.org/pobj	http://example.org/Smaug
http://dbpedia.org/resource/Academy_Awards	http://dbpedia.org/property/beforeElection	http://example.org/Nomadland
http://dbpedia.org/resource/Bilbo_Baggins	http://example.org/contains_relation	http://example.org/home
http://example.org/of	http://example.org/pobj	http://example.org/novella
http://example.org/George_Orwell	http://example.org/label	George Orwell
http://dbpedia.org/resource/Bilbo_Baggins	http://example.org/contains_relation	http://example.org/English
http://dbpedia.org/resource/Elizabeth_Bennet	http://example.org/contains_relation	http://example.org/1813
http://example.org/of	http://example.org/pobj	http://example.org/personality
http://example.org/6008028	http://example.org/label	6008028
http://dbpedia.org/resource/The_Hunger_Games	http://example.org/contains_relation	http://example.org/ranked
http://dbpedia.org/resource/To_Kill_a_Mockingbird	http://example.org/contains_relation	http://example.org/In
http://example.org/was	http://example.org/nsubj	http://example.org/It
http://example.org/Greenland	http://example.org/label	Greenland
http://dbpedia.org/resource/The_Shire	http://example.org/contains_relation	http://example.org/Peter_Jackson%27s
http://example.org/the_Fellowship_of_the_Ring%3A_Frodo_Baggins	http://example.org/label	the Fellowship of the Ring: Frodo Baggins
http://example.org/he	http://example.org/appos	http://example.org/fool
http://example.org/to	http://example.org/pobj	http://example.org/Frodo
http://dbpedia.org/resource/The_Hunger_Games	http://example.org/contains_relation	http://example.org/100
http://example.org/Constable	http://example.org/conj	http://example.org/Keats
http://example.org/Russia	http://example.org/seen_as	http://example.org/target
http://example.org/John_Michael_Green	http://example.org/label	John Michael Green
http://example.org/in	http://example.org/pobj	http://example.org/trilogy
http://example.org/move	http://example.org/nsubj	http://example.org/residents
http://dbpedia.org/resource/Pauline_Baynes	http://example.org/contains_relation	http://example.org/J._R._R._Tolkien%27s
http://dbpedia.org/resource/Young_adult_fiction	http://example.org/contains_relation	http://example.org/to
http://example.org/as	http://example.org/pobj	http://example.org/character
http://example.org/was	http://example.org/nsubj	http://example.org/Blair
http://example.org/Nash	http://example.org/appos	http://example.org/Radcliffe
http://dbpedia.org/resource/Jane_Austen	http://dbpedia.org/property/alt	http://example.org/Watercolour-and-pencil_portrait_of_Jane_Austen
http://dbpedia.org/resource/Academy_Awards	http://example.org/contains_relation	http://example.org/Ariana_DeBose
http://dbpedia.org/resource/The_Shire	http://example.org/contains_relation	http://example.org/Capital
http://dbpedia.org/resource/The_Shire	http://dbpedia.org/property/image	http://example.org/Location_The_Shire_3019_TA.svg
http://example.org/Print_%2C_audiobook%2C_e-book	http://example.org/label	Print , audiobook, e-book
http://dbpedia.org/resource/The_Hunger_Games	http://example.org/contains_relation	http://example.org/for
http://dbpedia.org/resource/The_Chronicles_of_Narnia	http://example.org/contains_relation	http://example.org/are
http://dbpedia.org/resource/Frodo_Baggins	http://xmlns.com/foaf/0.1/name	http://example.org/Frodo_Baggins
http://example.org/Colonel_Fitzwilliam	http://example.org/label	Colonel Fitzwilliam
http://example.org/ideas	http://example.org/conj	http://example.org/expertise
http://dbpedia.org/resource/The_Hobbit	http://example.org/contains_relation	http://example.org/set
http://dbpedia.org/resource/Harper_Lee	http://example.org/contains_relation	http://example.org/plot
http://example.org/alluded	http://example.org/nsubj	http://example.org/Reich
http://dbpedia.org/resource/Gandalf	http://example.org/contains_relation	http://example.org/Gandalf
http://dbpedia.org/resource/J._R._R._Tolkien	http://example.org/contains_relation	http://example.org/published
http://dbpedia.org/resource/Harry_Potter	http://example.org/contains_relation	http://example.org/seven
http://dbpedia.org/resource/Nazi_Germany	http://example.org/contains_relation	http://example.org/face
http://example.org/Compassionate	http://example.org/takes	http://example.org/readers
http://dbpedia.org/resource/Gandalf	http://dbpedia.org/property/last	http://example.org/Unfinished_Tales
http://example.org/taking	http://example.org/dobj	http://example.org/world
http://dbpedia.org/resource/Harper_Lee	http://dbpedia.org/ontology/birthName	http://example.org/Nelle_Harper_Lee
http://dbpedia.org/resource/Frodo_Baggins	http://example.org/contains_relation	http://example.org/23140032
http://example.org/of	http://example.org/pobj	http://example.org/Armies
http://dbpedia.org/resource/John_Green	http://example.org/contains_relation	http://example.org/in
http://dbpedia.org/resource/Gandalf	http://dbpedia.org/property/image	http://example.org/V%C3%A4in%C3%A4m%C3%B6inen_in_Sammon_puolustus.jpg
http://example.org/Animal_Farm	http://example.org/contains_relation	http://example.org/farm
http://dbpedia.org/resource/Young_adult_fiction	http://example.org/contains_relation	http://example.org/relationships
http://example.org/1837	http://example.org/label	1837
http://dbpedia.org/resource/The_Chronicles_of_Narnia	http://example.org/contains_relation	http://example.org/television
http://example.org/increasing	http://example.org/dobj	http://example.org/support
http://example.org/converted	http://example.org/dobj	http://example.org/villages
http://example.org/Alabama	http://example.org/appos	http://example.org//%CB%8C%C3%A6l%C9%99%CB%88b%C3%A6m%C9%99/
http://dbpedia.org/resource/Markus_Zusak	http://example.org/contains_relation	http://example.org/known
http://dbpedia.org/resource/The_Shire	http://example.org/contains_relation	http://example.org/1122895110
http://dbpedia.org/resource/Stalinism	http://dbpedia.org/property/footer	http://example.org/Middle%3A_Stalin%27s_handwriting%3A_%22%D0%B7%D0%B0%22
http://example.org/Hank	http://example.org/conj	http://example.org/Earl
http://dbpedia.org/resource/Bilbo_Baggins	http://example.org/contains_relation	http://example.org/as
http://dbpedia.org/resource/Elizabeth_Bennet	http://www.w3.org/2000/01/rdf-schema#label	http://example.org/Elizabeth_Bennet
http://example.org/to	http://example.org/pobj	http://example.org/illness
http://dbpedia.org/resource/The_Hunger_Games	http://www.w3.org/2000/01/rdf-schema#label	http://example.org/The_Hunger_Games
http://dbpedia.org/resource/Academy_Awards	http://dbpedia.org/property/electionName	http://example.org/Most_recent_Academy_Award_winners
http://example.org/maturity	http://example.org/conj	http://example.org/competence
http://example.org/YA	http://example.org/label	YA
http://example.org/replant	http://example.org/dobj	http://example.org/trees
http://example.org/took	http://example.org/nsubj	http://example.org/enterprises
http://example.org/U.S.	http://example.org/label	U.S.
http://example.org/John	http://example.org/ROOT	http://example.org/John
http://dbpedia.org/resource/Twilight	http://example.org/contains_relation	http://example.org/the_blue_hour
http://example.org/Augustus	http://example.org/ROOT	http://example.org/Augustus
http://dbpedia.org/resource/The_Shire	http://example.org/contains_relation	http://example.org/Tolkien
http://dbpedia.org/resource/Augustus	http://example.org/contains_relation	http://example.org/reign
http://example.org/University_of_New_South_Wales	http://example.org/label	University of New South Wales
http://dbpedia.org/resource/Elizabeth_Bennet	http://example.org/contains_relation	http://example.org/C._E._Brock
http://dbpedia.org/resource/Young_adult_fiction	http://example.org/contains_relation	http://example.org/12_to_18_years_of_age
http://dbpedia.org/resource/Twilight	http://www.w3.org/2000/01/rdf-schema#label	http://example.org/Twilight
http://example.org/oneself	http://example.org/conj	http://example.org/importance
http://example.org/second	http://example.org/label	second
http://example.org/Guy_Harris	http://example.org/label	Guy Harris
http://dbpedia.org/resource/Alabama	http://example.org/contains_relation	http://example.org/With
http://example.org/13	http://example.org/label	13
http://example.org/illustration	http://example.org/ROOT	http://example.org/illustration
http://dbpedia.org/resource/Suzanne_Collins	http://dbpedia.org/ontology/wikiPageID	http://example.org/4196525
http://dbpedia.org/resource/Samwise_Gamgee	http://example.org/contains_relation	http://example.org/Samwise_Gamgee
http://dbpedia.org/resource/Pride	http://example.org/contains_relation	http://example.org/With
http://example.org/The_Book_Thief	http://example.org/contains_relation	http://example.org/family
http://dbpedia.org/resource/Harry_Potter	http://dbpedia.org/property/books	http://example.org/Chamber_of_Secrets
http://dbpedia.org/resource/The_Hunger_Games	http://example.org/contains_relation	http://example.org/surpassing
http://example.org/Q1396889	http://example.org/label	Q1396889
http://dbpedia.org/resource/Smaug	http://example.org/contains_relation	http://example.org/was
http://dbpedia.org/resource/Alabama	http://example.org/contains_relation	http://example.org/Tennessee
http://dbpedia.org/resource/Young_adult_fiction	http://example.org/contains_relation	http://example.org/first
http://dbpedia.org/resource/Gandalf	http://example.org/contains_relation	http://example.org/
http://dbpedia.org/resource/Augustus	http://example.org/contains_relation	http://example.org/until
http://example.org/1123955794	http://example.org/label	1123955794
http://dbpedia.org/resource/Regency_era	http://example.org/contains_relation	http://example.org/including
http://example.org/in	http://example.org/pobj	http://example.org/stones
http://example.org/396490	http://example.org/label	396490
http://dbpedia.org/resource/Smaug	http://example.org/contains_relation	http://example.org/possess
http://example.org/noted	http://example.org/nsubj	http://example.org/Commentators
http://dbpedia.org/resource/The_Hunger_Games	http://example.org/contains_relation	http://example.org/surrendered
http://example.org/Ann_Radcliffe	http://example.org/label	Ann Radcliffe
http://dbpedia.org/resource/Academy_Awards	http://example.org/contains_relation	http://example.org/for
http://example.org/is	http://example.org/nsubj	http://example.org/this
http://dbpedia.org/resource/Stalinism	http://example.org/contains_relation	http://example.org/for
http://example.org/February_19%2C_2016	http://example.org/label	February 19, 2016
http://example.org/77	http://example.org/label	77
http://example.org/to	http://example.org/pobj	http://example.org/platforms
http://dbpedia.org/resource/Bilbo_Baggins	http://example.org/contains_relation	http://example.org/sets
http://dbpedia.org/resource/Gondor	http://dbpedia.org/property/blankLabel	http://example.org/Capital
http://dbpedia.org/resource/Harper_Lee	http://example.org/contains_relation	http://example.org/towards
http://example.org/are	http://example.org/attr	http://example.org/roles
http://example.org/of	http://example.org/pobj	http://example.org/age
http://dbpedia.org/resource/To_Kill_a_Mockingbird	http://www.w3.org/2000/01/rdf-schema#label	http://example.org/To_Kill_a_Mockingbird
http://example.org/as	http://example.org/pobj	http://example.org/Fantasy
http://dbpedia.org/resource/Markus_Zusak	http://example.org/contains_relation	http://example.org/is
http://example.org/known	http://example.org/nsubjpass	http://example.org/Green
http://example.org/are	http://example.org/nsubj	http://example.org/growth
http://dbpedia.org/resource/Suzanne_Collins	http://dbpedia.org/ontology/birthDate	http://example.org/1962-08-10
http://dbpedia.org/resource/The_Hunger_Games	http://example.org/contains_relation	http://example.org/The_Ballad_of_Songbirds_and_Snakes
http://dbpedia.org/resource/Smaug	http://example.org/contains_relation	http://example.org/treasure
http://example.org/abilities	http://example.org/conj	http://example.org/achievements
http://dbpedia.org/resource/The_Hobbit	http://example.org/contains_relation	http://example.org/philology
http://example.org/identified	http://example.org/nsubj	http://example.org/Critics
http://dbpedia.org/resource/North_America	http://dbpedia.org/property/image	http://example.org/Los_Angeles_with_Mount_Baldy.jpg
http://example.org/of	http://example.org/pobj	http://example.org/Age
http://example.org/Baggins	http://example.org/whisked_In	http://example.org/Hobbit
http://example.org/with	http://example.org/pobj	http://example.org/enterprises
http://example.org/1961	http://example.org/label	1961
http://dbpedia.org/resource/Frodo_Baggins	http://example.org/contains_relation	http://example.org/as
http://example.org/of	http://example.org/pobj	http://example.org/adaptations
http://example.org/Bag_End%2C_The_Shire	http://example.org/label	Bag End, The Shire
http://example.org/to	http://example.org/pobj	http://example.org/literature
http://example.org/with	http://example.org/pobj	http://example.org/Baggins
http://example.org/over	http://example.org/pobj	http://example.org/succession
http://example.org/Location_The_Shire_3019_TA.svg	http://example.org/label	Location The Shire 3019 TA.svg
http://dbpedia.org/resource/Harper_Lee	http://example.org/contains_relation	http://example.org/1960
http://dbpedia.org/resource/George_Orwell	http://dbpedia.org/ontology/wikiPageID	http://example.org/11891
http://dbpedia.org/resource/J._R._R._Tolkien	http://dbpedia.org/property/d	http://example.org/y
http://dbpedia.org/resource/Pride	http://example.org/contains_relation	http://example.org/confidence
http://dbpedia.org/resource/Stalinism	http://example.org/contains_relation	http://example.org/governing
http://example.org/entire_state	http://example.org/label	entire state
http://example.org/Portrait%2C_c._1974	http://example.org/label	Portrait, c. 1974
http://dbpedia.org/resource/J._R._R._Tolkien	http://example.org/contains_relation	http://example.org/to
http://example.org/2016	http://example.org/label	2016
http://dbpedia.org/resource/Animal_Farm	http://example.org/contains_relation	http://example.org/100
http://dbpedia.org/resource/Stalinism	http://example.org/contains_relation	http://example.org/the_1930s
http://example.org/Games	http://example.org/appos	http://example.org/Fire
http://example.org/of	http://example.org/pobj	http://example.org/tobacco
http://example.org/greets	http://example.org/dobj	http://example.org/convoy
http://dbpedia.org/resource/The_Hobbit	http://example.org/contains_relation	http://example.org/into
http://dbpedia.org/resource/The_Hunger_Games	http://example.org/contains_relation	http://example.org/topped
http://dbpedia.org/resource/Harry_Potter	http://dbpedia.org/property/country	http://example.org/United_Kingdom
http://example.org/received	http://example.org/dobj	http://example.org/accolades
http://example.org/works	http://example.org/nsubj	http://example.org/justice
http://dbpedia.org/resource/Twilight	http://example.org/contains_relation	http://example.org/losing
http://dbpedia.org/resource/Markus_Zusak	http://www.w3.org/2000/01/rdf-schema#label	http://example.org/Markus_Zusak
http://example.org/stood	http://example.org/nsubj	http://example.org/orcs
http://dbpedia.org/resource/Harper_Lee	http://example.org/contains_relation	http://example.org/be
http://dbpedia.org/resource/George_Orwell	http://example.org/contains_relation	http://example.org/Hampstead
http://dbpedia.org/resource/Young_adult_fiction	http://example.org/contains_relation	http://example.org/with
http://dbpedia.org/resource/Samwise_Gamgee	http://example.org/contains_relation	http://example.org/Ring
http://dbpedia.org/resource/Animal_Farm	http://example.org/contains_relation	http://example.org/for
http://example.org/Shelley	http://example.org/conj	http://example.org/Turner
http://example.org/1121477499	http://example.org/label	1121477499
http://example.org/of	http://example.org/pobj	http://example.org/Dale
http://example.org/the_Communist_Party	http://example.org/label	the Communist Party
http://dbpedia.org/resource/Markus_Zusak	http://example.org/contains_relation	http://example.org/of
http://example.org/of	http://example.org/pobj	http://example.org/Wales
http://dbpedia.org/resource/Character_class	http://example.org/contains_relation	http://example.org/attain
http://example.org/noted	http://example.org/dobj	http://example.org/character
http://dbpedia.org/resource/Stalinism	http://example.org/contains_relation	http://example.org/trials
http://example.org/was	http://example.org/attr	http://example.org/mallorn
http://dbpedia.org/resource/Pride	http://example.org/contains_relation	http://example.org/manifests
http://example.org/is	http://example.org/nsubj	http://example.org/America
http://dbpedia.org/resource/Jane_Austen	http://dbpedia.org/property/image	http://example.org/Winchester_Cathedral_view_1.jpg
http://example.org/Hill	http://example.org/conj	http://example.org/Hampstead
http://example.org/The_Chronicles_of_Narnia_%28The_Chronicles_of_Narnia%2C_%231-7%29	http://example.org/contains_relation	http://example.org/chapter
http://dbpedia.org/resource/Gondor	http://example.org/contains_relation	http://example.org/Minas_Tirith
http://dbpedia.org/resource/Jane_Austen	http://dbpedia.org/property/commons	http://example.org/Jane_Austen
http://dbpedia.org/resource/John_Green	http://example.org/contains_relation	http://example.org/Esther_Earl
http://example.org/150_years	http://example.org/label	150 years
http://example.org/blamed	http://example.org/nsubj	http://example.org/one
http://dbpedia.org/resource/Harry_Potter	http://example.org/contains_relation	http://example.org/first
http://dbpedia.org/resource/The_Hobbit	http://example.org/contains_relation	http://example.org/The_Hobbit%2C_or
http://example.org/1934	http://example.org/label	1934
http://example.org/from	http://example.org/pobj	http://example.org/BC
http://dbpedia.org/resource/Regency_era	http://dbpedia.org/ontology/wikiPageID	http://example.org/154908
http://dbpedia.org/resource/Harper_Lee	http://example.org/contains_relation	http://example.org/fiction
http://example.org/are	http://example.org/attr	http://example.org/recognition
http://example.org/had	http://example.org/dobj	http://example.org/popularity
http://example.org/Baggins	http://example.org/conj	http://example.org/Gamgee
http://dbpedia.org/resource/Hermione_Granger	http://example.org/contains_relation	http://example.org/Jessie_Braviner
http://dbpedia.org/resource/The_Hobbit	http://example.org/contains_relation	http://example.org/applying
http://dbpedia.org/resource/Harper_Lee	http://example.org/contains_relation	http://example.org/1936
http://dbpedia.org/resource/North_America	http://example.org/contains_relation	http://example.org/center
http://dbpedia.org/resource/Smaug	http://example.org/contains_relation	http://example.org/%E2%80%94J.R.R._Tolkien
http://example.org/as	http://example.org/pobj	http://example.org/means
http://example.org/agriculture	http://example.org/appos	http://example.org/intensification
http://example.org/Ala.	http://example.org/label	Ala.
http://example.org/facing	http://example.org/dobj	http://example.org/him
http://example.org/One	http://example.org/label	One
http://example.org/by	http://example.org/pobj	http://example.org/area
http://example.org/in	http://example.org/pobj	http://example.org/Mordor
http://dbpedia.org/resource/Academy_Awards	http://example.org/contains_relation	http://example.org/The_Academy_Award_statuette
http://example.org/reigned	http://example.org/nsubj	http://example.org/he
http://dbpedia.org/resource/Harper_Lee	http://example.org/contains_relation	http://example.org/of
http://dbpedia.org/resource/Smaug	http://dbpedia.org/property/style	http://example.org/text-indent%3A1em%3B
http://dbpedia.org/resource/Young_adult_fiction	http://example.org/contains_relation	http://example.org/34224
http://example.org/on	http://example.org/pobj	http://example.org/England
http://example.org/Brandybuck	http://example.org/conj	http://example.org/Took
http://example.org/caught	http://example.org/dobj	http://example.org/glimpse
http://dbpedia.org/resource/Stalinism	http://example.org/contains_relation	http://example.org/during
http://dbpedia.org/resource/Smaug	http://example.org/contains_relation	http://example.org/J._R._R._Tolkien%27s
http://dbpedia.org/resource/Smaug	http://example.org/contains_relation	http://example.org/hobbit
http://example.org/Sun	http://example.org/label	Sun
http://dbpedia.org/resource/Samwise_Gamgee	http://example.org/contains_relation	http://example.org/had
http://example.org/dogs	http://example.org/conj	http://example.org/houses
http://dbpedia.org/resource/The_Chronicles_of_Narnia	http://www.w3.org/1999/02/22-rdf-syntax-ns#type	http://example.org/Entity
http://dbpedia.org/resource/Samwise_Gamgee	http://example.org/contains_relation	http://example.org/In
http://example.org/Mont_Saint-Michel	http://example.org/label	Mont Saint-Michel
http://dbpedia.org/resource/Gondor	http://example.org/contains_relation	http://example.org/Isildur_and_An%C3%A1rion
http://dbpedia.org/resource/The_Hunger_Games	http://example.org/contains_relation	http://example.org/released
http://example.org/German	http://example.org/label	German
http://dbpedia.org/resource/Harper_Lee	http://example.org/contains_relation	http://example.org/Lee
http://example.org/Harry	http://example.org/enjoys_Unlike	http://example.org/schoolboys
http://example.org/between_1950_and_1956	http://example.org/label	between 1950 and 1956
http://dbpedia.org/resource/Markus_Zusak	http://example.org/contains_relation	http://example.org/Am
http://dbpedia.org/resource/The_Hobbit	http://example.org/contains_relation	http://example.org/on
http://example.org/included	http://example.org/dobj	http://example.org/Laws
http://example.org/by	http://example.org/pobj	http://example.org/son
http://example.org/as	http://example.org/pobj	http://example.org/realm
http://dbpedia.org/resource/Pride	http://example.org/contains_relation	http://example.org/requires
http://dbpedia.org/resource/Nazi_Germany	http://www.w3.org/2000/01/rdf-schema#label	http://example.org/Nazi_Germany
http://example.org/young_adult_fiction	http://example.org/label	young adult fiction
http://dbpedia.org/resource/Augustus	http://example.org/contains_relation	http://example.org/September_63
http://example.org/Narnia	http://example.org/conj	http://example.org/beasts
http://example.org/in	http://example.org/pobj	http://example.org/Shire
http://dbpedia.org/resource/Wizardry	http://example.org/contains_relation	http://example.org/Dragon_Quest
http://example.org/take	http://example.org/dobj	http://example.org/kingdom
http://example.org/in	http://example.org/pobj	http://example.org/appendices
http://example.org/Harry_Potter_and_the_Order_of_the_Phoenix_%28Harry_Potter%2C_%235%29	http://example.org/title	Harry Potter and the Order of the Phoenix (Harry Potter, #5)
http://dbpedia.org/resource/Suzanne_Collins	http://example.org/contains_relation	http://example.org/author
http://dbpedia.org/resource/Elizabeth_Bennet	http://example.org/contains_relation	http://example.org/as
http://dbpedia.org/resource/The_Hunger_Games	http://example.org/contains_relation	http://example.org/won
http://example.org/13th	http://example.org/label	13th
http://dbpedia.org/resource/Frodo_Baggins	http://dbpedia.org/property/first	http://example.org/The_Fellowship_of_the_Ring
http://dbpedia.org/resource/Academy_Awards	http://dbpedia.org/property/image	http://example.org/Troy_kotsur_2022_1.jpg
http://example.org/based	http://example.org/dobj	http://example.org/landscapes
http://example.org/consider	http://example.org/nsubj	http://example.org/philosophers
http://example.org/cratons	http://example.org/conj	http://example.org/rocks
http://example.org/at	http://example.org/pobj	http://example.org/end
http://example.org/by	http://example.org/pobj	http://example.org/Webster
http://dbpedia.org/resource/George_Orwell	http://example.org/contains_relation	http://example.org/in
http://example.org/with	http://example.org/pobj	http://example.org/rifles
http://example.org/cover	http://example.org/ROOT	http://example.org/cover
http://dbpedia.org/resource/Gandalf	http://example.org/contains_relation	http://example.org/The_Return_of_the_King
http://example.org/performing	http://example.org/nsubj	http://example.org/Hank
http://dbpedia.org/resource/J._R._R._Tolkien	http://example.org/contains_relation	http://example.org/y
http://dbpedia.org/resource/George_Orwell	http://example.org/contains_relation	http://example.org/1950-01-21
http://dbpedia.org/resource/Hogwarts	http://example.org/contains_relation	http://example.org/Secondary_school
http://example.org/deem	http://example.org/nsubj	http://example.org/I
http://example.org/New_York_Times	http://example.org/label	New York Times
http://example.org/is	http://example.org/attr	http://example.org/emotion
http://example.org/of	http://example.org/pobj	http://example.org/magic
http://example.org/Australian	http://example.org/label	Australian
http://example.org/occurs	http://example.org/nsubj	http://example.org/illumination
http://dbpedia.org/resource/Legolas	http://example.org/contains_relation	http://example.org/Rohan
http://dbpedia.org/resource/Smaug	http://example.org/contains_relation	http://example.org/1937
http://example.org/is	http://example.org/attr	http://example.org/economy
http://dbpedia.org/resource/The_Shire	http://example.org/contains_relation	http://example.org/the_end_of_the_Third_Age
http://dbpedia.org/resource/Harper_Lee	http://example.org/contains_relation	http://example.org/deals
http://dbpedia.org/resource/Gandalf	http://example.org/contains_relation	http://example.org/right
http://example.org/than	http://example.org/pobj	http://example.org/anyone
http://example.org/at	http://example.org/pobj	http://example.org/beginning
http://example.org/of	http://example.org/pobj	http://example.org/Phoenix
http://dbpedia.org/resource/Frodo_Baggins	http://example.org/contains_relation	http://example.org/Unfinished_Tales
http://example.org/Dvergatal	http://example.org/label	Dvergatal
http://example.org/help	http://example.org/dobj	http://example.org/Thorin
http://dbpedia.org/resource/Stalinism	http://example.org/contains_relation	http://example.org/execute
http://dbpedia.org/resource/The_Hobbit	http://www.w3.org/1999/02/22-rdf-syntax-ns#type	http://example.org/Entity
http://example.org/be	http://example.org/attr	http://example.org/draft
http://dbpedia.org/resource/Animal_Farm	http://dbpedia.org/property/b	http://example.org/no
http://dbpedia.org/resource/The_Shire	http://example.org/contains_relation	http://example.org/Lord
http://example.org/Potter	http://example.org/ROOT	http://example.org/Potter
http://example.org/1939	http://example.org/label	1939
http://dbpedia.org/resource/Hermione_Granger	http://example.org/contains_relation	http://example.org/had
http://dbpedia.org/resource/Academy_Awards	http://dbpedia.org/property/caption	http://example.org/The_Academy_Award_statuette
http://dbpedia.org/resource/Samwise_Gamgee	http://example.org/contains_relation	http://example.org/went
http://dbpedia.org/resource/Suzanne_Collins	http://example.org/contains_relation	http://example.org/The_Underland_Chronicles_and_The_Hunger_Games
http://example.org/Without	http://example.org/pobj	http://example.org/it
http://example.org/the_Soviet_Union	http://example.org/label	the Soviet Union
http://example.org/1903-06-25	http://example.org/label	1903-06-25
http://dbpedia.org/resource/Stalinism	http://dbpedia.org/ontology/wikiPageRevisionID	http://example.org/1124498184
http://dbpedia.org/resource/Jane_Austen	http://dbpedia.org/property/commonscat	http://example.org/yes
http://dbpedia.org/resource/Gondor	http://dbpedia.org/property/blankData	http://example.org/Osgiliath%2C_then_Minas_Tirith
http://example.org/Sam	http://example.org/label	Sam
http://dbpedia.org/resource/Nazi_Germany	http://example.org/contains_relation	http://example.org/the_German_Reich
http://example.org/keep	http://example.org/dobj	http://example.org/Eye
http://example.org/With	http://example.org/pobj	http://example.org/connotation
http://dbpedia.org/resource/The_Hobbit	http://example.org/contains_relation	http://example.org/George_Allen_%26_Unwin%28UK%29
http://example.org/by	http://example.org/pobj	http://example.org/Lee
http://example.org/with	http://example.org/pobj	http://example.org/twilight
http://example.org/the_Kingdom_of_Arnor	http://example.org/label	the Kingdom of Arnor
http://dbpedia.org/resource/Regency_era	http://example.org/contains_relation	http://example.org/encompassing
http://example.org/George	http://example.org/conj	http://example.org/Prince
http://example.org/have	http://example.org/nsubj	http://example.org/We
http://dbpedia.org/resource/Smaug	http://dbpedia.org/property/caption	http://example.org/Tolkien%27s_illustration_Conversation_with_Smaug
http://dbpedia.org/resource/The_Chronicles_of_Narnia	http://www.w3.org/2000/01/rdf-schema#label	http://example.org/The_Chronicles_of_Narnia
http://example.org/preceded	http://example.org/nsubjpass	http://example.org/It
http://example.org/is	http://example.org/nsubj	http://example.org/Baggins
http://dbpedia.org/resource/Stalinism	http://example.org/contains_relation	http://example.org/1927
http://dbpedia.org/resource/Elizabeth_Bennet	http://example.org/contains_relation	http://example.org/novel
http://example.org/by	http://example.org/pobj	http://example.org/Kallela
http://example.org/people	http://example.org/conj	http://example.org/people
http://dbpedia.org/resource/Gandalf	http://www.w3.org/2000/01/rdf-schema#label	http://example.org/Gandalf
http://dbpedia.org/resource/Twilight	http://example.org/contains_relation	http://example.org/illuminates
http://example.org/PR6039.O32_H63	http://example.org/label	PR6039.O32 H63
http://example.org/do	http://example.org/dobj	http://example.org/things
http://dbpedia.org/resource/Alabama	http://example.org/contains_relation	http://example.org/Alabama
http://example.org/2%2C400_km	http://example.org/label	2,400 km
http://example.org/for	http://example.org/pobj	http://example.org/novel
http://dbpedia.org/resource/Frodo_Baggins	http://example.org/contains_relation	http://example.org/wounded
http://dbpedia.org/resource/Harper_Lee	http://example.org/contains_relation	http://example.org/1961
http://example.org/George_Bernard_Shaw	http://example.org/label	George Bernard Shaw
http://example.org/as	http://example.org/pobj	http://example.org/IV
http://example.org/in	http://example.org/pobj	http://example.org/Scouring
http://example.org/Potter	http://example.org/conj	http://example.org/Hallows
http://dbpedia.org/resource/Hermione_Granger	http://example.org/contains_relation	http://example.org/Hallows
http://example.org/Frodo_Baggins	http://example.org/label	Frodo Baggins
http://example.org/succeeded	http://example.org/nsubj	http://example.org/Regent
http://dbpedia.org/resource/Frodo_Baggins	http://example.org/contains_relation	http://example.org/Old_English
http://dbpedia.org/resource/Alabama	http://example.org/contains_relation	http://example.org/30th
http://example.org/to	http://example.org/pobj	http://example.org/southeast
http://dbpedia.org/resource/To_Kill_a_Mockingbird	http://example.org/contains_relation	http://example.org/neighbors
http://dbpedia.org/resource/North_America	http://example.org/contains_relation	http://example.org/is
http://dbpedia.org/resource/North_America	http://example.org/contains_relation	http://example.org/Luchtfoto_van_Lower_Manhattan.jpg
http://dbpedia.org/resource/Character_class	http://example.org/contains_relation	http://example.org/by
http://example.org/making	http://example.org/dobj	http://example.org/skyline
http://example.org/returns	http://example.org/nsubj	http://example.org/action
http://dbpedia.org/resource/Twilight	http://example.org/contains_relation	http://example.org/said
http://dbpedia.org/resource/Frodo_Baggins	http://example.org/contains_relation	http://example.org/from
http://example.org/avail	http://example.org/nsubj	http://example.org/fire
http://example.org/was	http://example.org/attr	http://example.org/Wizardry
http://dbpedia.org/resource/Legolas	http://dbpedia.org/property/gender	http://example.org/Male
http://example.org/Signature	http://example.org/label	Signature
http://example.org/for	http://example.org/pobj	http://example.org/Robinson
http://dbpedia.org/resource/Frodo_Baggins	http://dbpedia.org/ontology/wikiPageRevisionID	http://example.org/1122063268
http://example.org/of	http://example.org/pobj	http://example.org/socialism
http://dbpedia.org/resource/Gondor	http://example.org/contains_relation	http://example.org/J._R._R._Tolkien%27s_legendarium
http://dbpedia.org/resource/To_Kill_a_Mockingbird	http://example.org/contains_relation	http://example.org/trusts
http://dbpedia.org/resource/Stalinism	http://example.org/contains_relation	http://example.org/the_Ford_Motor_Company
http://example.org/as	http://example.org/pobj	http://example.org/Elf
http://example.org/stage	http://example.org/conj	http://example.org/film
http://dbpedia.org/resource/Samwise_Gamgee	http://example.org/contains_relation	http://example.org/One
http://example.org/with	http://example.org/pobj	http://example.org/which
http://dbpedia.org/resource/Elizabeth_Bennet	http://dbpedia.org/property/relatives	http://example.org/
http://dbpedia.org/resource/Gandalf	http://example.org/contains_relation	http://example.org/V%C3%A4in%C3%A4m%C3%B6inen_in_Sammon_puolustus.jpg
http://dbpedia.org/resource/Twilight	http://example.org/contains_relation	http://example.org/below
http://dbpedia.org/resource/Augustus	http://example.org/contains_relation	http://example.org/cult
http://example.org/by	http://example.org/pobj	http://example.org/Tech
http://example.org/identity	http://example.org/appos	http://example.org/pride
http://example.org/Northwest_of_Middle-earth	http://example.org/label	Northwest of Middle-earth
http://example.org/Francis	http://example.org/appos	http://example.org/Hilary
http://dbpedia.org/resource/Harry_Potter	http://example.org/contains_relation	http://example.org/Order_of_the_Phoenix
http://example.org/books	http://example.org/presented_in	http://example.org/order
http://example.org/assisted	http://example.org/dobj	http://example.org/friend
http://dbpedia.org/resource/The_Hunger_Games	http://example.org/contains_relation	http://example.org/64_years
http://example.org/Watson	http://example.org/ROOT	http://example.org/Watson
http://example.org/in	http://example.org/pobj	http://example.org/AD
http://dbpedia.org/resource/Nazi_Germany	http://example.org/contains_relation	http://example.org/photo
http://example.org/is	http://example.org/nsubj	http://example.org/Bennet
http://dbpedia.org/resource/Hogwarts	http://example.org/contains_relation	http://example.org/Hogwarts_at_Leavesden_Studios
http://dbpedia.org/resource/Jane_Austen	http://dbpedia.org/property/d	http://example.org/Q36322
http://dbpedia.org/resource/The_Shire	http://example.org/contains_relation	http://example.org/represented
http://example.org/fashions	http://example.org/conj	http://example.org/architecture
http://example.org/earlier_Holy_Roman_Empire	http://example.org/label	earlier Holy Roman Empire
http://dbpedia.org/resource/North_America	http://example.org/contains_relation	http://example.org/of
http://dbpedia.org/resource/Gondor	http://example.org/contains_relation	http://example.org/Return
http://dbpedia.org/resource/Hogwarts	http://example.org/contains_relation	http://example.org/Hogwarts_School_of_Witchcraft
http://example.org/the_Cotton_State	http://example.org/label	the Cotton State
http://example.org/40316	http://example.org/label	40316
http://example.org/in	http://example.org/pobj	http://example.org/realm
http://example.org/the_New_York_Herald_Tribune	http://example.org/label	the New York Herald Tribune
http://dbpedia.org/resource/Regency_era	http://example.org/contains_relation	http://example.org/George
http://dbpedia.org/resource/John_Green	http://example.org/contains_relation	http://example.org/Crash_Course
http://example.org/delineates	http://example.org/dobj	http://example.org/race
http://dbpedia.org/resource/J._R._R._Tolkien	http://example.org/contains_relation	http://example.org//%CB%88ru%CB%90l
http://example.org/2010	http://example.org/label	2010
http://dbpedia.org/resource/Jane_Austen	http://example.org/contains_relation	http://example.org/December
http://example.org/Oscar	http://example.org/label	Oscar
http://example.org/is	http://example.org/attr	http://example.org/job
http://example.org/dare	http://example.org/nsubj	http://example.org/none
http://example.org/boxed	http://example.org/dobj	http://example.org/set
http://dbpedia.org/resource/The_Shire	http://example.org/contains_relation	http://example.org/40316
http://example.org/April_28%2C_1926	http://example.org/label	April 28, 1926
http://example.org/Augustus	http://example.org/label	Augustus
http://example.org/Sun	http://example.org/appos	http://example.org/dimmer
http://dbpedia.org/resource/The_Hobbit	http://example.org/contains_relation	http://example.org/reaches
http://example.org/setting	http://example.org/dobj	http://example.org/contracts
http://example.org/Earl	http://example.org/label	Earl
http://dbpedia.org/resource/Markus_Zusak	http://example.org/contains_relation	http://example.org/two
http://example.org/into	http://example.org/pobj	http://example.org/dictatorship
http://example.org/31186643	http://example.org/label	31186643
http://example.org/1124915795	http://example.org/label	1124915795
http://dbpedia.org/resource/Harper_Lee	http://example.org/contains_relation	http://example.org/2016-02-19
http://dbpedia.org/resource/The_Shire	http://example.org/contains_relation	http://example.org/23141570
http://dbpedia.org/resource/Suzanne_Collins	http://example.org/contains_relation	http://example.org/Collins_in_2010
http://example.org/awarded	http://example.org/dobj	http://example.org/prize
http://example.org/sent	http://example.org/nsubjpass	http://example.org/it
http://example.org/that	http://example.org/weigh	http://example.org/survival
http://dbpedia.org/resource/Regency_era	http://example.org/contains_relation	http://example.org/Austen
http://example.org/by	http://example.org/pobj	http://example.org/impact
http://example.org/of	http://example.org/pobj	http://example.org/Bilbo
http://dbpedia.org/resource/Augustus	http://example.org/contains_relation	http://example.org/Livia
http://dbpedia.org/resource/George_Orwell	http://dbpedia.org/property/signature	http://example.org/Orwell-Signature.svg
http://example.org/among	http://example.org/pobj	http://example.org/sheep
http://example.org/by	http://example.org/pobj	http://example.org/bird
http://example.org/defined	http://example.org/dobj	http://example.org/it
http://example.org/Hunger_Games	http://example.org/label	Hunger Games
http://example.org/beginning	http://example.org/conj	http://example.org/end
http://example.org/controlled	http://example.org/nsubjpass	http://example.org/aspects
http://example.org/of	http://example.org/pobj	http://example.org/Principate
http://example.org/self	http://example.org/conj	http://example.org/mastery
http://example.org/Tolkien	http://example.org/appos	http://example.org/success
http://dbpedia.org/resource/Wizardry	http://example.org/contains_relation	http://example.org/by
http://example.org/left	http://example.org/label	left
http://dbpedia.org/resource/The_Hunger_Games	http://example.org/contains_relation	http://example.org/New_York_Times
http://dbpedia.org/resource/Academy_Awards	http://example.org/contains_relation	http://example.org/Academy_Awards
http://dbpedia.org/resource/Bilbo_Baggins	http://example.org/contains_relation	http://example.org/Gerontius_%22The_Old%22_Took
http://example.org/becomes	http://example.org/nsubj	http://example.org/she
http://example.org/cover	http://example.org/appos	http://example.org/printing
http://dbpedia.org/resource/Harper_Lee	http://example.org/contains_relation	http://example.org/two
http://dbpedia.org/resource/Regency_era	http://example.org/contains_relation	http://example.org/fashions
http://example.org/avoiding	http://example.org/dobj	http://example.org/violence
http://dbpedia.org/resource/The_Shire	http://example.org/contains_relation	http://example.org/returns
http://dbpedia.org/resource/The_Shire	http://example.org/contains_relation	http://example.org/Rings
http://example.org/was	http://example.org/attr	http://example.org/influence
http://example.org/cratons	http://example.org/ROOT	http://example.org/cratons
http://example.org/in	http://example.org/pobj	http://example.org/west
http://example.org/became	http://example.org/nsubj	http://example.org/Germany
http://dbpedia.org/resource/Markus_Zusak	http://example.org/contains_relation	http://example.org/the_Margaret_A._Edwards_Award
http://example.org/Pride	http://example.org/conj	http://example.org/Prejudice
http://example.org/of	http://example.org/pobj	http://example.org/those
http://dbpedia.org/resource/Stalinism	http://example.org/contains_relation	http://example.org/Stalin
http://example.org/two	http://example.org/label	two
http://example.org/of	http://example.org/pobj	http://example.org/self
http://dbpedia.org/resource/To_Kill_a_Mockingbird	http://example.org/contains_relation	http://example.org/is
http://dbpedia.org/resource/The_Two_Towers	http://example.org/contains_relation	http://example.org/The_Two_Towers
http://dbpedia.org/resource/Young_adult_fiction	http://example.org/contains_relation	http://example.org/young_adult_fiction
http://example.org/In	http://example.org/pobj	http://example.org/film
http://dbpedia.org/resource/Smaug	http://dbpedia.org/property/align	http://example.org/right
http://example.org/against	http://example.org/pobj	http://example.org/Capitol
http://example.org/are	http://example.org/nsubj	http://example.org/protagonists
http://example.org/ROOL_TOL-keen	http://example.org/label	ROOL TOL-keen
http://example.org/job	http://example.org/conj	http://example.org/profession
http://example.org/The_Hobbit%2C_or	http://example.org/label	The Hobbit, or
http://dbpedia.org/resource/The_Hunger_Games	http://example.org/contains_relation	http://example.org/Fire
http://example.org/Anor	http://example.org/label	Anor
http://example.org/collapse	http://example.org/conj	http://example.org/unemployment
http://example.org/fallen	http://example.org/nsubj	http://example.org/Union
http://dbpedia.org/resource/Jane_Austen	http://example.org/contains_relation	http://example.org/to
http://example.org/came	http://example.org/nsubj	http://example.org/Fire
http://dbpedia.org/resource/Gandalf	http://example.org/contains_relation	http://example.org/close
http://dbpedia.org/resource/Regency_era	http://example.org/contains_relation	http://example.org/George_IV
http://dbpedia.org/resource/George_Orwell	http://example.org/contains_relation	http://example.org/Orwell-Signature.svg
http://example.org/Harry_Potter_and_the_Order_of_the_Phoenix_%28Harry_Potter%2C_%235%29	http://example.org/contains_relation	http://example.org/Potter
http://dbpedia.org/resource/Wizardry	http://example.org/contains_relation	http://example.org/Japanese
http://example.org/to	http://example.org/pobj	http://example.org/Politburo.jpg
http://dbpedia.org/resource/John_Green	http://example.org/contains_relation	http://example.org/creator
http://dbpedia.org/resource/Smaug	http://dbpedia.org/property/data	http://example.org/
http://example.org/as	http://example.org/pobj	http://example.org/snail
http://dbpedia.org/resource/Stalinism	http://example.org/contains_relation	http://example.org/fallen
http://example.org/range	http://example.org/nsubj	http://example.org/differences
http://example.org/as	http://example.org/pobj	http://example.org/boy
http://example.org/in	http://example.org/pobj	http://example.org/Europe
http://dbpedia.org/resource/The_Hunger_Games	http://example.org/contains_relation	http://example.org/titled
http://example.org/Belladonna_Took	http://example.org/label	Belladonna Took
http://dbpedia.org/resource/Augustus	http://example.org/contains_relation	http://example.org/Roman
http://dbpedia.org/resource/The_Hunger_Games	http://example.org/contains_relation	http://example.org/56
http://dbpedia.org/resource/Academy_Awards	http://example.org/contains_relation	http://example.org/American
http://example.org/For	http://example.org/pobj	http://example.org/example
http://dbpedia.org/resource/Stalinism	http://example.org/contains_relation	http://example.org/American
http://dbpedia.org/resource/Harry_Potter	http://example.org/contains_relation	http://example.org/intends
http://example.org/in	http://example.org/pobj	http://example.org/YA
http://dbpedia.org/resource/Harper_Lee	http://example.org/contains_relation	http://example.org/Portrait
http://dbpedia.org/resource/Gandalf	http://example.org/contains_relation	http://example.org/into
http://dbpedia.org/resource/Harper_Lee	http://example.org/contains_relation	http://example.org/1966
http://example.org/for	http://example.org/pobj	http://example.org/novels
http://example.org/The_Book_Thief	http://example.org/contains_relation	http://example.org/life
http://example.org/in	http://example.org/pobj	http://example.org/hollow
http://example.org/Statue_of_Augustus	http://example.org/label	Statue of Augustus
http://dbpedia.org/resource/Twilight	http://example.org/contains_relation	http://example.org/quality
http://example.org/stumbled	http://example.org/nsubj	http://example.org/Bilbo
http://example.org/of	http://example.org/pobj	http://example.org/Shire
http://dbpedia.org/resource/Augustus	http://example.org/contains_relation	http://example.org/Roman_consul_XIII
http://example.org/surpassed	http://example.org/dobj	http://example.org/hopes
http://example.org/Indiana_University_Bloomington	http://example.org/label	Indiana University Bloomington
http://dbpedia.org/resource/North_America	http://example.org/contains_relation	http://example.org/the_Atlantic_Ocean
http://example.org/growth	http://example.org/conj	http://example.org/forms
http://dbpedia.org/resource/John_Green	http://example.org/contains_relation	http://example.org/2008
http://example.org/trucks	http://example.org/conj	http://example.org/cars
http://dbpedia.org/resource/Regency_era	http://example.org/contains_relation	http://example.org/Mary_Shelley
http://dbpedia.org/resource/Character_class	http://example.org/contains_relation	http://example.org/purposes
http://example.org/the_years_1811_to_1820	http://example.org/label	the years 1811 to 1820
http://dbpedia.org/resource/George_Orwell	http://dbpedia.org/ontology/deathDate	http://example.org/1950-01-21
http://example.org/characters	http://example.org/dance	http://example.org/quadrille
http://example.org/begin	http://example.org/nsubj	http://example.org/influence
http://dbpedia.org/resource/Stalinism	http://example.org/contains_relation	http://example.org/itself
http://example.org/is	http://example.org/nsubj	http://example.org/pride
http://dbpedia.org/resource/Young_adult_fiction	http://example.org/contains_relation	http://example.org/in
http://example.org/is	http://example.org/nsubj	http://example.org/Wizardry
http://example.org/were	http://example.org/nsubj	http://example.org/that
http://example.org/pride	http://example.org/conj	http://example.org/narcissism
http://example.org/%28Hogwarts_Express%29	http://example.org/label	(Hogwarts Express)
http://example.org/identify	http://example.org/dobj	http://example.org/expression
http://dbpedia.org/resource/Stalinism	http://example.org/contains_relation	http://example.org/Marxist
http://example.org/Portrait%2C	http://example.org/label	Portrait,
http://dbpedia.org/resource/Elizabeth_Bennet	http://example.org/contains_relation	http://example.org/Pride
http://example.org/is	http://example.org/nsubj	http://example.org/which
http://dbpedia.org/resource/Gondor	http://dbpedia.org/property/source	http://example.org/J._R._R._Tolkien%27s_legendarium
http://example.org/from	http://example.org/pobj	http://example.org/changes
http://dbpedia.org/resource/Academy_Awards	http://example.org/contains_relation	http://example.org/Most_recent_Academy_Award_winners
http://dbpedia.org/resource/Samwise_Gamgee	http://example.org/contains_relation	http://example.org/destroyed
http://dbpedia.org/resource/To_Kill_a_Mockingbird	http://example.org/contains_relation	http://example.org/near
http://example.org/novel	http://example.org/appos	http://example.org/Lord
http://example.org/possess	http://example.org/dobj	http://example.org/waistcoat
http://dbpedia.org/resource/The_Hobbit	http://example.org/contains_relation	http://example.org/with
http://dbpedia.org/resource/Nazi_Germany	http://example.org/contains_relation	http://example.org/line
http://example.org/book	http://example.org/appos	http://example.org/ch
http://example.org/Category%3APride	http://example.org/label	Category:Pride
http://dbpedia.org/resource/The_Chronicles_of_Narnia	http://example.org/contains_relation	http://example.org/High_fantasy
http://example.org/June_1837	http://example.org/label	June 1837
http://example.org/The_Academy_Award_statuette	http://example.org/label	The Academy Award statuette
http://dbpedia.org/resource/Hogwarts	http://example.org/contains_relation	http://example.org/Potter
http://example.org/to	http://example.org/pobj	http://example.org/quality
http://example.org/among	http://example.org/pobj	http://example.org/words
http://dbpedia.org/resource/The_Two_Towers	http://example.org/contains_relation	http://example.org/The_Fellowship_of_the_Ring
http://dbpedia.org/resource/Stalinism	http://example.org/contains_relation	http://example.org/Execute_346_Politburo_passes.jpg
http://dbpedia.org/resource/The_Two_Towers	http://dbpedia.org/property/oclc	http://example.org/936070
http://dbpedia.org/resource/Academy_Awards	http://example.org/contains_relation	http://example.org/the_Art_Deco
http://example.org/take	http://example.org/dobj	http://example.org/ship
http://example.org/The_Lord_of_the_Rings	http://example.org/label	The Lord of the Rings
http://example.org/of	http://example.org/pobj	http://example.org/breast
http://example.org/as	http://example.org/pobj	http://example.org/father
http://example.org/by	http://example.org/pobj	http://example.org/Rowling
http://example.org/totalitarian	http://example.org/label	totalitarian
http://example.org/asking	http://example.org/dobj	http://example.org/permission
http://example.org/walk	http://example.org/nsubj	http://example.org/We
http://example.org/defined	http://example.org/nsubj	http://example.org/Augustine
http://example.org/of	http://example.org/pobj	http://example.org/portion
http://dbpedia.org/resource/Academy_Awards	http://example.org/contains_relation	http://example.org/Troy_kotsur_2022_1.jpg
http://dbpedia.org/resource/North_America	http://example.org/contains_relation	http://example.org/as
http://dbpedia.org/resource/Nazi_Germany	http://dbpedia.org/property/yearDeputy	http://example.org/1933
http://dbpedia.org/resource/Nazi_Germany	http://example.org/contains_relation	http://example.org/ending
http://example.org/through	http://example.org/pobj	http://example.org/adventures
http://example.org/adapted	http://example.org/nsubjpass	http://example.org/Each
http://dbpedia.org/resource/Smaug	http://example.org/contains_relation	http://example.org/Thorin
http://dbpedia.org/resource/Hogwarts	http://example.org/contains_relation	http://example.org/Hogwarts
http://example.org/from	http://example.org/pobj	http://example.org/creation
http://dbpedia.org/resource/Wizardry	http://example.org/contains_relation	http://example.org/Wizardry_series
http://example.org/in	http://example.org/pobj	http://example.org/Potter
http://dbpedia.org/resource/Samwise_Gamgee	http://example.org/contains_relation	http://example.org/prevent
http://example.org/change	http://example.org/nsubj	http://example.org/characters
http://example.org/to	http://example.org/pobj	http://example.org/Mockingbird
http://dbpedia.org/resource/The_Shire	http://example.org/contains_relation	http://example.org/Oxfordshire
http://dbpedia.org/resource/John_Green	http://dbpedia.org/property/align	http://example.org/right
http://example.org/With	http://example.org/pobj	http://example.org/total
http://dbpedia.org/resource/Elizabeth_Bennet	http://dbpedia.org/property/relatives	http://example.org/Lady_Anne_Darcy
http://example.org/May_19%2C_2020	http://example.org/label	May 19, 2020
http://example.org/ten	http://example.org/label	ten
http://dbpedia.org/resource/George_Orwell	http://example.org/contains_relation	http://example.org/at
http://example.org/was	http://example.org/nsubj	http://example.org/Capote
http://example.org/from	http://example.org/pobj	http://example.org/edition
http://dbpedia.org/resource/Hogwarts	http://example.org/contains_relation	http://example.org/Scotland
http://dbpedia.org/resource/Wizardry	http://dbpedia.org/property/spinoffs	http://example.org/Tale_of_the_Forsaken_Land
http://dbpedia.org/resource/Alabama	http://www.w3.org/2000/01/rdf-schema#label	http://example.org/Alabama
http://example.org/chronicle	http://example.org/nsubj	http://example.org/novels
http://dbpedia.org/resource/J._R._R._Tolkien	http://dbpedia.org/property/m	http://example.org/no
http://dbpedia.org/resource/Samwise_Gamgee	http://example.org/contains_relation	http://example.org/Hobbiton
http://dbpedia.org/resource/Samwise_Gamgee	http://example.org/contains_relation	http://example.org/The_Grey_Havens
http://example.org/Harry_Potter_and_the_Order_of_the_Phoenix_%28Harry_Potter%2C_%235%29	http://example.org/contains_relation	http://example.org/holidays
http://dbpedia.org/resource/Smaug	http://example.org/contains_relation	http://example.org/say
http://dbpedia.org/resource/The_Chronicles_of_Narnia	http://dbpedia.org/property/books	http://example.org/The_Last_Battle
http://example.org/Baggins	http://example.org/appos	http://example.org/hobbit
http://dbpedia.org/resource/John_Green	http://example.org/contains_relation	http://example.org/brother
http://dbpedia.org/resource/Regency_era	http://example.org/contains_relation	http://example.org/appointed
http://dbpedia.org/resource/Smaug	http://example.org/contains_relation	http://example.org/text-indent%3A1em%3B
http://example.org/1966	http://example.org/label	1966
http://dbpedia.org/resource/Gondor	http://dbpedia.org/property/blankData	http://example.org/Northwest_Middle-earth
http://example.org/was	http://example.org/attr	http://example.org/basis
http://dbpedia.org/resource/Alabama	http://example.org/contains_relation	http://example.org/33.0
http://dbpedia.org/resource/Gandalf	http://example.org/contains_relation	http://example.org/on
http://example.org/on	http://example.org/pobj	http://example.org/role
http://example.org/comedy	http://example.org/have	http://example.org/meaning
http://dbpedia.org/resource/Regency_era	http://dbpedia.org/property/leaders	http://example.org/George%2C_Prince_Regent
http://dbpedia.org/resource/Nazi_Germany	http://dbpedia.org/ontology/wikiPageID	http://example.org/21212
http://dbpedia.org/resource/The_Hobbit	http://example.org/contains_relation	http://example.org/wits
http://dbpedia.org/resource/The_Hobbit	http://example.org/contains_relation	http://example.org/High_fantasy
http://example.org/with	http://example.org/pobj	http://example.org/restoration
http://example.org/voted	http://example.org/dobj	http://example.org/character
http://example.org/noted	http://example.org/nsubjpass	http://example.org/knowledge
http://example.org/explore	http://example.org/dobj	http://example.org/dependence
http://example.org/for	http://example.org/pobj	http://example.org/ourselves
http://example.org/increasing	http://example.org/conj	http://example.org/Act
http://example.org/surrendered	http://example.org/nsubj	http://example.org/Capitol
http://example.org/Gandalf	http://example.org/conj	http://example.org/hobbit
http://example.org/hair	http://example.org/conj	http://example.org/mustache
http://example.org/in	http://example.org/pobj	http://example.org/tales
http://dbpedia.org/resource/Harper_Lee	http://example.org/contains_relation	http://example.org/from
http://example.org/1120108747	http://example.org/label	1120108747
http://dbpedia.org/resource/John_Green	http://example.org/contains_relation	http://example.org/with
http://dbpedia.org/resource/Smaug	http://example.org/contains_relation	http://example.org/Peter_Jackson%27s
http://dbpedia.org/resource/Regency_era	http://example.org/contains_relation	http://example.org/Massacre
http://example.org/as	http://example.org/pobj	http://example.org/Service
http://example.org/the_last_25_years_or_so	http://example.org/label	the last 25 years or so
http://dbpedia.org/resource/Harper_Lee	http://dbpedia.org/property/notableworks	http://example.org/
http://example.org/is	http://example.org/nsubj	http://example.org/Twilight
http://example.org/is	http://example.org/nsubj	http://example.org/collateral
http://dbpedia.org/resource/Legolas	http://example.org/contains_relation	http://example.org/Elvish
http://example.org/followed	http://example.org/nsubj	http://example.org/editions
http://example.org/surpassed	http://example.org/nsubj	http://example.org/Spring
http://dbpedia.org/resource/Regency_era	http://example.org/contains_relation	http://example.org/Year
http://example.org/New_York_University	http://example.org/label	New York University
http://example.org/John	http://example.org/label	John
http://example.org/of	http://example.org/pobj	http://example.org/Victoria
http://dbpedia.org/resource/The_Shire	http://example.org/contains_relation	http://example.org/Hobbit
http://example.org/from	http://example.org/pobj	http://example.org/name
http://example.org/named	http://example.org/oprd	http://example.org/Smaug
http://dbpedia.org/resource/The_Two_Towers	http://example.org/contains_relation	http://example.org/PR6039.O32_L6_1954%2C_v.2
http://example.org/be	http://example.org/attr	http://example.org/party
http://example.org/Lord	http://example.org/tells_of	http://example.org/quest
http://dbpedia.org/resource/George_Orwell	http://example.org/contains_relation	http://example.org/Q3335
http://example.org/Merry_Brandybuck	http://example.org/label	Merry Brandybuck
http://dbpedia.org/resource/Gondor	http://example.org/contains_relation	http://example.org/Coat
http://dbpedia.org/resource/Character_class	http://example.org/contains_relation	http://example.org/subdivide
http://example.org/encompasses	http://example.org/nsubj	http://example.org/legacy
http://dbpedia.org/resource/Young_adult_fiction	http://example.org/contains_relation	http://example.org/are
http://example.org/saw	http://example.org/nsubj	http://example.org/it
http://example.org/is	http://example.org/nsubj	http://example.org/narrative
http://dbpedia.org/resource/Bilbo_Baggins	http://dbpedia.org/property/family	http://example.org/Bungo_Baggins
http://dbpedia.org/resource/Elizabeth_Bennet	http://example.org/contains_relation	http://example.org/Bennet
http://example.org/for	http://example.org/pobj	http://example.org/radio
http://example.org/1930.0	http://example.org/label	1930.0
http://dbpedia.org/resource/Regency_era	http://example.org/contains_relation	http://example.org/state
http://example.org/reached	http://example.org/nsubj	http://example.org/Balrog
http://example.org/Hollywood	http://example.org/label	Hollywood
http://example.org/in	http://example.org/pobj	http://example.org/history
http://example.org/in	http://example.org/pobj	http://example.org/research
http://example.org/Roman_consul_XII	http://example.org/label	Roman consul XII
http://dbpedia.org/resource/Academy_Awards	http://example.org/contains_relation	http://example.org/by
http://dbpedia.org/resource/Animal_Farm	http://example.org/contains_relation	http://example.org/United_Kingdom
http://dbpedia.org/resource/Stalinism	http://example.org/contains_relation	http://example.org/by
http://example.org/into	http://example.org/pobj	http://example.org/trap
http://dbpedia.org/resource/Gandalf	http://example.org/contains_relation	http://example.org/The_Fellowship_of_the_Ring
http://dbpedia.org/resource/Hermione_Granger	http://example.org/contains_relation	http://example.org/by
http://example.org/introduce	http://example.org/nsubj	http://example.org/chapters
http://dbpedia.org/resource/Twilight	http://example.org/contains_relation	http://example.org/to
http://dbpedia.org/resource/Gondor	http://example.org/contains_relation	http://example.org/modelled
http://example.org/Witchcraft	http://example.org/conj	http://example.org/Wizardry
http://dbpedia.org/resource/Pride	http://example.org/contains_relation	http://example.org/self
http://dbpedia.org/resource/The_Hobbit	http://example.org/contains_relation	http://example.org/
http://dbpedia.org/resource/Smaug	http://example.org/contains_relation	http://example.org/Tolkien
http://dbpedia.org/resource/Hermione_Granger	http://example.org/contains_relation	http://example.org/resembles
http://dbpedia.org/resource/Samwise_Gamgee	http://example.org/contains_relation	http://example.org/returned
http://example.org/Journeys	http://example.org/ask_for	http://example.org/what
http://example.org/in	http://example.org/pobj	http://example.org/Hobbit
http://dbpedia.org/resource/Gandalf	http://example.org/contains_relation	http://example.org/Without
http://dbpedia.org/resource/North_America	http://example.org/contains_relation	http://example.org/bordered
http://dbpedia.org/resource/Samwise_Gamgee	http://example.org/contains_relation	http://example.org/Ring-bearer
http://example.org/The_Book_Thief	http://example.org/contains_relation	http://example.org/Zusak
http://dbpedia.org/resource/Nazi_Germany	http://example.org/contains_relation	http://example.org/Europe
http://example.org/of	http://example.org/pobj	http://example.org/pig
http://example.org/Logo	http://example.org/label	Logo
http://example.org/of	http://example.org/pobj	http://example.org/realm
http://dbpedia.org/resource/Augustus	http://dbpedia.org/property/spouse	http://example.org/
http://dbpedia.org/resource/Samwise_Gamgee	http://example.org/contains_relation	http://example.org/is
http://dbpedia.org/resource/The_Hunger_Games	http://dbpedia.org/property/books	http://example.org/
http://dbpedia.org/resource/Gondor	http://example.org/contains_relation	http://example.org/third
http://example.org/the_Apple_II	http://example.org/label	the Apple II
http://example.org/for	http://example.org/pobj	http://example.org/character
http://example.org/reflecting	http://example.org/dobj	http://example.org/concept
http://example.org/On	http://example.org/pobj	http://example.org/return
http://dbpedia.org/resource/Stalinism	http://example.org/contains_relation	http://example.org/cult
http://example.org/in	http://example.org/pobj	http://example.org/form
http://dbpedia.org/resource/Gondor	http://example.org/contains_relation	http://example.org/as
http://example.org/of	http://example.org/pobj	http://example.org/People
http://dbpedia.org/resource/Animal_Farm	http://example.org/contains_relation	http://example.org/First_edition_cover
http://example.org/526237	http://example.org/label	526237
http://dbpedia.org/resource/Markus_Zusak	http://dbpedia.org/property/spouse	http://example.org/Mika_Zusak
http://dbpedia.org/resource/Smaug	http://example.org/contains_relation	http://example.org/one
http://dbpedia.org/resource/Gandalf	http://example.org/contains_relation	http://example.org/The_Hobbit
http://example.org/by	http://example.org/pobj	http://example.org/enemies
http://example.org/Compassionate	http://example.org/takes_to	http://example.org/innocence
http://example.org/as	http://example.org/pobj	http://example.org/sidekick
http://example.org/wounded	http://example.org/nsubjpass	http://example.org/Frodo
http://dbpedia.org/resource/Harry_Potter	http://example.org/contains_relation	http://example.org/Granger
http://example.org/September_1973	http://example.org/label	September 1973
http://dbpedia.org/resource/Pauline_Baynes	http://example.org/contains_relation	http://example.org/2008-08-01
http://example.org/Emma_Watson	http://example.org/label	Emma Watson
http://example.org/vertical	http://example.org/label	vertical
http://example.org/The_Chronicles_of_Narnia	http://example.org/label	The Chronicles of Narnia
http://dbpedia.org/resource/To_Kill_a_Mockingbird	http://example.org/contains_relation	http://example.org/%E2%80%94Lee_Smith
http://dbpedia.org/resource/Smaug	http://example.org/contains_relation	http://example.org/Bilbo
http://dbpedia.org/resource/Academy_Awards	http://example.org/contains_relation	http://example.org/Academy
http://example.org/mean	http://example.org/nsubj	http://example.org/I
http://dbpedia.org/resource/Nazi_Germany	http://dbpedia.org/property/statPop	http://example.org/109518183
http://dbpedia.org/resource/The_Shire	http://example.org/contains_relation	http://example.org/four
http://example.org/of	http://example.org/pobj	http://example.org/readers
http://example.org/Execute	http://example.org/dobj	http://example.org/letter
http://example.org/in	http://example.org/pobj	http://example.org/April
http://example.org/needed	http://example.org/dobj	http://example.org/industry
http://dbpedia.org/resource/Twilight	http://example.org/contains_relation	http://example.org/beneath
http://example.org/18_July_1817	http://example.org/label	18 July 1817
http://example.org/within	http://example.org/pobj	http://example.org/Hemisphere
http://example.org/cult	http://example.org/conj	http://example.org/subordination
http://dbpedia.org/resource/Academy_Awards	http://www.w3.org/2000/01/rdf-schema#label	http://example.org/Academy_Awards
http://dbpedia.org/resource/George_Orwell	http://example.org/contains_relation	http://example.org/Eric_Blair
http://example.org/Livia	http://example.org/label	Livia
http://example.org/the_Order_of_the_Phoenix	http://example.org/label	the Order of the Phoenix
http://dbpedia.org/resource/Bilbo_Baggins	http://example.org/contains_relation	http://example.org/towards
http://dbpedia.org/resource/Character_class	http://example.org/contains_relation	http://example.org/for
http://dbpedia.org/resource/Gondor	http://dbpedia.org/property/altName	http://example.org/The_South-kingdom
http://dbpedia.org/resource/Character_class	http://example.org/contains_relation	http://example.org/14805
http://dbpedia.org/resource/Alabama	http://example.org/contains_relation	http://example.org/the_United_States
http://dbpedia.org/resource/Suzanne_Collins	http://example.org/contains_relation	http://example.org/The_Underland_Chronicles
http://dbpedia.org/resource/The_Hunger_Games	http://example.org/contains_relation	http://example.org/of
http://example.org/become	http://example.org/attr	http://example.org/classic
http://dbpedia.org/resource/Augustus	http://example.org/contains_relation	http://example.org/for
http://example.org/see	http://example.org/dobj	http://example.org/age
http://example.org/Sindar_Elf	http://example.org/label	Sindar Elf
http://dbpedia.org/resource/Samwise_Gamgee	http://example.org/contains_relation	http://example.org/of
http://example.org/are	http://example.org/nsubj	http://example.org/He
http://example.org/Arts	http://example.org/appos	http://example.org/AMPAS
http://dbpedia.org/resource/Frodo_Baggins	http://dbpedia.org/property/last	http://example.org/Bilbo%27s_Last_Song
http://dbpedia.org/resource/Young_adult_fiction	http://example.org/contains_relation	http://example.org/developed
http://dbpedia.org/resource/John_Green	http://example.org/contains_relation	http://example.org/
http://example.org/describes	http://example.org/dobj	http://example.org/Smaug
http://example.org/requires	http://example.org/nsubj	http://example.org/which
http://dbpedia.org/resource/The_Two_Towers	http://www.w3.org/2000/01/rdf-schema#label	http://example.org/The_Two_Towers
http://dbpedia.org/resource/Harper_Lee	http://dbpedia.org/property/name	http://example.org/Harper_Lee
http://example.org/background	http://example.org/conj	http://example.org/standing
http://example.org/for	http://example.org/pobj	http://example.org/twilight
http://dbpedia.org/resource/John_Green	http://dbpedia.org/property/birthName	http://example.org/John_Michael_Green
http://dbpedia.org/resource/Gandalf	http://example.org/contains_relation	http://example.org/came
http://example.org/Los_Angeles_with_Mount_Baldy.jpg	http://example.org/label	Los Angeles with Mount Baldy.jpg
http://example.org/archetypes	http://example.org/conj	http://example.org/careers
http://dbpedia.org/resource/Pauline_Baynes	http://example.org/contains_relation	http://example.org/C._S._Lewis%27s
http://example.org/JRR_Tolkien	http://example.org/label	JRR Tolkien
http://example.org/by	http://example.org/pobj	http://example.org/Wars
http://example.org/Katniss	http://example.org/been	http://example.org/close
http://dbpedia.org/resource/To_Kill_a_Mockingbird	http://example.org/contains_relation	http://example.org/the_Pulitzer_Prize
http://dbpedia.org/resource/Bilbo_Baggins	http://example.org/contains_relation	http://example.org/32715
http://example.org/fiction	http://example.org/appos	http://example.org/YA
http://dbpedia.org/resource/Hermione_Granger	http://dbpedia.org/property/voice	http://example.org/
http://example.org/refinement	http://example.org/conj	http://example.org/culture
http://example.org/in	http://example.org/pobj	http://example.org/Horse
http://example.org/in	http://example.org/pobj	http://example.org/camps
http://example.org/noted	http://example.org/nsubj	http://example.org/Philosophers
http://dbpedia.org/resource/Smaug	http://example.org/contains_relation	http://example.org/noted
http://example.org/of	http://example.org/pobj	http://example.org/group
http://example.org/the_Carnegie_Medal	http://example.org/label	the Carnegie Medal
http://dbpedia.org/resource/Animal_Farm	http://dbpedia.org/property/caption	http://example.org/First_edition_cover
http://example.org/Eric_Blair	http://example.org/label	Eric Blair
http://example.org/Dekulakization	http://example.org/label	Dekulakization
http://example.org/become	http://example.org/attr	http://example.org/member
http://dbpedia.org/resource/Stalinism	http://example.org/contains_relation	http://example.org/Europe
http://dbpedia.org/resource/Elizabeth_Bennet	http://dbpedia.org/property/relatives	http://example.org/Lydia_Bennet
http://example.org/seek	http://example.org/dobj	http://example.org/revenge
http://dbpedia.org/resource/The_Chronicles_of_Narnia	http://dbpedia.org/property/books	http://example.org/The_Horse_and_His_Boy
http://example.org/was	http://example.org/attr	http://example.org/state
http://example.org/under	http://example.org/pobj	http://example.org/dictatorship
http://dbpedia.org/resource/Gandalf	http://example.org/contains_relation	http://example.org/we
http://example.org/32715	http://example.org/label	32715
http://example.org/in	http://example.org/pobj	http://example.org/novel
http://example.org/World_War_II	http://example.org/label	World War II
http://dbpedia.org/resource/The_Shire	http://example.org/contains_relation	http://example.org/Region
http://example.org/2	http://example.org/label	2
http://dbpedia.org/resource/The_Hobbit	http://example.org/contains_relation	http://example.org/second
http://example.org/Pride_and_Prejudice	http://example.org/title	Pride and Prejudice
http://example.org/of	http://example.org/pobj	http://example.org/IV
http://example.org/illuminates	http://example.org/dobj	http://example.org/atmosphere
http://dbpedia.org/resource/Harry_Potter	http://example.org/contains_relation	http://example.org/wizard
http://example.org/status	http://example.org/conj	http://example.org/accomplishments
http://dbpedia.org/resource/George_Orwell	http://dbpedia.org/property/align	http://example.org/right
http://dbpedia.org/resource/John_Green	http://dbpedia.org/property/image	http://example.org/Esther_Earl_-_Nerdfighter_salute.jpg
http://example.org/irreverent	http://example.org/is	http://example.org/work
http://dbpedia.org/resource/North_America	http://example.org/contains_relation	http://example.org/Chicago-00.jpg
http://dbpedia.org/resource/Young_adult_fiction	http://example.org/contains_relation	http://example.org/on
http://dbpedia.org/resource/Jane_Austen	http://example.org/contains_relation	http://example.org/Jane_Austen
http://example.org/with	http://example.org/pobj	http://example.org/peace
http://example.org/J._R._R._Tolkien	http://example.org/label	J. R. R. Tolkien
http://dbpedia.org/resource/Character_class	http://example.org/contains_relation	http://example.org/employ
http://dbpedia.org/resource/Gandalf	http://dbpedia.org/property/weapon	http://example.org/Wizard_staff
http://dbpedia.org/resource/Harper_Lee	http://dbpedia.org/property/float	http://example.org/right
http://dbpedia.org/resource/Hermione_Granger	http://example.org/contains_relation	http://example.org/Signature
http://example.org/against	http://example.org/pobj	http://example.org/background
http://example.org/as	http://example.org/pobj	http://example.org/journey
http://dbpedia.org/resource/Alabama	http://xmlns.com/foaf/0.1/name	http://example.org/State_of_Alabama
http://example.org/include	http://example.org/dobj	http://example.org/friendship
http://dbpedia.org/resource/Markus_Zusak	http://dbpedia.org/property/period	http://example.org/1999
http://example.org/Valinor	http://example.org/label	Valinor
http://dbpedia.org/resource/Nazi_Germany	http://example.org/contains_relation	http://example.org/79375281
http://example.org/Harry_Potter_and_the_Order_of_the_Phoenix_%28Harry_Potter%2C_%235%29	http://example.org/contains_relation	http://example.org/summer
http://example.org/schools	http://example.org/conj	http://example.org/schools
http://dbpedia.org/resource/North_America	http://example.org/contains_relation	http://example.org/North_america_basement_rocks.png
http://example.org/as	http://example.org/pobj	http://example.org/novels
http://dbpedia.org/resource/Harper_Lee	http://example.org/contains_relation	http://example.org/including
http://example.org/as	http://example.org/pobj	http://example.org/classes
http://dbpedia.org/resource/Pride	http://example.org/contains_relation	http://example.org/pride
http://example.org/of	http://example.org/pobj	http://example.org/courthouse
http://example.org/Harry	http://example.org/conj	http://example.org/Ron
http://example.org/at	http://example.org/pobj	http://example.org/time
http://example.org/including	http://example.org/pobj	http://example.org/those
http://example.org/with	http://example.org/pobj	http://example.org/hubris
http://dbpedia.org/resource/The_Hobbit	http://example.org/contains_relation	http://example.org/successor
http://example.org/eaten	http://example.org/dobj	http://example.org/people
http://example.org/Greater_German_Reich	http://example.org/label	Greater German Reich
http://dbpedia.org/resource/Nazi_Germany	http://example.org/contains_relation	http://example.org/drives
http://example.org/purposes	http://example.org/conj	http://example.org/weapons
http://dbpedia.org/resource/The_Hobbit	http://example.org/contains_relation	http://example.org/30292
http://example.org/the_War_of_the_Ring	http://example.org/label	the War of the Ring
http://dbpedia.org/resource/George_Orwell	http://example.org/contains_relation	http://example.org/with
http://example.org/Roturn_King-Minas_Tirith.jpg	http://example.org/label	Roturn King-Minas Tirith.jpg
http://dbpedia.org/resource/The_Two_Towers	http://example.org/contains_relation	http://example.org/936070
http://example.org/on	http://example.org/pobj	http://example.org/them
http://example.org/Sauron	http://example.org/label	Sauron
http://example.org/sculpted	http://example.org/nsubjpass	http://example.org/statuette
http://example.org/late_1810	http://example.org/label	late 1810
http://dbpedia.org/resource/Hermione_Granger	http://dbpedia.org/property/lbl	http://example.org/Born
http://example.org/through	http://example.org/pobj	http://example.org/interaction
http://dbpedia.org/resource/George_Orwell	http://example.org/contains_relation	http://example.org/prose
http://dbpedia.org/resource/Character_class	http://example.org/contains_relation	http://example.org/during
http://dbpedia.org/resource/Wizardry	http://example.org/contains_relation	http://example.org/for
http://dbpedia.org/resource/Gandalf	http://example.org/contains_relation	http://example.org/fell
http://dbpedia.org/resource/Pride	http://dbpedia.org/property/commons	http://example.org/yes
http://dbpedia.org/resource/Regency_era	http://dbpedia.org/property/name	http://example.org/Regency_era
http://dbpedia.org/resource/The_Two_Towers	http://example.org/contains_relation	http://example.org/The_Lord_of_the_Rings
http://dbpedia.org/resource/Jane_Austen	http://dbpedia.org/property/float	http://example.org/left
http://example.org/is	http://example.org/nsubj	http://example.org/class
http://dbpedia.org/resource/Hogwarts	http://example.org/contains_relation	http://example.org/Gold
http://example.org/Nazi_Germany	http://example.org/label	Nazi Germany
http://dbpedia.org/resource/John_Green	http://dbpedia.org/property/name	http://example.org/John_Green
http://dbpedia.org/resource/Augustus	http://dbpedia.org/property/title	http://example.org/Roman_consul_XII
http://example.org/The_Underland_Chronicles	http://example.org/label	The Underland Chronicles
http://example.org/refers	http://example.org/nsubj	http://example.org/pride
http://dbpedia.org/resource/Animal_Farm	http://example.org/contains_relation	http://example.org/of
http://dbpedia.org/resource/The_Hunger_Games	http://example.org/contains_relation	http://example.org/English
http://example.org/was	http://example.org/nsubj	http://example.org/FRSL
http://example.org/below	http://example.org/pobj	http://example.org/horizon
http://dbpedia.org/resource/Hermione_Granger	http://example.org/contains_relation	http://example.org/Hogwarts
http://example.org/policies	http://example.org/appos	http://example.org/policies
http://dbpedia.org/resource/Stalinism	http://example.org/contains_relation	http://example.org/begin
http://example.org/The_Chronicles_of_Narnia_%28The_Chronicles_of_Narnia%2C_%231-7%29	http://example.org/contains_relation	http://example.org/result
http://dbpedia.org/resource/Nazi_Germany	http://www.w3.org/2003/01/geo/wgs84_pos#lat	http://example.org/52.51666641235352
http://example.org/Am	http://example.org/attr	http://example.org/Messenger
http://dbpedia.org/resource/Gandalf	http://example.org/contains_relation	http://example.org/V%C3%A4in%C3%A4m%C3%B6inen
http://dbpedia.org/resource/The_Two_Towers	http://dbpedia.org/ontology/wikiPageID	http://example.org/63750
http://dbpedia.org/resource/Gandalf	http://example.org/contains_relation	http://example.org/destroy
http://example.org/Without	http://example.org/pobj	http://example.org/Summer
http://example.org/set	http://example.org/nsubjpass	http://example.org/Hobbit
http://dbpedia.org/resource/Animal_Farm	http://example.org/contains_relation	http://example.org/named
http://dbpedia.org/resource/North_America	http://dbpedia.org/property/header	http://example.org/North_American_cities
http://dbpedia.org/resource/Alabama	http://example.org/contains_relation	http://example.org/by
http://dbpedia.org/resource/Nazi_Germany	http://example.org/contains_relation	http://example.org/transforming
http://dbpedia.org/resource/Jane_Austen	http://example.org/contains_relation	http://example.org/Winchester_Cathedral%2C_Hampshire
http://dbpedia.org/resource/To_Kill_a_Mockingbird	http://example.org/contains_relation	http://example.org/Claudia_Johnson
http://example.org/as	http://example.org/pobj	http://example.org/gulags
http://example.org/Harry	http://example.org/had	http://example.org/enough
http://example.org/with	http://example.org/pobj	http://example.org/buildings
http://example.org/of	http://example.org/pobj	http://example.org/Hogwarts
http://example.org/raised	http://example.org/nsubj	http://example.org/It
http://dbpedia.org/resource/Pride	http://example.org/contains_relation	http://example.org/by
http://example.org/1%2C500_miles	http://example.org/label	1,500 miles
http://example.org/63634	http://example.org/label	63634
http://dbpedia.org/resource/The_Hobbit	http://example.org/contains_relation	http://example.org/growth
http://dbpedia.org/resource/The_Hobbit	http://example.org/contains_relation	http://example.org/within
http://example.org/with	http://example.org/pobj	http://example.org/abilities
http://example.org/through	http://example.org/pobj	http://example.org/eyes
http://dbpedia.org/resource/To_Kill_a_Mockingbird	http://dbpedia.org/property/source	http://example.org/%E2%80%94Lee_Smith
http://dbpedia.org/resource/Stalinism	http://example.org/contains_relation	http://example.org/Execute
http://example.org/for	http://example.org/pobj	http://example.org/lifetime
http://example.org/from	http://example.org/pobj	http://example.org/conflict
http://example.org/from	http://example.org/pobj	http://example.org/drawing
http://dbpedia.org/resource/Regency_era	http://example.org/contains_relation	http://example.org/1820
http://dbpedia.org/resource/Harper_Lee	http://example.org/contains_relation	http://example.org/awarded
http://example.org/Maroon	http://example.org/label	Maroon
http://example.org/on	http://example.org/pobj	http://example.org/sides
http://example.org/announced	http://example.org/nsubj	http://example.org/Amazon
http://dbpedia.org/resource/Bilbo_Baggins	http://example.org/contains_relation	http://example.org/Bilbo_Baggins
http://dbpedia.org/resource/Twilight	http://example.org/contains_relation	http://example.org/becomes
http://dbpedia.org/resource/Nazi_Germany	http://dbpedia.org/property/statPop	http://example.org/79375281
http://dbpedia.org/resource/Harry_Potter	http://dbpedia.org/property/books	http://example.org/Prisoner_of_Azkaban
http://dbpedia.org/resource/J._R._R._Tolkien	http://dbpedia.org/property/author	http://example.org/yes
http://example.org/recall	http://example.org/conj	http://example.org/knowledge
http://dbpedia.org/resource/Nazi_Germany	http://example.org/contains_relation	http://example.org/1940
http://dbpedia.org/resource/Elizabeth_Bennet	http://example.org/contains_relation	http://example.org/Elizabeth%2C_Mrs_Darcy
http://dbpedia.org/resource/George_Orwell	http://example.org/contains_relation	http://example.org/England
http://example.org/of	http://example.org/pobj	http://example.org/poverty
http://example.org/horizontal	http://example.org/label	horizontal
http://example.org/by	http://example.org/pobj	http://example.org/force
http://example.org/seen	http://example.org/nsubjpass	http://example.org/Hills
http://dbpedia.org/resource/The_Hunger_Games	http://example.org/contains_relation	http://example.org/as
http://dbpedia.org/resource/Smaug	http://example.org/contains_relation	http://example.org/identified
http://example.org/is	http://example.org/attr	http://example.org/region
http://dbpedia.org/resource/John_Green	http://example.org/contains_relation	http://example.org/right
http://dbpedia.org/resource/Samwise_Gamgee	http://example.org/contains_relation	http://example.org/as
http://dbpedia.org/resource/Pride	http://example.org/contains_relation	http://example.org/11%3A2
http://example.org/in	http://example.org/pobj	http://example.org/battle
http://dbpedia.org/resource/The_Chronicles_of_Narnia	http://dbpedia.org/property/country	http://example.org/United_Kingdom
http://example.org/Empire	http://example.org/conj	http://example.org/Empire
http://dbpedia.org/resource/Smaug	http://example.org/contains_relation	http://example.org/among
http://example.org/wit	http://example.org/appos	http://example.org/recall
http://example.org/brother	http://example.org/appos	http://example.org/Green
http://dbpedia.org/resource/George_Orwell	http://example.org/contains_relation	http://example.org/was
http://example.org/Twilight	http://example.org/is	http://example.org/seductive
http://example.org/accolades	http://example.org/conj	http://example.org/degrees
http://example.org/today	http://example.org/label	today
http://dbpedia.org/resource/Harry_Potter	http://www.w3.org/1999/02/22-rdf-syntax-ns#type	http://example.org/Entity
http://example.org/confidence	http://example.org/conj	http://example.org/satisfaction
http://example.org/Harper_Lee_signature.svg	http://example.org/label	Harper Lee signature.svg
http://dbpedia.org/resource/Augustus	http://dbpedia.org/property/issue	http://example.org/
http://dbpedia.org/resource/Markus_Zusak	http://dbpedia.org/ontology/activeYearsStartYear	http://example.org/1999
http://example.org/J.R.R._Tolkien_4-Book_Boxed_Set%3A_The_Hobbit_and_The_Lord_of_the_Rings	http://example.org/title	J.R.R. Tolkien 4-Book Boxed Set: The Hobbit and The Lord of the Rings
http://dbpedia.org/resource/The_Two_Towers	http://dbpedia.org/property/pages	http://example.org/352
http://example.org/by	http://example.org/pobj	http://example.org/atheism
http://dbpedia.org/resource/To_Kill_a_Mockingbird	http://example.org/contains_relation	http://example.org/from
http://example.org/is	http://example.org/nsubj	http://example.org/universe
http://dbpedia.org/resource/Pride	http://example.org/contains_relation	http://example.org/the_Hebrew_Bible
http://dbpedia.org/resource/Harper_Lee	http://example.org/contains_relation	http://example.org/Monroeville%2C_Alabama%2C_U.S.
http://example.org/line	http://example.org/nsubj	http://example.org/buildings
http://dbpedia.org/resource/Gondor	http://example.org/contains_relation	http://example.org/In
http://dbpedia.org/resource/Frodo_Baggins	http://example.org/contains_relation	http://example.org/Frodo
http://dbpedia.org/resource/Regency_era	http://example.org/contains_relation	http://example.org/the_Prince_Regent
http://dbpedia.org/resource/The_Shire	http://example.org/contains_relation	http://example.org/landscapes
http://example.org/Tale_of_the_Forsaken_Land	http://example.org/label	Tale of the Forsaken Land
http://dbpedia.org/resource/Harper_Lee	http://example.org/contains_relation	http://example.org/to
http://dbpedia.org/resource/Smaug	http://example.org/contains_relation	http://example.org/150_years
http://example.org/of	http://example.org/pobj	http://example.org/history
http://dbpedia.org/resource/J._R._R._Tolkien	http://www.w3.org/1999/02/22-rdf-syntax-ns#type	http://example.org/Entity
http://example.org/brought	http://example.org/dobj	http://example.org/them
http://example.org/Bachelors	http://example.org/conj	http://example.org/diploma
http://dbpedia.org/resource/The_Hunger_Games	http://example.org/contains_relation	http://example.org/against
http://example.org/John_Francis	http://example.org/label	John Francis
http://dbpedia.org/resource/The_Hunger_Games	http://example.org/contains_relation	http://example.org/more_than_65_million
http://dbpedia.org/resource/The_Hunger_Games	http://example.org/contains_relation	http://example.org/Songbirds
http://dbpedia.org/resource/Augustus	http://example.org/contains_relation	http://example.org/Caesar_Augustus
http://dbpedia.org/resource/North_America	http://example.org/contains_relation	http://example.org/the_Pacific_Ocean
http://example.org/scales	http://example.org/conj	http://example.org/gems
http://example.org/Twilight_%28The_Twilight_Saga%2C_%231%29	http://example.org/contains_relation	http://example.org/part
http://example.org/Byron	http://example.org/conj	http://example.org/Constable
http://example.org/against	http://example.org/pobj	http://example.org/farmer
http://dbpedia.org/resource/Harry_Potter	http://example.org/contains_relation	http://example.org/at
http://example.org/America	http://example.org/conj	http://example.org/Sea
http://example.org/the_Industrial_Revolution	http://example.org/label	the Industrial Revolution
http://dbpedia.org/resource/Frodo_Baggins	http://example.org/contains_relation	http://example.org/Bilbo_Baggins
http://example.org/Europe	http://example.org/label	Europe
http://example.org/illustration	http://example.org/appos	http://example.org/End
